device,latency,packet_loss,cpu,memory,bandwidth,interface_errors,traffic
R1,31.137896829563765,0.7625847158550235,45.639079262297855,45.43425700350306,41.35603046628667,1,53.58715930678136
R2,27.880010583821996,0.8021676639496027,31.472413032471906,58.696471068364076,51.52529385556553,0,81.98928875942975
R3,20.010050828296592,0.6156495903031342,43.50325634956292,59.75187401128194,61.02813186088565,1,90.98628190050198
R4,25.7685877808798,0.4332553270293297,32.16793851084718,47.63736798637808,54.5276333855266,1,54.40157268623207
R1,16.53216118330718,0.8916454007287766,54.5013924616578,51.478548366052955,65.0734979744441,1,61.006106345300196
R2,32.411484120849664,0.46741441357996294,32.55898508466607,51.10668238261144,48.60217967342932,0,53.83593652478361
R3,21.08023167366058,0.8421907780990182,54.894772739169156,62.30642517401276,64.60880289081251,1,80.97177065932789
R4,21.27130888283017,0.2779780807567248,58.99608892153105,68.02954068827427,67.40311337575365,2,66.66266684883985
R1,31.3584401838308,0.6645890638340678,38.1432493011653,43.7198440146276,30.54540715763133,2,42.25854326456195
R2,23.269789056158967,0.22690726819991058,43.50235244197461,45.59450264342938,59.323420852130084,2,98.55679729820717
R3,23.404934340047923,0.955099897644038,54.68620459893938,55.62653475777846,40.48344752603902,2,42.085270455193914
R4,22.411646424568517,0.03430828301545996,57.42655979025433,42.15556455710366,35.502486847763514,1,75.4901177794427
R1,18.70038790559667,0.7710119180646349,44.31067233861657,51.61946155362173,67.08308410343518,0,53.452768359586074
R2,20.096491439314278,0.23463024078856243,56.54468238363066,64.7064965974874,64.31198742645476,0,75.62220634940013
R3,18.998813590295185,0.9431035624613023,32.14056143520531,68.25943958581647,34.770641051873376,2,94.03189642230032
R4,32.551128804031606,0.025475864572464757,47.68633207277168,47.80189933708557,57.593326125369614,1,79.90254245237367
R1,26.01129665376804,0.6153337344269999,45.24873352089053,56.1013893585486,42.78425013726446,2,41.1156723307169
R2,22.06743669745778,0.3390351551820938,31.344264322318573,69.611487009386,66.49717322944407,1,56.71172851332593
R3,24.65789807140512,0.8075663631860984,55.182375207753594,47.33556122076944,65.97604722757035,2,59.35016032919242
R4,21.87405626531045,0.6047616232600747,50.26393481143305,64.22783396068094,51.6770728426615,0,66.54936759266234
R1,19.65740664557256,0.14537897613424267,36.619306043219275,51.792728751838354,64.8188593265206,1,71.368237268345
R2,32.69518792640453,0.983935624085778,41.3227253152355,50.70150022878815,63.46566046453994,0,50.0175165156313
R3,21.81989198235159,0.9424656692913234,45.84405469323325,55.97533985835004,46.365685901335326,1,54.06738438718577
R4,26.054272038236128,0.5077437581704662,35.31605243143894,59.60387887539071,63.82076327512844,0,74.60516599714174
R1,26.61977226439244,0.9924477485539471,47.50238891489799,67.52921719493293,36.7338187222337,1,91.77461533713907
R2,19.52934845927112,0.28067428731071,37.21808607447751,69.8271596751017,40.65076134885483,0,46.22955546363838
R3,25.818177452355357,0.4702677474271786,30.440979090167904,47.19355444140078,33.28753078394175,2,65.9083326297964
R4,25.437686424939855,0.6923374331517956,33.85017488392195,57.43704638720092,51.629128554949645,1,76.76829939003822
R1,34.784018182667815,0.3462643404234814,47.73043651857327,62.93605938508992,61.49945349857112,2,85.57025989222714
R2,15.988627180220265,0.48669125398121016,42.37539784724858,43.68703989351656,64.88621113926871,0,46.05273978100534
R3,28.70542965194395,0.9596669523628282,59.03149659470314,59.357325952006725,54.488194914509485,1,56.956060243094555
R4,34.72012574272902,0.5272001281381622,40.31254375152672,58.459738034309254,48.778152762948864,2,44.13667837230354
R1,26.016135559749646,0.21436223550318279,52.732902126967545,55.60482388499269,64.75276707574122,0,98.03453331932553
R2,29.787655443649257,0.7603988714580864,35.61083569095191,63.933745993325594,60.869370076536384,2,60.6177630223475
R3,21.39936715107014,0.31919713937357885,44.05576136383327,51.24306203708498,41.38471709514175,1,73.48392823672859
R4,29.660347612310616,0.7557095922369038,48.50260719694899,44.374512626697175,43.368015886624256,0,98.11490043747577
R1,18.155253555881956,0.4000424223485186,41.03199658519335,67.44371393287142,61.67168072141469,1,86.05660968178877
R2,32.07107174957232,0.257354582360497,51.503499714758235,64.69376693028782,44.75914543430369,1,69.28313598534673
R3,16.84800176086356,0.923959778684396,48.352349090484935,53.742530030745144,40.15325656166934,0,95.39367444913447
R4,15.02284632883347,0.4496080952370205,38.75521979488649,61.17861359529538,69.61409475036764,2,91.87421209032696
R1,32.60787665085262,0.27205483557154764,38.51585945723278,61.940673154413524,48.14144317878362,2,52.439650788487825
R2,25.02340805590707,0.9416081783359818,50.87817776015142,41.00593317911819,38.70652533945933,1,69.03673367709314
R3,22.615739949025794,0.5376506169291216,43.857539161577925,64.41508850696864,52.94818744419656,0,86.27214162315904
R4,17.412592828074455,0.7537117177358793,46.62915931986463,48.35758570894086,66.33326747404223,2,99.11066906462834
R1,30.573963537215757,0.6880929372929061,47.19892185192893,59.394005464999715,66.62121378893615,1,90.25824832250882
R2,27.73166675945511,0.5002848805188851,45.890345054735285,44.063928930977106,69.64133107321737,0,60.00297832736026
R3,31.34200703297553,0.8062772364823235,39.68154712071983,47.5601141044869,67.1881874378227,2,60.93881141038948
R4,24.414062031762686,0.9226794329725106,40.54912383374297,42.60322605398613,36.42587128567329,1,45.25997666488852
R1,32.49508171157434,0.3743869699932042,36.10486306644958,56.106361202728486,49.474772628297046,2,72.53457517640187
R2,31.525748745476,0.5532127342491571,30.07762727917996,69.34323737018804,62.22270456637284,2,60.918485281353675
R3,25.14813705119016,0.2949811720519675,58.51656532669199,59.22780519393065,60.51867271163056,1,79.55360220381492
R4,28.320934924594248,0.4924875888016973,37.92470823365814,69.64022959289414,55.558615581737236,1,40.091177007786634
R1,16.45433651906494,0.9797971378543937,41.17855233921175,53.86893562448272,43.92731368514935,1,44.159849178342355
R2,34.601626399124065,0.7950848723945296,54.44258583543079,56.184567617270375,57.46533414483861,2,88.02893936219354
R3,16.247771755486475,0.6538227925700524,49.53729899930909,63.206898321593286,51.96780787916359,1,41.6101643956417
R4,15.143328202391473,0.22182476572815624,49.26844873714536,66.65343897186416,56.153771185020666,0,90.97618388812552
R1,23.364505048164954,0.05802408500355949,53.15278752798328,48.79359210809312,41.961034840472266,1,56.278829909620065
R2,18.084171987469443,0.7999215932490226,51.271785588164754,56.92045534226688,46.29390919885283,0,93.9654321187023
R3,19.613873596808382,0.5320011157462373,46.48350617577345,53.100842719268755,54.411395983877675,2,63.70564142908439
R4,26.484522681739218,0.46571172792261284,33.897466680636306,69.29767602025225,62.39533985737038,1,77.13365671290688
R1,26.891588255965313,0.0009503062281669417,46.008684105328356,41.10962723203645,36.5715936466416,2,79.94540243385745
R2,16.779399195552415,0.7997575989109514,31.394782848983215,42.533241852168494,56.023993736579705,1,94.30456023800119
R3,16.630332989687947,0.5348905658484083,43.83520439680987,50.74320799413893,42.542421213557546,0,77.13368161716102
R4,19.382106308425318,0.596796703108076,36.072453440515964,48.75606744278854,47.32271941435598,0,85.15717924263954
R1,32.24254618450273,0.19244952861064835,51.279448571335465,57.11466699419849,53.652347116084805,0,95.00798172809246
R2,19.33242762771924,0.44601320268854805,53.88444573124839,60.17424472336475,33.11459228541199,1,82.16114992566546
R3,31.584001847508713,0.13164376702373826,46.85104783102727,57.52466671522944,45.54694702454173,0,48.215733117939166
R4,25.35154466476601,0.8914806163525929,55.7967136812121,57.63156778575522,46.442451639519675,0,82.8534196179798
R1,21.606960010804773,0.0900928919148336,57.1007722521096,63.51166469474859,38.06357396837083,1,83.94017517024804
R2,21.32507234002002,0.33736086421403744,39.108335970905124,61.13944594617325,51.97540584789688,2,72.11222617668558
R3,33.657059447136334,0.9114778087359217,45.28119903869327,57.45804017320313,30.196206472214744,0,63.20752512744298
R4,23.291610546802016,0.1618205356041733,44.186015279108354,59.284279167763046,31.355803405779884,0,65.24827670683747
R1,20.427188977284846,0.1419181799349819,30.2720896414549,55.0463674744523,69.55228023474429,1,90.01905973360562
R2,19.1415021859327,0.40816035161002995,30.561245368424967,42.275017208105005,45.274496533792345,0,40.63151514150451
R3,17.686486353228787,0.7071037522613068,51.7437312993077,66.13992711414039,36.46816540340303,2,40.949496362658785
R4,18.7564266146505,0.5857080917729663,32.59274818696676,58.94753947697935,56.93738544890741,0,46.84484795165425
R1,18.749433353661843,0.7856252124869358,34.44620705340228,64.91483651895422,34.905117791329836,1,97.43751328355455
R2,23.36507319916786,0.4144306169351948,56.42373606242913,68.68580325509711,64.18993271070894,1,71.57619093930451
R3,34.98619217852726,0.04343546363950246,51.668549976223616,65.44061148647864,36.313814264826114,2,72.79168236224679
R4,29.048568611942073,0.9812964458415209,46.193006511182254,46.13666953206056,56.851594659735674,2,75.42599739998673
R1,31.277722183046375,0.8394176278594426,53.17384185162618,66.58176591150749,57.86864126660843,1,59.50353571110169
R2,30.00467895600704,0.6729043242633437,54.36824223656283,43.68070584554078,39.42762467013817,2,80.04997237824422
R3,16.921118170304833,0.42253823981462124,56.33519854518099,40.53080308414283,50.476935760009106,2,96.91034638496308
R4,30.99557531207477,0.15099234627752522,58.95274320078845,58.97597340361392,30.05091418418661,1,92.14544185167503
R1,27.325653344407044,0.23073590386170428,47.9341485221791,65.39219078165144,44.114789354830066,2,48.84491081422354
R2,30.89178261308511,0.6560672263098182,39.57605173428642,48.11477586855404,63.10670422620616,0,66.69263261763447
R3,16.282932965518118,0.01648717202069283,50.52997079395374,55.21809721858067,61.29830003604839,1,52.476969928495976
R4,20.63364848845452,0.2950527710225036,31.53476924081194,65.09053313791799,52.030471741182694,0,96.52320099616102
R1,17.580779998566165,0.485008599955728,58.829628529652794,47.84406296104325,53.698311586230105,0,89.58215317944956
R2,27.11914325538119,0.0569453606009932,38.10194039916673,68.60077284315035,41.14344198994858,1,60.621709355027036
R3,28.780727214033025,0.4210208673482049,32.74200952907155,59.197924006064405,58.478891313922816,0,94.10941767358462
R4,30.269072818119163,0.7556700858818618,30.054302113842276,48.36080141824588,30.975155009119902,2,52.9459962664154
R1,34.050539840393384,0.04879250084134712,59.61453080261455,41.87727959841824,47.557739911517864,0,90.87608502838195
R2,34.26175814160439,0.6541713430867211,31.129901752236503,54.041807626226344,59.93903407952246,2,66.88028316040773
R3,27.21614994509278,0.06721047083050802,50.24807993126372,67.26418022851261,39.53239609177636,2,81.93964322586864
R4,28.664477051596027,0.3120276332713936,45.26669625241382,51.340303661143,56.78198866378861,1,55.75777175258681
R1,18.334161325522086,0.04373859118061385,35.87581960037758,44.95789369475376,34.947897679689774,1,68.94253327973506
R2,21.854530546179248,0.11430175221413807,31.98269478404321,58.696746089317685,60.85533671823616,1,58.86671742256077
R3,28.86798683415263,0.43199247098665605,49.64157273801963,57.20984262352405,45.12674389274127,1,42.74781081218745
R4,21.832959626462696,0.2678012657710406,44.65097072315549,43.80826002148417,30.520771751360094,0,88.5911689479035
R1,34.38638016207288,0.6515828691682939,32.93191393564331,48.44192857096803,64.27774742692714,2,95.68381489484445
R2,20.155171254104097,0.7467336581422847,58.39413795787624,67.6335115484349,59.82889968212021,0,85.08670861650715
R3,21.740273052134636,0.21457064589379482,37.171300952403705,43.01067194009353,64.84589589801462,0,44.773143033958334
R4,32.08674544155617,0.3802112648513173,35.67514023424706,47.73981845856061,56.0134793651693,0,60.9862477019949
R1,16.46027401620814,0.07515134693023517,46.962363354342884,57.497581532599355,56.4757185329443,2,83.40777565829445
R2,27.012787804391824,0.9101860720596554,35.52600946013714,49.84582718954261,47.44081586789392,1,49.897229194204996
R3,31.093067515232004,0.5160123733632554,54.65784584217833,50.50226760882835,44.872052117934714,2,88.43730226770258
R4,20.786563343392235,0.48306993417563915,49.77466353684828,43.40762345647076,66.52719030920926,1,58.757565888016565
R1,17.479295879951597,0.32525439102318254,46.32908409575906,47.0487648884119,53.41472251721563,2,78.70504558180039
R2,27.498147449039543,0.34598465693017355,32.2084112709078,67.58692027281975,60.14354331306615,1,92.89430399723312
R3,34.802901423828686,0.024979214354610146,38.427408771789146,44.224141010405454,47.46343937254293,1,42.024087917421234
R4,21.862153301988926,0.17435084522616584,30.578101399036196,68.5952691680611,48.96072273705116,0,79.70427538728308
R1,16.310144554473297,0.4053456647092589,44.20752695807129,44.1493941133165,43.88649537815118,1,60.1836826760598
R2,23.594125894387275,0.8425711350739367,40.26420952685865,62.702085502013375,66.74582605839254,2,56.32077629524205
R3,24.623384835031914,0.5042405957902006,30.469360826761854,42.25432349744454,63.17940306820863,0,62.94254218456234
R4,30.991918688514932,0.8864587021686485,31.20684959420401,59.46003891885586,53.90613431106415,0,72.10957252045466
R1,18.731035390748477,0.9990716241906563,30.031622786747068,61.19897448576785,51.50464573420871,0,73.93184050896114
R2,27.84704042218842,0.22387737640889138,43.134988323230544,43.897713577003785,53.41785604576398,2,54.01970392428929
R3,18.50035746693548,0.2743964016460051,37.95784208827431,65.53219286332424,59.77896746110013,0,80.73539435630605
R4,32.07604419914943,0.3616476960767663,50.31229424781497,44.76912225971069,31.01049026167361,1,88.75032281474682
R1,31.323296103613696,0.4793565878574261,58.83229303748425,49.28973448465739,58.4478023757239,0,86.23753900699201
R2,30.4930414229079,0.38370290031995713,41.439081170270356,67.37290295628046,59.308594237146046,1,45.05007950627135
R3,29.456406355326237,0.11883130665875963,32.406436045138875,57.940657634019296,66.4852538796365,0,83.58361438723912
R4,15.336808484952565,0.3130934011075973,35.73547239690286,59.42795678910744,37.26294943327522,1,42.88097297794592
R1,22.733586147869467,0.017922129963089728,48.24965306080792,44.715271003382995,50.43543053612284,2,69.87319914644554
R2,29.118629769954456,0.007702455407323505,38.43311107376449,64.03064611151929,63.000459210232066,0,76.11220561420836
R3,24.526672155450782,0.8781524674985695,31.084530206528584,55.774908138542685,45.904518300232354,1,63.09485234548568
R4,19.4316893545963,0.6489666870479674,40.53020758632977,44.68574609571105,48.74790480572017,2,64.93108316407265
R1,19.145229822651466,0.34732255321100436,50.584369780687794,55.76448490123501,50.416323458099924,1,58.05652885025115
R2,29.885381235973426,0.5725714585625691,46.31857736415165,68.16706822102036,41.57363678325478,0,98.47591516411146
R3,18.10077463088586,0.1953960409550647,36.0623506191863,46.916945063404924,35.41676883251876,2,41.5099280419671
R4,29.63416058837244,0.42167044324712055,32.60294119403303,65.1887992872343,52.843819260213365,0,70.30911051989278
R1,23.6618666398217,0.0849472170092268,41.33625796786248,40.204599712021455,57.827046917751304,1,60.421535158199184
R2,31.863587114604737,0.5952793058164774,45.588576456886905,53.59083745700502,63.912549377941986,2,93.64427052205832
R3,29.47711831671083,0.44264503056284976,49.8632546131399,69.0359707066399,60.599232382059334,2,49.170164485304426
R4,33.359897508855184,0.9255420760211943,48.65282274077572,56.61615423213774,41.63920482361355,2,92.45573928533577
R1,16.549109841994262,0.7166312160851271,31.645272623346045,54.4875764397829,64.53530864153511,0,82.69545215951369
R2,25.515145356242087,0.6902414965681024,51.329557037339356,56.38613909546093,68.16771575221586,0,89.79610836055075
R3,22.93462941908649,0.029094398502419017,59.09374843221832,44.39144731467432,35.19849895449561,0,96.45831982494822
R4,28.106309270119375,0.21599375444850666,41.22507901052695,45.30835408915862,46.064710963607006,1,89.74890297896117
R1,22.23383051199575,0.2000604838874771,58.725431569214486,56.2406854103279,37.454626555259175,1,40.54813335910916
R2,21.5571798563494,0.5070902178832376,31.10301698466971,64.09065012900417,65.07065235558342,0,89.47232657998086
R3,30.12781434056341,0.41424350997717596,44.39011534357233,69.91342803767617,41.08729130103511,1,65.30400350677432
R4,17.64029717732787,0.5395486079860341,42.504052599907986,66.79885619701578,49.84812026256158,1,44.15546606371683
R1,26.940445830679216,0.7034266158937574,33.148185253746675,50.686508113556876,42.48282770643679,1,67.98809382099671
R2,30.789167869333994,0.4102537939002,44.9126847817724,60.29251549908828,42.13511289868582,2,95.5660091067646
R3,26.970653006572896,0.2820281927426589,39.235981301626296,51.82194061367577,61.619554472944095,0,82.35500974050674
R4,33.40222269549583,0.9817939096008319,30.1646429564796,66.42518929958197,36.85957447705498,0,63.082073164834355
R1,34.62653347188399,0.5460530021124351,50.58346563720705,40.19552060280075,61.90678519125008,2,47.50441957031484
R2,26.30530768021238,0.3076624022282308,45.04624276548769,66.71776637246896,57.03147328132857,0,77.20498835862053
R3,30.135477982536205,0.36177851908293013,51.46490178886329,44.303012110851704,37.00141629303629,1,83.27905120814461
R4,31.54698940322558,0.17085320106806146,59.90807880946933,44.06139065915167,31.275405169988034,2,87.77234947513833
R1,19.5757648654612,0.5622521969366311,41.22855233103985,42.160253942818606,37.0111489946208,0,65.6650741131173
R2,16.704834150053113,0.19687614379601648,39.84808497106189,67.674117502038,50.71477825282948,1,77.19614270736845
R3,19.92151806479763,0.7551660708591386,52.62259631415312,63.23799645467341,39.078697398585014,2,46.545180949040834
R4,18.624300833502506,0.8006768016252803,49.254472447274125,61.7990732621067,31.975519524673057,0,68.60745690137662
R1,28.76799399510167,0.9802962358628926,49.93887471213387,50.81110860974661,43.03915732446793,1,92.15278383233573
R2,17.5726433415717,0.5333383462669816,31.885261293484856,43.26874387676853,62.47900433890354,1,93.77760159040436
R3,34.6002721675755,0.08180626733386909,58.224509680271055,67.27924597872985,57.56256831361363,0,90.5803399272628
R4,32.58183871834889,0.9014605085859866,35.61389883297639,54.21421792698542,32.756400609301906,1,90.86183206296305
R1,32.88908465250677,0.33881173248246044,56.36346419640853,48.96948418921421,32.52831668432439,2,93.6361423954076
R2,23.185619855995487,0.25482973084062066,38.51029171343844,69.1271540267399,56.018123763140764,0,43.63522704367657
R3,22.433084156571862,0.9076699424564987,52.60150573656674,43.37900175459515,52.682578487700994,2,42.72331495695436
R4,18.72607800878354,0.14435639344889495,47.66249512806346,66.10788646432519,55.35059472696026,1,76.02137742995158
R1,22.51721688648132,0.9429382198143674,35.88124916741809,64.62158898620329,59.08707567151118,2,93.27689726556801
R2,22.45799232110264,0.28491164384518564,59.92771268128032,45.89992321474582,47.34728761931576,2,53.52096236701118
R3,16.25457954070159,0.4419800275272485,51.99184455507603,51.70665860496764,35.8251967054388,2,99.78043242692871
R4,30.373071044634017,0.07225026990599759,59.71740198474851,40.47938667392807,60.86255942185211,1,86.20914072995654
R1,27.96297634177948,0.08511657280031193,34.64429501401945,52.233965004361295,59.743086204671194,1,66.95741465684034
R2,26.23406751008872,0.6986438478843384,45.6411905629329,63.17203737263739,40.93608031344442,1,93.2864619581038
R3,16.007582170319683,0.6340073468497186,47.785719720534416,68.88477265033941,60.61907643241765,2,59.079869774720834
R4,19.737884175492425,0.30348783163119697,58.504848731818896,47.250154345084056,47.34566816976723,1,44.455884107292775
R1,19.932719061843702,0.7416567081419213,54.918363230482505,48.937447861359544,54.07399476918329,1,45.5982028956785
R2,33.80814348237775,0.9163365632053231,48.39007907161596,52.526247807830345,41.19370743606419,1,91.98616903982008
R3,31.179648646370993,0.2603025388117667,33.6965356584602,43.04738696844989,30.384376695117584,2,96.28396267433806
R4,25.377408342104978,0.9984460796178677,40.96654270672711,54.744716440811295,46.08155098481784,1,74.64742608196923
R1,24.353731395048786,0.5769667683845324,55.068505841994636,66.20927938593505,66.75755464124106,0,81.73829814428164
R2,25.088650230952723,0.6299156412617922,36.64471607447877,42.36509506531292,59.56307451831808,0,76.98301129674317
R3,22.958869524009557,0.11770623573920913,57.42941952534984,47.714593993036274,47.650576241684,0,67.30838684386372
R4,20.70489475134355,0.5072416551461976,37.69292898951823,54.04181434904351,39.84000918753952,2,58.1103650254403
R1,23.771813433616202,0.8163747430801523,53.316409143749425,42.2449301432133,31.14011388355771,1,91.27675157106195
R2,23.268278327375626,0.7004555008562197,46.41271729266636,64.30193236014071,44.00388432026136,0,97.79788152578956
R3,34.97763107262273,0.45465250681155356,41.723757935967114,47.6753851004493,35.26839855160104,2,59.01557809285434
R4,34.64360532006725,0.4926340769515394,46.704191663873104,53.270954954861594,58.41057270237175,2,96.81020906976502
R1,32.01871032998771,0.5421935026125447,49.06786201834595,41.732177302264965,57.68391866779736,1,88.98784771157034
R2,30.896383424070606,0.7404121583332736,54.35178888468117,53.76342894358939,39.164133330271575,0,57.133131882932105
R3,18.43667979607816,0.34300095561715194,48.63968474836049,43.113622818263714,38.31142384929283,0,82.10488903915295
R4,32.201681935422556,0.8828325501253449,33.96544488123047,55.836853657466015,63.034056353809646,1,68.83874316906038
R1,23.224166035525528,0.5342630246096685,45.778670364794216,42.517847464585124,46.1902940890341,0,51.594002985739095
R2,33.22637140492814,0.7987460829316928,52.68552098144607,49.12356718993395,63.054769023075416,0,54.49622718209358
R3,27.360835111901118,0.7258165206971492,55.62382020977426,50.02953346809088,51.93219631097365,1,87.1697750971083
R4,32.14174595641394,0.1853225256114307,39.929254581418725,64.7252826542213,55.844645601815714,1,65.40182219788679
R1,22.531343996808165,0.6263412861930173,53.946731487753354,49.74074137392077,60.31286559049905,0,61.427925622583956
R2,32.730003704216955,0.43927732476226755,40.859575656370616,53.79853136759384,57.226962558069964,2,68.2810950193983
R3,24.48807682144024,0.5429932906805134,45.203991586863026,47.77947904717805,47.0351547203199,0,97.94957911529953
R4,17.725461606251095,0.9504649687101466,53.68743387573488,44.91226132934071,66.15922951068653,0,41.88306246719592
R1,32.36739514058357,0.11367879435266393,46.16867346690661,52.962036110432734,50.93388476861057,1,68.29837998016136
R2,29.19798604973274,0.684943497797039,54.934533272516305,52.58332102309369,50.499766576636915,0,96.1316612105928
R3,22.91231015018378,0.6755112983731935,54.79399567544543,68.22470399363436,57.37867984523423,1,66.92212102866762
R4,16.688359299809125,0.06019011293446541,52.89978702881885,67.97948154484445,57.151148698151545,1,50.61705467309889
R1,20.488196368452762,0.12452237393370469,54.41499715599751,61.171416840193515,66.80569522425387,1,69.31930698980943
R2,16.78734125319614,0.6818178136480169,35.40128241254663,45.192181856079344,52.471625067118325,2,46.52938719384723
R3,23.59373200287895,0.8959318945781061,54.27756012819364,47.36939519635249,61.692104087283525,0,71.40913566744979
R4,16.51960149346075,0.19750138781350945,30.548830289278527,65.54239633275073,55.8311680002582,0,41.21763839633287
R1,26.650279588751157,0.9930068361938036,49.241661704041626,67.46802638630234,54.44923894386024,0,63.962872016540416
R2,26.02023180334161,0.16645706810657757,35.04472572523021,59.91387442767481,34.70296969033109,2,65.15500141283488
R3,18.189208958582665,0.10359798361523453,51.693089029859685,53.05955707525076,58.122296931638395,2,96.09785560213226
R4,26.820448533020702,0.6044365801912932,52.68000969518988,58.76450083243175,32.24864810472811,0,53.67129525463013
R1,23.21322110705687,0.8114517860352024,55.24288451567597,45.17320809026296,35.92670961583955,2,67.7636310426198
R2,31.23276583513374,0.00858052067615811,57.179211775974125,57.04647505671666,66.6017797899646,0,86.10482458656293
R3,26.052204770648796,0.6236783122300237,54.02332096657831,56.97408362916501,66.19382043559253,1,86.97584559685754
R4,27.451505291476124,0.7294545498469711,36.33117884025492,46.100478308288395,66.31273947406228,2,89.04774306898199
R1,21.87119173548469,0.4167651601580985,34.84820505304245,53.03714600328487,50.83314334114874,2,93.19734031589644
R2,22.1175343605399,0.837257157078237,33.87065380073055,57.17127872538531,61.36495533623484,1,50.76454374305925
R3,33.55011839682156,0.7233042305406501,49.82739704676311,61.57526547552103,35.78081510306583,2,79.16872847038009
R4,15.784217470669088,0.9409568595147809,44.74307369975514,54.08667766703879,47.12349535657559,1,54.97972354799797
R1,21.23688879780612,0.27996457165557265,32.579182086585035,43.39067659364634,38.64774869559751,2,90.12273557643023
R2,17.29306217012166,0.5057891913832151,49.3667565206534,59.70589531962209,47.92754780303255,1,91.8633241627456
R3,31.182855467873864,0.26363778741093835,38.71500438240819,58.058021549609926,53.71368767518358,2,90.09121989680793
R4,30.80403318907709,0.6540561335804631,48.04985370823806,64.25149559515597,67.70779821906963,1,57.68510444284546
R1,28.56906981504627,0.4605718060840065,49.227375360058005,56.423185131426585,31.107014952533397,1,42.45838325376123
R2,18.75709180775835,0.010893803940971947,32.640793211123494,54.07831015191092,59.74772827185613,0,48.655401204393876
R3,28.03292657575274,0.7238553981405719,55.909932719497164,65.94454160123092,59.5635631092743,1,85.68654140248086
R4,27.076973392720955,0.3544894192829551,59.31729249865221,58.844051077193875,63.25693662012087,0,44.77492174980735
R1,21.61918585808695,0.17596317864321898,47.18507312822422,69.2575100377584,37.2483403848417,0,57.91583478628551
R2,23.816110901911106,0.22463290922773516,38.45771402059397,63.92068170297462,48.34714900034569,0,67.39507918563073
R3,27.214583931266045,0.8093955859145613,39.86730344634327,66.88171302955887,51.70992096428017,1,98.30034185717173
R4,16.148383540552945,0.7399792531838099,37.170230851799325,57.28331405224192,61.727606083311194,1,90.80272232010222
R1,18.764644640272373,0.4623872069306315,38.55325745656796,67.59420671991728,39.38408912806199,0,59.76785851162842
R2,31.358957086624187,0.4290377683870372,50.69381142468949,42.44588925029016,43.11011237217306,2,83.39061178197298
R3,24.871724865228547,0.12856867128051663,52.157987691569055,55.36428757208496,43.00096508263787,0,47.10508667148348
R4,18.67576246964745,0.5492695893176727,47.68408751563402,54.07857046051294,45.19004367278504,0,73.25185425522713
R1,26.644266160993027,0.8500062889599187,52.4552332628045,40.44783978931538,37.62503828184259,1,69.35828235639228
R2,21.6441246688738,0.1106144077602208,50.725975439906655,55.06593490278557,56.728280520270744,2,72.30834438166698
R3,27.088934291741275,0.37061615368430956,57.93667163944359,58.127550662025556,63.469392223264016,1,80.80377516615432
R4,19.20084851397995,0.6974964164982286,32.25244974878992,58.699742734940855,52.99151390497708,0,58.659422508002656
R1,27.418594056423615,0.2884274155420934,47.94279464018599,44.51404604119327,53.360348639549144,0,43.61341036802434
R2,33.39320178959767,0.9434495617359426,43.10101694837354,51.6803409849081,57.01716125090734,2,79.40963575814067
R3,30.998067461001238,0.10140538121186893,43.691854686521125,49.07997901640505,35.23062268182816,0,63.3981868863601
R4,32.674334806205664,0.8986464676543126,34.80131794471945,56.02938247451428,36.77622823600012,2,90.40679610391982
R1,26.136760984215996,0.1166078936434034,49.35962024280518,41.51091553829404,59.37903169753504,2,57.42490985936922
R2,29.124033792443768,0.21788067025316604,52.131122854171934,67.19010691594708,55.355352311870405,2,77.65376206967153
R3,21.196546004156946,0.8853035576699242,50.3195973038348,62.53646514100848,40.64636316938534,1,72.31143420162384
R4,27.757675399912195,0.9054782856028053,30.278493468747108,54.21694789920957,53.994130484305806,2,80.25543764726537
R1,29.02531958469246,0.7110078058140571,31.165990920542196,45.531896135676405,61.04223751283958,0,48.11150532556394
R2,34.40044945755685,0.7210243238153973,58.995545406123455,52.10548186814047,52.700934518013845,1,67.24131207783287
R3,28.053664276567027,0.24316493051191435,32.261347246904386,67.62407069449918,35.07472515002499,0,64.56458372172287
R4,25.094498311836546,0.87208467088249,32.49585098294657,50.11102918790287,65.33812989652677,0,47.11236769856932
R1,34.33636732151716,0.8336628158070432,59.603835998927636,63.756882194742346,55.18590369962604,2,61.8722797980358
R2,29.490880944224223,0.44403082627474744,51.18073414858497,69.27854452895474,68.25704629548181,2,97.0391379997757
R3,34.22799840521762,0.9485865558416375,57.14937243082535,69.08985512870274,69.93770468923356,2,44.161015698672195
R4,18.959315725710784,0.9634522309987426,36.996599759524315,49.13175587431941,58.727765557029045,1,82.3475821838154
R1,30.72359507485981,0.0013431109962259713,52.908283531386246,47.521556589212835,65.26384438816831,0,60.926344016919415
R2,26.790909606646377,0.22642920332737781,55.23836740931624,53.74301622033682,41.591892902161796,0,87.20573395552178
R3,20.677046165098098,0.3883775613017153,50.485405276331235,47.3069086942174,52.82926652868841,2,47.246075537545785
R4,16.508125346888665,0.6584147089982364,47.7338295136596,48.46112306420067,46.93618313119221,2,93.73468444451075
R1,34.82065131793861,0.3269962927480293,48.810754034084084,44.79691461830938,53.015943212253646,0,52.68885027792875
R2,19.542439664871267,0.75912727121639,54.385401793600295,64.12463049005034,30.188109659406834,1,69.32249741291926
R3,31.4617135953021,0.5893587229775258,33.70315477015044,64.34122510851174,52.6649795017105,0,67.81046915541901
R4,16.247191739130766,0.6888237193275261,36.17642839934935,67.42082891436971,41.14567359774152,2,64.10670906779137
R1,22.772281385699877,0.5102191180963879,49.1203203933324,49.19116723923073,66.37933620150116,0,84.11917701217092
R2,23.115254119176456,0.5690143984680707,42.573222300735,54.50262113581758,40.67221293666631,1,75.34400294698506
R3,17.26632654711661,0.026785259155943097,42.50915321778265,66.08158886812873,56.80279808894383,0,40.484525078266444
R4,30.331333410128885,0.823140325052061,31.364183575959117,44.953499774067346,48.19908480127701,0,68.49754559833804
R1,29.403965593289566,0.8146567810235115,42.97697441736333,51.811587032456394,49.985504886190554,1,56.342936172520076
R2,23.82528913417355,0.6187466261566034,39.93220709276945,64.51737453273726,34.65637112351973,1,87.62611630480137
R3,26.856028244519628,0.8698971867009637,40.64551298208502,65.49253703242441,43.12702324598206,2,78.74539640026327
R4,30.07704125886728,0.6860433841373648,57.295313572157504,46.25812356458124,52.022654262754536,1,69.52566612751485
R1,32.47749082610446,0.5613179154108556,46.39425089999234,60.318050666796545,32.66250329034681,0,88.56596700206254
R2,22.13711383068175,0.06597920571115956,40.23165589064405,47.132758689746055,66.18500756797873,0,88.16696493388935
R3,20.28848715492288,0.8370377967846268,52.73517999329924,44.36959133128007,52.90242272350142,2,65.08665968874523
R4,20.773083772936808,0.9422463417570242,33.67281348715511,52.785187024107834,50.499938137532546,2,92.25073983634542
R1,31.72131948157794,0.25729207371385676,52.542938978694245,48.700063893870045,56.37200573351046,0,58.02149773819478
R2,20.55259473846836,0.18013048822251998,54.536360578625484,60.460433067292406,55.19388883560679,1,95.58731861143558
R3,18.657562422869532,0.7874807287654545,49.785999563592604,51.384781143654564,64.42683440341798,2,54.68956800497007
R4,16.525515550243767,0.7310196348978878,44.315401441223784,64.20083955612643,46.116320098690224,0,75.98275507242468
R1,20.196588646112076,0.6726801601004858,35.84592960731038,45.06673119968895,55.556833933755826,0,74.09827969796598
R2,31.75977700665856,0.378682908955441,42.71657695922674,41.34726575692609,66.93665417022812,1,57.23643885021394
R3,19.157633804119776,0.18847046503829445,41.15656382395971,51.50196317076622,61.006208849727734,2,70.3353053786727
R4,19.37164425617115,0.7453301339477231,51.55859963031021,55.75487467468646,39.15563524617813,2,85.58888645946325
R1,25.967622960502403,0.46552929499895535,55.3211290556913,43.62362044713002,65.74721897737304,2,90.85274407854102
R2,28.878668344878342,0.9215377091073461,32.090164212052684,50.04057902258461,32.458715712565656,1,88.61974710672919
R3,16.282244965879006,0.18280889852405302,42.40254780217805,59.26333933143506,67.8227304421111,1,76.18397347061617
R4,24.006181092738515,0.6779750365137944,37.13909898311825,57.45035045898816,31.587822999478586,2,48.21766382645958
R1,15.751874527441863,0.16762033728204506,49.095509706134656,56.048751188779946,66.33514339543396,1,75.3947692066584
R2,18.48537147784568,0.7857892518487204,58.10440318032873,65.7052657981432,59.88211644722563,2,43.6295487926656
R3,18.591132386861034,0.9639144562252735,49.45095911953172,40.450767306131034,51.65375038621566,1,91.32848784299318
R4,26.855563270650634,0.06381386047911031,58.17399203761111,41.301179359110506,57.727385293470725,2,40.54428805061845
R1,32.978191737072365,0.5075792876295919,35.08141809895851,49.73877689009353,68.04706706220577,2,89.81359090354908
R2,24.11574617571106,0.2992368447251872,36.475394394727076,62.568950719686754,43.671360878260856,2,66.41235881684136
R3,22.329453458013546,0.1879829615625408,31.73413266408772,55.951109469600766,32.735240940037,0,45.819870753144116
R4,26.52272545595565,0.07917596916047731,57.85252919609424,41.88728888795606,63.27198441418947,2,87.2397387297855
R1,28.464618811511052,0.3536627389605158,56.92073293953442,53.07812036695548,34.48892550317864,1,64.80965997437909
R2,15.708549613660388,0.5592424531628994,55.709855405349366,54.171333344399415,69.02838252680696,0,57.40578973864146
R3,18.002578870150874,0.8490054106269649,55.9961663963554,52.01156320962244,61.84619279673372,0,56.22252284984495
R4,30.58874845759787,0.9567618038067784,35.163636081697135,47.247325009990355,56.423533478739216,0,72.8240802400916
R1,17.08707949297787,0.5817761552882442,49.00823205262394,42.80527486345498,54.0727672373045,0,48.45055063300305
R2,31.306142525023436,0.2666325355633411,50.71415169436928,42.79197831371757,44.07036223045902,1,88.4266732840683
R3,23.11290394891008,0.062481466401723806,55.958984706294274,40.659198128273154,56.36088713089831,0,69.6636759273991
R4,28.315655429621348,0.1841722121955578,52.047478682871834,43.029362126063,51.143058079668336,1,82.39583112979444
R1,26.42067292931779,0.22421787662188064,45.528240609083966,58.604808180464296,51.95654964356182,0,83.00545356442737
R2,28.474078221163005,0.16872194368887283,57.90727723942837,60.40400472216508,55.47871711001445,0,82.75431555476796
R3,16.943597231372216,0.61648313952954,38.32381494507393,68.4635430627255,64.25204067401741,0,82.01072291888846
R4,32.928720034125156,0.8011311038069387,49.401801151057384,50.40219593803222,50.98928010811958,1,50.34820434867349
R1,26.567758537853436,0.23340379160834102,34.53492933416296,57.86571919595728,32.711711110656736,1,76.80746584881408
R2,20.4595656905491,0.2271077560051511,34.336188138209934,47.61740209193974,55.90121945887843,2,70.47421388522446
R3,28.018310606483713,0.2092741469981253,45.701113663573864,65.71580635741758,32.953473743359986,0,98.82766750118158
R4,22.614429659616867,0.9909446029002422,37.59192739421713,60.106784896799496,39.10484614101422,2,52.897953393256756
R1,27.775976571142408,0.5718699636228192,35.79843620812463,40.85695722368545,62.82078901556596,1,52.12483085679837
R2,24.670932506044366,0.826236986541468,40.83590307395454,47.51995262400524,60.20763298778012,1,57.705227112675836
R3,15.821600723704908,0.12212632897182696,41.316325541030146,40.40666836731021,36.37691826625546,2,53.53544780329428
R4,25.644790559575846,0.5647670780711795,41.196630314629225,53.642820876082155,51.29650042632039,1,77.93645826000548
R1,15.878283115750552,0.30186841092627104,58.88042670674267,51.10231895961621,62.96757002182068,0,92.85890923356273
R2,21.307671451190068,0.6388001243665377,44.154667798514815,57.43868016305512,43.739311387373995,1,47.01369318387404
R3,24.662567723831877,0.40282593796734856,36.92323406353394,52.39992962172632,67.59977397171512,0,93.4431954859653
R4,23.975706906295947,0.9121067229452541,49.33537796653402,64.57278419251675,55.37143248503868,0,76.38563748269519
R1,22.968711429525605,0.29497398454424306,46.81788001913989,46.274943383639,66.32183931193816,2,60.38983570301658
R2,31.30441431112422,0.6683653261923586,30.664625791278983,62.5444585431375,37.945577583012856,2,93.10181309282629
R3,27.27483624941687,0.42838666909590095,38.74561762287537,47.094547262251616,65.92066292454551,2,57.2189424269217
R4,28.950938455906744,0.36392328988563805,42.01823518176923,43.59322114898116,54.42906883342381,1,69.01437592966393
R1,21.944390376799852,0.009350185927035737,54.87343390180787,45.82392655958849,59.53458842280403,1,82.75695059679668
R2,24.247297251879118,0.05210583229583443,49.10761742484436,67.6342166844278,43.72356541559736,1,75.13805216526126
R3,24.05661575209768,0.6661983599325917,56.15276612014266,52.18133108021816,35.04660568679619,1,75.16862955660604
R4,19.718259294337578,0.7156942000135187,56.22434604688539,57.81452817971781,61.92036174037366,0,76.89379952653354
R1,32.60661231238282,0.3813440819185865,51.05412815069894,67.63630443855223,49.167940353013066,2,68.53847819116717
R2,16.85471645446025,0.9728267051853181,49.12360738356776,55.757774848584674,53.68750345122746,0,66.63076183409876
R3,24.628742991316557,0.5898632655255474,32.01480764780314,56.88371290542652,65.47639899986962,0,65.7945857813151
R4,26.55234704851489,0.8952055993659107,46.45344114368561,43.34949813810662,65.36456954667551,0,65.17747278937097
R1,16.912745893015263,0.8080767175639363,56.448097675628226,43.34460720595143,32.06071611587951,2,84.60004603641494
R2,19.877446977993632,0.5494064277618979,33.29962701179976,57.14160576239829,60.17251520466764,2,81.1248744966688
R3,34.21276881889986,0.709009280376505,34.46807212171217,44.137664314475835,69.97406963123277,2,90.37536705965603
R4,30.44486445698279,0.7939262603613922,42.913300438733124,59.6703921290638,38.41074229701981,0,96.42913478753837
R1,20.600948025595095,0.940512518651781,46.85089635359607,54.667459293405514,54.3646911815072,2,70.64464983811216
R2,34.63717557241723,0.3093730713034737,45.19532033793024,44.64675673892787,60.078881122055606,0,66.43827264537434
R3,19.048355598460695,0.997989459548694,35.03052515288859,57.798640368072306,34.67153019110919,0,43.552628783354145
R4,23.238773081757614,0.42991266233113523,36.21696509167764,40.61255781313074,59.86049439607726,1,76.68345551326681
R1,32.9125439121901,0.7627322620030945,30.854846779253158,58.582841884814854,32.32345784344073,0,84.03572007461256
R2,31.466898244536804,0.022947660722460794,47.87654674023775,68.87889700906508,68.71642518130457,1,53.52150763140258
R3,31.574554625504668,0.8128046064891293,58.89692775310134,46.257312902030606,42.34259541907697,1,49.948629888397605
R4,27.183671349637503,0.5606206197186324,44.674089465701144,66.89055397634938,60.29110369463405,1,55.37486795495992
R1,16.070564102076833,0.8606614251933159,44.42339136376236,61.12411873155794,43.081440297526676,0,80.9127828688485
R2,23.955966777533668,0.5046059634395519,53.49264915971729,56.67205990299968,65.46911746828653,2,57.08380045285509
R3,27.288871222206136,0.5433415151347455,52.211247761780385,47.253796951653044,48.88165388593537,1,92.55731619387606
R4,24.114242285187604,0.6294866619135631,47.41433407636571,57.531439603724934,60.30500841038899,1,80.25492255549709
R1,24.31965402302322,0.4237797554886801,59.02562108370171,68.75713468454643,37.7382718176516,1,98.68830690999289
R2,24.829177014164674,0.1359814815349687,45.026874102574254,58.65758918337502,66.33443764753687,0,43.00110365921166
R3,23.549610982837905,0.3684540554321186,50.35302874017096,61.72205383089884,51.0002442979867,2,98.71584883248647
R4,24.47150885359751,0.5291916643920693,50.38587073329451,66.55895914212918,54.42252869369568,1,76.10279700607126
R1,34.51670561140141,0.6849535359166911,43.580230617152324,45.72078143606341,63.6908720801252,1,40.49623436336957
R2,21.064175817782,0.1246245419648454,35.58724040306769,61.00423600587308,32.268618911253654,0,59.05647154750662
R3,22.38772608191843,0.3871530641468657,36.770137501306785,68.76532309869506,53.797830610416334,1,96.84084956789334
R4,28.62261085046612,0.15993789983176898,46.55762321806683,46.79316705926785,46.413345456639234,1,46.96790109634195
R1,16.37907118336138,0.46307459620230385,58.99328497685398,52.01872474630296,41.173391778896615,0,84.8906144136294
R2,24.09884072155665,0.2165168957648702,55.92769855875877,52.83996575747865,57.364522305825254,1,40.406324429399916
R3,28.90049289927062,0.3942631726085235,48.93738438801448,68.96046503468446,58.64308685898873,1,58.236984247886966
R4,25.090573648472883,0.6530824046059125,40.09503149320596,44.01630863547149,59.25126348488603,0,92.11267230359721
R1,34.316301569262706,0.1317006556657544,51.50445770881374,55.07695084151267,54.99049272278356,1,59.07565639644293
R2,30.028143916450457,0.2604239672472748,42.28260749597216,42.67884488231174,61.8025987495045,0,77.0574534254402
R3,32.904027710420436,0.3647803623763922,37.30123238102209,63.8733606793675,47.20804013570711,0,52.90221686968166
R4,18.206446188221335,0.5693634872375581,46.45645260552746,69.66959089882889,51.099689211056706,1,45.483479627277234
R1,17.60130905399069,0.9414208991922812,41.556953244464516,57.15733122127052,63.425359261895,0,68.72416342269554
R2,19.211541032059372,0.3482013171529301,51.71950023032777,56.52141538196672,61.30787356649537,0,55.847084527077755
R3,18.110910522272373,0.3004065969350329,31.99436190699472,58.29511043191084,51.03663638920088,0,63.958121619332246
R4,32.711083900696266,0.822005346965224,43.77124116290761,41.42945964241303,53.08762969983259,0,96.1015050059028
R1,15.068892617980069,0.9536848615177336,46.11288771765652,46.88480402688665,30.629858073606023,2,67.47406019353289
R2,23.685138002775904,0.42619072553289783,36.86049957300423,68.25818583854101,33.600068610168904,2,98.36429178453542
R3,20.630104425478496,0.6966368867624169,55.07292434686333,66.57128711754149,30.31326097443759,2,81.55789674564426
R4,16.47731241778555,0.8568224637892776,43.57000003163351,55.32717561715091,63.71931348659404,0,66.37084590186437
R1,31.270267067886422,0.2760785663037637,36.18143119498768,64.24881167330409,36.214559198738684,0,63.82668364615056
R2,21.757448355132794,0.6669511600195842,30.624116602028813,58.60223696971072,62.007375196413165,1,46.10832852237771
R3,29.000206232431797,0.8740223473576162,30.2444587804929,63.44535041268085,47.64109986177419,2,54.50391515073392
R4,25.01274987785501,0.3922338035514059,41.87468778718116,56.864219330825,61.48308638313385,0,76.56591606155746
R1,19.202420746647086,0.28695977698817365,52.16346939378767,68.98110397032451,54.53295561632855,2,95.88064622732287
R2,20.768962535986603,0.8119256198116965,38.71640668165959,69.62158383450868,44.26214809697116,1,81.39013417977517
R3,27.275211102349353,0.6038310583542962,38.011046957532216,50.096535952850225,38.16174732104095,0,52.2438014264589
R4,34.59273108445011,0.7701626576658043,49.12020943392916,56.531623082730064,62.802922984872595,1,47.65289592875838
R1,15.565715447946832,0.12449290185247841,49.37390420962025,64.73850154443434,65.47745298766736,0,52.44332846531283
R2,25.33674725420429,0.259033596624479,34.77071827463776,43.78422560560064,56.368830976340206,1,96.68590729311728
R3,17.78489024367506,0.1271191323618298,43.28338568055426,44.62310251568496,68.35378736582555,1,86.44676910774142
R4,16.577076759217665,0.09694597990894627,47.26536615642179,68.23562379654706,59.002166263423646,0,60.466022997180374
R1,27.887270969551338,0.008911582261060702,57.15015627396265,62.944592728052605,43.22852648131539,0,84.60464750605064
R2,17.63780998469428,0.5789961336696858,44.1378188755883,46.50893077617896,40.71236925951748,0,87.342218300584
R3,30.886945692715212,0.4434511839968127,49.78331276670021,56.288434675861076,64.59477312040217,0,54.07049946127483
R4,25.820879476475895,0.9081027393905441,45.36859029765156,68.52679909153872,30.641304823549245,2,95.43347860908818
R1,22.317995889985973,0.636224664316097,35.33853652393546,54.96369715595448,63.75899832622019,1,65.4558760815834
R2,29.670892153934407,0.40875223383688686,47.22011630902783,53.281499601993275,38.68063585264609,2,78.79060669843703
R3,31.70926438683745,0.38826667035752627,31.222844696173613,42.302085135363725,35.91945969283057,2,91.35403544112785
R4,17.351834729891497,0.5086305612692041,34.73486496492257,60.6751006914365,64.48699477303039,2,44.98112956715346
R1,18.378129910876165,0.03373753636163457,40.73769729370732,42.207321200618175,37.66776719980999,2,75.44766217168907
R2,23.7508978401053,0.9307457336014879,54.231780940534705,51.465908671072064,48.13186547297447,1,73.26234528880526
R3,32.84448654409306,0.23964058765758378,36.4160320771593,58.94832601234886,64.14549767066353,2,91.86843249323337
R4,18.133870480447282,0.48755782967786243,33.927434859157245,41.29864747495398,42.08314107258566,2,56.914322307046156
R1,30.420755901242266,0.6278578952007364,55.77621970526006,50.92359586654557,44.52441018647867,0,56.23405254637892
R2,22.330667862164653,0.0026518419112576685,40.63712450146327,68.62293118177894,60.51633225176233,0,48.24967145101056
R3,19.768478971831385,0.7678404520195093,50.32994692631332,43.899406006793654,48.57639157625958,1,40.55373485201182
R4,34.634538731328746,0.8691008301773968,43.15555385793122,47.29570811489992,32.92355130174318,0,80.85013617544973
R1,34.574639503019796,0.13052837150011887,35.88368062951868,65.48236123264581,42.58829878406367,1,90.32649567285483
R2,18.55962407422808,0.6116625244444123,37.022863931325155,57.40846458549163,54.50601881829242,1,87.78246497874088
R3,31.982309071251223,0.9094865368875226,57.02245163664392,48.854036926495354,63.20982418473277,2,87.74540634698226
R4,24.16044016036619,0.38005020252854105,54.51318618024625,69.75824290123376,56.53045313383396,0,44.79696755709618
R1,24.914735365104594,0.06731292797925392,34.099612444800385,66.14699535099133,59.87893639923104,2,79.94322124836212
R2,18.985335642783784,0.010551852190995636,33.753709501657646,68.1040239420395,67.95382429396162,2,48.403672408123555
R3,26.773218392741647,0.2606102956759726,57.673549988519305,51.14257688337284,54.43476533691263,1,68.57367302398993
R4,26.915334852611487,0.8683299130580618,50.84226309578077,68.25033090108093,31.705282745652067,1,71.46852969094144
R1,15.253360870781808,0.2799482838500096,43.04204263382769,48.46201072622993,37.69873151570155,2,57.342130173761724
R2,26.149582538457203,0.4053361489448153,43.131114133051504,41.109382788492255,50.58542190348919,2,87.01801994191777
R3,25.829071840725483,0.2741833883740795,33.5532777566561,63.156713309262585,46.29420121665298,1,50.53435872368349
R4,16.663755422517458,0.5967977009515633,40.60635785105623,47.919930320758766,42.627438259316996,2,89.16142846084838
R1,15.86539619972157,0.30546992361638414,36.244470369228736,60.02311404662299,36.02395719404369,1,70.04021683261931
R2,26.33526089595353,0.666382658267016,50.73401018295104,44.24373092339846,42.320777568857466,0,64.5413937852739
R3,18.57912974676993,0.18257681505874546,33.61776393475969,59.747750165181486,31.77817665172536,0,54.36572821718775
R4,21.035729362003647,0.6558389185741262,51.65007178768685,52.62802418186985,45.7682500402009,0,73.41797807051043
R1,20.977201876831842,0.24211170164050622,32.09029006185547,47.3360040751211,46.0397582655429,2,97.54927770528552
R2,28.466792614667497,0.7265819706623845,35.814313197455405,62.72838007826833,43.01802837503806,1,68.20529860434797
R3,25.546874948558617,0.14759741898900636,31.993644144700262,61.938145155359564,63.6437924345204,0,64.87830889743363
R4,32.73059569321107,0.9715779813136713,56.08877430335387,42.73677717080691,34.15030455759649,1,51.5800180729686
R1,16.980617638854557,0.13157570102069516,45.55049651875551,56.404179765997526,62.942032582088615,1,93.9633657803895
R2,22.122244667296975,0.15113059802481765,48.872009163350846,48.31400103032298,49.44059332841767,0,87.85466879328979
R3,18.399328676790066,0.24520880074633855,52.374062656093585,62.59936706743575,43.12179479323825,0,46.49505690606165
R4,20.323318704006798,0.654372460710927,35.14622096203138,60.60617592406906,42.791502662825465,1,92.96016339345044
R1,18.122704062406623,0.8833128076875191,53.78421121766516,41.40061626585263,41.290911962243385,2,55.292847381899385
R2,34.64750102186975,0.6294788739566509,45.31104480880593,56.65629245877899,56.734155010478254,0,77.63170829732377
R3,17.69708469623869,0.0031011401929680327,48.25863700748289,54.15648398740533,45.289990314376915,1,86.27163264723323
R4,25.37279523515409,0.7522784723389753,51.7855446596071,55.98333706093406,38.45335070211725,0,80.21774678177704
R1,30.610889092627726,0.8507316635252654,34.08617828254984,59.398898838897935,41.96456536440607,0,68.96540687985743
R2,21.676608761532208,0.7550460754964384,35.125329651925966,67.25939543601451,50.76563682438027,0,47.25423498120739
R3,24.45803350274274,0.1383887304729441,34.04558498394704,43.93669853380695,37.759575177538466,1,77.29198102446493
R4,26.421983165994302,0.24494660400566703,31.9877740403693,60.329094780671824,68.61601594948115,2,92.51534670324482
R1,16.188700518013267,0.22011006793191734,43.032482805943275,42.202506455959835,45.25512718882582,2,77.07218746011154
R2,24.93863648626096,0.4048791220138208,48.59871107127456,40.01083329309097,30.48307680602493,2,83.46460139297517
R3,26.109714189419147,0.02175174991798534,30.18085734954016,40.20816310040571,40.787276057336314,1,85.29899585704788
R4,34.03543948509804,0.11147017198497955,54.75942472411688,66.32191195508075,37.85337678142965,1,61.71909530504338
R1,21.591019015751993,0.040590378152744466,32.7410709079792,44.19537479459459,44.69775386491468,2,73.02550287730296
R2,17.03805469118462,0.6338004498037243,53.70294709577668,43.950837306461494,32.10742653267641,0,60.90071165201939
R3,26.6557812387423,0.7418512450198289,43.50862468980313,66.52099960949859,61.32092603986848,2,76.05186834368583
R4,34.51737527775879,0.7979174631528484,43.389654535931754,63.00479095265869,48.83916656828766,1,44.6266684026141
R1,15.232088597442159,0.8670360947903599,54.17713012494019,55.24541639747785,52.59461218051038,2,71.20438326094148
R2,24.55774344329759,0.3322870619873671,35.73139408737867,63.092980893630966,45.06097165883993,1,82.35222501826445
R3,29.68002606272887,0.6719493705343345,30.45943902611001,40.497485641444314,51.48059065161384,0,88.90580484684716
R4,30.417679678572277,0.44637595748763814,39.294215054536906,65.79654241151292,59.66465353750338,0,80.38501904753767
R1,19.818085023154648,0.68497857758671,37.78642845500291,49.36109247126099,41.92154587149594,1,89.07372211344764
R2,21.05652135477912,0.16369139862009163,45.187397507919556,53.50513260235905,45.67754112350971,0,66.48642003585236
R3,22.184045334913332,0.24039435406321075,35.032851380777856,42.47920674721935,40.82307096302659,2,87.24463369351716
R4,19.64501432871525,0.4466801989814687,57.99365955661128,50.12097594858253,45.794269549177756,0,53.576118501571706
R1,27.587133295339214,0.5010333956649154,30.29692649225118,52.099620105038255,55.73355170461598,2,70.27401188207577
R2,22.05032205346302,0.0735401958001537,33.045021836793616,64.10447461444592,62.54331281576481,1,63.30010495362349
R3,32.35876217800945,0.9069299272587129,33.54145387301457,61.42840337745207,58.69286229269605,0,68.08802983592047
R4,28.1788752484498,0.7143343357274946,52.346230293574095,64.75263702498904,57.02424521571075,1,42.44667527952418
R1,33.82307720869848,0.8081540593120662,53.711808765081486,56.505649175390204,50.032880640725885,1,91.2967043669087
R2,15.720235241268751,0.8276965276804031,45.309484517917554,42.49156820057667,44.13260641935476,2,91.11739782756015
R3,15.46344105585947,0.19751454543135705,51.24737637527233,51.89333251039534,62.23154370654345,0,74.42580365483309
R4,28.385630950251333,0.11829336965908077,34.16734956269306,50.22602661391194,51.32998520766042,1,55.38171189443332
R1,30.42868469497091,0.4033821269347827,34.90642895607269,40.93935983068505,39.31172409223566,2,55.60938148618089
R2,31.90081689544072,0.34065833581835525,59.22109985536986,53.74525574302483,40.57037662511832,1,72.02413875034182
R3,15.32615695816669,0.029897960944419433,53.53711873949876,54.54271232528585,63.58518557265239,1,49.96600246489585
R4,32.23042157426051,0.21457033164224026,47.152150101587964,63.248257647384364,53.60294815686416,2,51.49529837275004
R1,32.279053409000696,0.5242405510493685,57.66099338090861,62.76411954617764,48.67993853521864,1,73.73220512245088
R2,24.160804884235446,0.532242905660573,54.637322259159895,55.97017486580142,56.4469032260043,0,64.21990496983707
R3,21.784273075951198,0.5116755158302169,41.52692147261642,59.99975982675404,34.53075605938982,2,44.37514157503431
R4,27.031585704832004,0.9102630266640843,35.749752632468415,62.78566646892394,57.623784088681106,1,70.14439828115624
R1,30.366588233656543,0.34236616917368523,41.563147388131824,48.14953611943693,36.01740481846817,1,74.79913421524122
R2,17.3473900812981,0.9652698184172878,41.110717949344796,59.007673269476456,42.79460114156129,2,51.218972252843024
R3,34.14711255749721,0.9207970815671526,36.363839055491795,52.65590415362081,58.89913555103589,0,44.030520401372996
R4,25.138052919909278,0.024400046145861998,39.93919557541413,59.81601213933713,58.48468559835975,2,97.4441821431428
R1,20.38344972730535,0.2662571359786585,45.72467638982243,51.47875272878082,69.21435442948066,0,66.49669980683406
R2,31.936612251629427,0.03568622420531331,57.40229860839077,44.04906133470401,45.25487179787646,2,99.7895659272386
R3,22.043244768549997,0.8432787045901513,40.00014863591849,44.66556085616401,59.07863409020473,1,40.213277993957604
R4,23.930969320391746,0.06518972238221388,52.07114502125863,58.45576381970035,58.3888229868383,2,84.2265204273867
R1,20.730283048100283,0.0601560018243098,31.745099716328337,68.41231375630878,37.703791710955684,2,58.12667869872301
R2,33.015319192703146,0.16050266001906688,53.38571648416263,57.0205085202991,35.27844153259943,0,57.780649881729076
R3,22.582680097790522,0.7439907804947915,41.7188026906473,63.14529736017129,44.710002424837555,1,59.65060011394478
R4,18.070426664301312,0.22177474142844278,58.520501496164925,64.50579298310983,48.093228660668125,2,48.398946341179986
R1,32.84553471498913,0.6461584534128985,43.95948296284456,45.9871453571066,68.42085114562133,0,42.89118406763594
R2,25.937631652818965,0.4598674623575306,57.633530554861736,57.77460608417758,51.509818578201326,0,74.80856440312382
R3,21.127255696983077,0.3289464775268507,46.942727912578384,53.51378800725515,68.38117491371116,1,79.42163118953769
R4,16.884353083159862,0.2837828856480127,53.27924145506322,53.56970649464769,52.694141586949634,0,51.235002678255064
R1,30.937905574038588,0.7979879083697452,43.361904088238,58.71289632365999,39.29151716594991,1,46.196771810868825
R2,19.512452869988397,0.795012898151344,45.227935087532344,62.8585087664045,69.18145575786457,2,43.10305017332102
R3,31.506276507397757,0.8397557149204192,32.35146469004227,59.982719779868674,32.29658193386522,1,61.370152550086786
R4,16.39542966514096,0.1313859985518604,36.626881028186006,67.55277433677065,43.77161174118259,0,71.58547406790917
R1,23.745289019973896,0.8754210399817631,38.34574480390919,45.01203712463764,69.89454798259625,2,74.48374491297432
R2,24.416813341771746,0.8891125155035724,36.36863936703213,54.56415660032698,58.04371083040769,2,52.96422043481282
R3,25.08488434001637,0.22949472823553108,51.086802883062504,57.41037431444668,63.49309237537615,1,97.38186020925397
R4,31.4843226555803,0.4087810235020449,49.760822997917906,58.379058815266056,64.68434156617522,2,94.6536735136176
R1,29.799906567263267,0.11675854937957209,40.20026297767521,64.11400283427898,40.72814079075037,1,93.35267391609791
R2,28.036581364659945,0.08234054673996427,45.82871143653535,43.08861424549697,48.844621484624675,2,81.31670553692764
R3,34.995185236312714,0.9895782684305394,47.34791438480299,57.52941096958119,47.548849306692034,1,49.04629261218956
R4,32.752376079157095,0.859011450672063,57.66704044535487,65.69725945520054,58.961517121249344,2,60.44535991096271
R1,34.776355690530025,0.03224833479412781,52.1663268812833,52.5854549899542,44.20959955858575,2,77.54383514055314
R2,16.539201728984565,0.6289864687348942,31.763197392693012,64.58172675266898,53.55360978624414,1,68.67541454277304
R3,27.53397725027513,0.8276483358377993,34.059285134407496,45.59342928090518,53.0479927464356,2,69.86508319583035
R4,32.93289976306324,0.5355317720119107,48.309581889288,68.23107665916582,65.54034377516413,0,77.50022912049252
R1,25.693827176842277,0.982183143671802,30.37948085182634,62.68436125830621,49.80290090447076,2,97.63082341003877
R2,20.64072434882476,0.06889117238218945,57.60913100436244,41.88249138843105,63.04300925649203,1,56.51919334659207
R3,19.53036378134589,0.06485518367714649,35.655583340024755,66.04410472540602,48.51000796637423,0,99.33445889198273
R4,22.362708796257525,0.9633825321418933,51.33583400582121,66.6285937029994,32.34632653872347,1,87.21145247559699
R1,25.235417084097925,0.4777037032249647,34.648484947185246,53.136796308829815,44.65805533722156,0,92.0523403374564
R2,34.087444677597716,0.7791750397076439,33.07905315834976,41.25154797572958,61.72918443749472,1,69.26911628637751
R3,20.959594042746033,0.6716101582252975,40.67989352392121,56.78550063430272,61.18222148527302,0,74.13695558736475
R4,34.84973141531435,0.4838431836571705,55.79422274673463,66.52257086340991,47.180603419880924,2,76.8567357218487
R1,26.94117691555728,0.8989797946819723,33.35608253090979,46.356795812115415,44.59172823948988,2,64.47297568677544
R2,26.170439980203227,0.36872388466774886,58.956461559439205,40.83147666004077,32.746242190918316,2,81.30725849645057
R3,32.84943835409433,0.09133068661677757,48.48288752763267,40.27711242034796,49.145933884591884,0,46.88514188495693
R4,19.354396357080535,0.6925930269456279,59.24328004439511,43.05050253820341,43.3810690770493,0,55.592070952327596
R1,33.13620434704639,0.9727643647751484,59.948952064187864,42.03563664131644,58.620581710793644,0,90.55743944503146
R2,32.59212583606039,0.607929636162831,41.482327974891625,46.77857688967113,34.683391341650236,1,79.25093160751985
R3,19.410010687658865,0.20754670525802155,46.9343301329167,49.87441165152836,55.12752969086973,0,72.93090896921085
R4,26.01934339550974,0.79650929013646,41.86579270176942,46.80128289543939,44.94009793600597,1,97.43434211421152
R1,20.57097251575326,0.4125997438422292,52.6319283980514,43.62377704840026,48.9717766319324,0,99.5445451768053
R2,17.09057173677361,0.9945663173055455,38.16866468522909,61.95329769534155,58.88598494638055,0,52.06131371247066
R3,23.597989280995815,0.08855094268747077,49.96311316005203,53.36154869703091,57.48616973704889,2,87.40880938960774
R4,18.85967497672369,0.5314237816441605,51.33456319203144,49.899865436684095,63.76413807033693,2,77.16834005068128
R1,28.419089347463665,0.9799593186752454,44.85814910329347,53.960754931370914,66.38173025784512,2,93.42774572662583
R2,17.893571517521607,0.8813640249449647,48.30843158043092,63.98616932848271,58.49809295476183,2,71.45721366305061
R3,28.771750208369305,0.47569125821490454,45.174479410970235,53.482465831289204,69.90229568054755,0,96.40517636614729
R4,21.54075291784481,0.6736267387760828,47.75308077998022,67.00118494613828,68.7044313134285,0,90.25000626374278
R1,33.6558989634104,0.45059945459124595,36.48983354384224,54.0833361447423,69.99025862364311,0,89.42655670446429
R2,29.317378828236276,0.586868087765109,38.45567814415272,53.12319147539746,63.406429341943955,2,63.973132006991634
R3,28.29754722407256,0.38874593538564495,54.59738303600129,62.927144790670084,62.853768698616136,1,88.28941079880275
R4,15.951378934929732,0.9922100115792022,41.87771386782558,53.06131187378607,68.40977919763523,0,83.23484784782752
R1,23.38424507473193,0.6969558493729398,41.074250968962716,61.724315606720126,56.852971556360956,0,96.12717521597801
R2,28.9584528978081,0.39621758952580133,30.605733902271925,60.11460149842931,35.204221183303176,2,49.626226118903645
R3,16.956265966975565,0.4880692459210241,43.37985488276068,56.260272647782614,53.42619161592616,1,93.32120932015647
R4,31.275776347141832,0.6722856103158837,56.43058444723735,61.09557752290279,37.43774737208388,1,91.5828085543909
R1,26.975327264998967,0.32206760705367676,53.48488767877004,41.55109385675061,35.03229021433648,0,69.85727234465436
R2,32.604252430204895,0.7200651181566341,43.87313851641656,53.65550334286384,48.10447343909977,1,43.489281529131084
R3,32.40459130672548,0.3299532521626398,57.59767821274205,42.356855814246764,47.23207040768324,0,77.12874119200035
R4,23.130396819432708,0.935055706964078,42.244744787172706,68.29719121003467,54.55255086350167,2,81.69306423360959
R1,26.64621228558395,0.9087118129858254,51.89940161569598,54.19845363174236,55.32216212334052,2,65.17526111378345
R2,21.74342371392028,0.8915132781049416,38.86757343775775,65.56062075835169,42.12093136130822,0,90.52268320680088
R3,15.077777542163975,0.02667831752668881,41.89836561867719,61.22237357343424,31.216883609804206,1,47.33685462366007
R4,29.904973375895267,0.06291800864565722,49.38621671411446,56.04242848165799,48.083971016986574,0,48.028498689918464
R1,24.410336967100243,0.0028782750380498268,51.217256142383874,69.36473026484339,44.24919201164555,0,71.18314873032513
R2,29.218585374902837,0.3546795223761914,43.97245232824203,44.62046813202231,59.311636198600155,1,93.98020057690059
R3,22.40351698960793,0.44626879731198144,48.42143246838103,57.73673252236392,35.12428797689543,0,77.88922003344769
R4,19.38345806044893,0.5137002119604898,34.58174996806038,64.74198562186001,39.24548149464927,0,74.28919578756876
R1,17.5732874946871,0.8394862739966785,46.35512387380901,42.37467218485534,57.77655758772683,0,99.05397525366878
R2,23.17313789171235,0.040923490872981416,38.41913048824125,41.17347224337688,62.20495388876455,2,93.57076787778011
R3,28.584597424689377,0.5853457017297953,59.61545877100873,67.3443404034801,60.623833268817876,2,64.7617958905736
R4,25.470438286838245,0.6835747293492404,50.79276371880324,49.54792030439576,57.76579318568676,2,77.57895758371284
R1,22.07307742807382,0.6135736604121631,50.34220623408784,66.90970236029148,47.60677077140215,0,60.89141476172924
R2,31.402543151421867,0.4163960984361226,54.60240773949509,43.88924406261768,34.305853571740364,0,60.84306811844118
R3,25.326175625374525,0.6380521900749312,57.744879859553265,67.9030702485172,65.63209322345375,2,96.49063172074733
R4,18.202813409615203,0.6020589834429267,59.23830975273044,49.86972480560357,55.71620877749896,2,73.31690325757106
R1,26.07112128450744,0.6172357933199655,57.13765508568991,68.73625684909203,35.595900918620956,2,76.62372674995349
R2,19.676866468453998,0.26998907656254156,40.318303357916534,45.76924969241952,67.51690204940824,1,51.52616989480134
R3,25.99641759897773,0.7664002846148026,44.99032192689362,40.52093603972426,69.10610269331995,0,83.69763599302937
R4,23.02873694299682,0.0993048702678544,30.53667410419255,49.541958693626825,41.54656903543648,1,77.92045716249613
R1,22.45511413346823,0.11023260047215111,48.29240948095095,61.13318651567406,34.74920907514098,0,44.27811570493328
R2,29.19986052896855,0.426071463561133,59.7552386643342,44.61042323456397,60.30620856373297,1,66.90856115136891
R3,27.362162951191877,0.5130041452054546,51.320837499707366,44.99249334148195,60.661858669438985,0,56.826473534694614
R4,22.184095425143386,0.5115407375596989,49.453546389373564,40.133401359498336,47.12970040245385,0,52.57270371575332
R1,23.74334807142565,0.16465943097342317,55.14160786675154,50.52935519833591,40.5543043724349,2,47.984777588413536
R2,19.72865447360491,0.6767132051314164,33.7224982664018,64.86606233858492,60.47537114161499,1,78.75644349546992
R3,31.369707204451,0.680399803552466,40.18877370051564,58.30057439481598,52.76677607077455,0,74.03191845223651
R4,15.596054626065436,0.8620704221411516,32.3906716274354,69.05487561338882,36.50699003074405,2,42.23322312432616
R1,20.695196141551964,0.4428015210391931,46.981236869574516,41.65109358099593,53.24195861313118,1,69.5206224598843
R2,27.28232289156925,0.7756488810618902,48.74377069307251,48.85112105030514,30.87410162449728,2,65.88432845821065
R3,31.614349380380006,0.6885039803387522,55.429372520125895,56.615474360476746,54.640223564166575,1,94.33701242157699
R4,16.59346324962401,0.0364202366962626,45.01070566587374,69.82203441857901,43.70002932591454,2,65.50266873833763
R1,15.56665109408215,0.13300574839092183,41.38135090205,60.581997641177146,54.248647162263936,2,56.731890123130846
R2,34.72521573073054,0.1675199808103911,43.783220796304576,66.79701822234765,62.172419591638985,0,51.53361418860948
R3,27.79034581650155,0.6796583926881141,55.98781768287142,51.122252826586134,33.88282885619311,1,59.515961861410744
R4,23.273270720448693,0.8368397264574735,39.73506448918677,51.95930347573702,57.91726232813701,1,59.85226158607377
R1,16.962717479306637,0.07078667051025744,50.38171495344581,60.874646457547655,64.10436716909601,2,44.840695955121475
R2,27.412516206185664,0.8772704182747245,57.679459347416355,42.66839449996743,69.65299684845598,2,49.16962267691208
R3,27.077704034769617,0.7772630237393428,51.39396178902024,64.78429479104153,51.10913194398253,2,66.69623436988333
R4,26.90143762287763,0.9882717231138759,54.67248916814813,40.189562205290315,51.09253444628029,0,72.87035570489881
R1,15.002609293923461,0.8286664756320549,46.92676252774366,61.648824052819904,64.7613286436056,2,52.19026862554507
R2,21.352008889402875,0.7416523552359415,57.41395935299904,49.70356169014556,61.98590274619818,0,80.51908130286571
R3,32.55687211668922,0.7891965110336776,46.81103422860116,60.395983354013765,46.63851415999181,0,45.66726407635249
R4,17.888489459076265,0.6434855678380037,47.24260202460438,58.40839523701314,69.6095805626438,0,99.29914084271283
R1,17.58704188884076,0.896227348143627,51.79424305914225,44.48497007902475,62.99418643457869,2,91.16082871480155
R2,20.906986410315113,0.8714713054847324,34.47761904598243,42.877708616670354,65.40272426587346,1,60.16998947178762
R3,22.645855887239804,0.18544491256661733,57.697434674576115,41.1245520633021,59.35948746639809,2,87.57828785360361
R4,22.93711836666816,0.09711262875231741,50.50894085366738,59.23104530388936,60.99362473612255,1,53.878082153545556
R1,15.877982094975788,0.9648088344927376,37.40508284454837,42.39049966556991,44.83541881363891,2,59.85938320993296
R2,27.09606197147643,0.09557996264708324,44.43893961055929,43.12939510227637,40.42669407265522,2,47.87445859565918
R3,23.900381370854788,0.40547774243568224,49.66932337642014,48.12803090452672,39.70106997452481,1,81.8198037150982
R4,29.844389561204277,0.8525770824686477,44.973419783974116,67.48161594651756,37.55325007212762,0,71.28404180248144
R1,24.44044147359548,0.45653504460491934,39.24844663029862,57.138010081967565,40.54629172760649,1,45.90429057508806
R2,27.79835793990116,0.029145155173070814,44.10332492322267,47.083783527842726,48.470340916765196,2,76.38168273293238
R3,30.323297909736134,0.23356453814654576,59.906509928115554,65.78990560267091,57.69522540588774,0,91.63546175023089
R4,18.343711003151363,0.8574099203911234,34.486898946453444,57.81345999805458,49.778014552287225,0,87.70690045446366
R1,16.88184554315407,0.8314883533510411,43.84383303957409,65.95031860279704,36.24323427954713,2,98.18766593519243
R2,26.167925523388654,0.904872684389636,42.45915117103243,50.38767476070845,63.985763608838965,0,62.36926629426482
R3,23.428309040398254,0.9699383713263869,31.693886235356555,51.33923689563112,55.98002647665325,2,60.41350735075244
R4,31.874753427400268,0.07950812511180871,43.585671153923556,52.06197557668356,39.83322769919964,0,74.96877060564474
R1,16.56155930990618,0.26669210153285894,55.57356181306652,69.95599615607016,33.50296773442424,2,72.211048832492
R2,21.055003328107105,0.4837291856284438,30.39360805084922,41.94972850973991,57.13324445993876,0,49.39713696672069
R3,33.122322635459895,0.9341216576916049,47.01744653370476,68.19916740818331,31.803667051450187,1,64.38970719170494
R4,34.541345108800044,0.482838738182236,34.36034311470173,45.4338256485631,45.235281649808734,1,42.87965592056523
R1,24.344432370773973,0.5495777548529893,34.908163317689784,69.61737411511368,35.86058198067175,2,61.403601669058645
R2,25.64747418689952,0.23278067455162887,58.03773408686346,67.3681518276943,65.46021761132272,0,63.510903444901516
R3,19.754757446934267,0.003256667328671914,38.039396589625866,69.64223872864285,50.57788883404412,1,93.87065744142268
R4,22.990130853015618,0.36800312930019285,49.71099517486682,61.85356514474201,40.03244910938369,2,41.31243006316467
R1,26.696160522604035,0.5231778582511661,50.56135800439772,60.771944215041145,40.83338974280295,1,42.328444314643804
R2,32.44828764160449,0.18307227000570614,46.874104798280925,44.82818539483265,54.30842872449591,1,95.79440047604128
R3,31.597226290397,0.19983371602713562,52.607849527818885,62.782498592499216,44.370391781464846,1,70.32464311569865
R4,26.295948386410696,0.6262415917041675,40.59228849221644,44.19863937332034,49.42152811146076,2,60.55890755329125
R1,32.71983293650672,0.8735293585095817,57.084055299539386,50.28669860461358,69.82326023400653,0,40.04595847169087
R2,21.475672375765612,0.9355243463230212,48.32961387993125,41.13084668564227,36.800267567519406,0,44.43976919754739
R3,31.944947740508006,0.3875449776933423,40.76401388206456,42.661860327251965,33.53409457883761,0,70.08153422431633
R4,15.143356607060532,0.06543546468232786,54.40732507546231,58.07357723355719,56.7937522873984,2,89.41988597938764
R1,33.88699877133675,0.5947917164228604,35.731062685816944,63.64310110447484,47.66000340146609,0,40.432441055945425
R2,31.870024173954636,0.26458036950492725,33.64431610106394,59.268798051614326,49.60255902975143,0,95.62043626048862
R3,23.87480900088672,0.05090034164268653,36.90181526415,57.281357737726125,33.84008013392669,0,93.30361602064843
R4,32.026827587494324,0.024869368589353624,46.7280476239221,63.656376326917204,38.35624672122651,0,62.93186643560591
R1,22.904974192555716,0.6474655437779824,42.64133644322073,53.67844301972606,33.367516877950514,2,58.86653413929457
R2,21.65150206536861,0.0290925251939399,58.19968643453508,64.40917880442507,50.23635088119583,1,40.91114098528824
R3,20.889876723899377,0.9360472261956355,33.55752553525589,66.45020157648072,30.57273016054914,0,77.137014979994
R4,21.114509644797685,0.4840208458249422,41.47232333015104,55.00475749743679,66.32908854442229,2,82.83830640432413
R1,23.309607422079463,0.40545499211535085,47.24330899853476,59.8250075322722,55.50144431705135,0,93.88918220109461
R2,23.08539490945935,0.21110093542460862,30.225158359364304,40.731360818036926,58.00327457427781,2,53.543921158561986
R3,31.268863250911508,0.6672485117724402,32.636496155078426,48.601263387266215,30.156778093039442,0,47.61232454335071
R4,20.861563376909526,0.03581437286291633,42.30416177397666,42.099730363259646,61.621611317254676,1,63.66520304219141
R1,34.62643811099902,0.429398007088991,50.28394768659673,42.082285396388514,35.101298910254435,1,60.125122776777886
R2,19.210258342767524,0.27321802525157324,52.09300263441126,44.16864421576477,37.060744708682584,2,59.8158636599127
R3,26.12754221108196,0.7474269671377454,57.91092849110737,45.85799689977485,39.05830288144143,2,47.984997157318155
R4,24.227464117251287,0.09050806781590859,58.49639693393581,47.708827305179945,55.94367136245309,1,62.919733299269225
R1,18.900377733738477,0.9762028599993811,40.80375017600491,46.029509402441604,52.77814863755948,2,91.6631166332611
R2,27.76848973387765,0.39047687498766004,49.03682885291629,67.09425750066188,58.33800394050395,0,86.53348344769388
R3,16.860670208821624,0.49906351424546225,41.16386145869414,64.72522253967196,55.50168163964497,2,79.29601340715512
R4,27.663725065478026,0.04315665273772484,33.689886385135615,50.90746908203092,52.34112333696492,1,54.175667580136206
R1,21.956998523389377,0.5855566582010371,34.393981979789636,50.67759841756858,46.56442309752103,0,60.393814976956826
R2,17.362973354278072,0.8394364867212832,35.74928085312322,41.45462810377039,47.02011281678948,2,78.57869971189497
R3,34.34499849183044,0.4582887620820817,50.203836049198785,45.575868070725,36.61829766188012,2,56.15659069674416
R4,24.595436024460533,0.6505110643031593,32.63250050355657,69.7020613454876,64.9494030936728,1,84.45803587737473
R1,17.766738119042294,0.6714783151586368,50.23054852994463,57.925616025419664,45.448700858466324,0,40.9497334961137
R2,22.486496168309436,0.48927131823280434,39.3161008093449,60.61604897730887,52.390402618663245,2,56.485635857765075
R3,18.876887711899663,0.23967404451331253,46.951254754515396,65.57154447592735,60.581904266366934,2,54.66817082415645
R4,27.045020215762584,0.12231767951739858,53.07510165106091,41.36711595440826,46.6632708350337,1,99.5049099380103
R1,16.400458159177845,0.8394765750670905,42.14955640461213,60.490229272997894,51.66488531688819,1,63.776547463896684
R2,18.599579541803212,0.21970835539404288,40.10707911678366,42.421760594457,53.53872439324347,1,42.4651743908765
R3,32.945231873492105,0.33353400750508255,36.785069833789194,46.37472986063456,38.84666631342164,1,69.93336955539584
R4,34.920087303209144,0.8145979676249794,35.17776009010526,52.48089731655686,47.053176278945514,1,49.752685346497266
R1,17.877943727308466,0.6204527184224311,32.454667610409196,44.92488462186681,38.28784771532587,2,53.96310107251202
R2,32.35362963906743,0.9133615458689125,53.613666245762325,46.77475825548596,40.11198175502679,1,96.84903695039107
R3,21.344732391709535,0.7143968734070595,30.465676086445242,41.74302096807087,49.367247104448566,2,53.89822947753822
R4,26.282455782650562,0.33262010347915627,33.37082739695101,41.047051496009566,49.37712487690176,0,89.34282854174324
R1,16.78065752517744,0.39841735187549054,36.159255041108516,40.3522561938133,66.80285654063982,0,90.36408593053726
R2,34.62721269046189,0.6889415592699182,33.08248339473985,47.158356989280726,68.38836491716772,0,58.879921145914736
R3,29.582515082693764,0.984038464877829,53.63595494753539,51.11808641463395,35.690968171476875,2,69.84939162262752
R4,25.52240696040515,0.4570699912816847,37.17761136663019,58.90022769431356,48.77077403783601,1,65.12901476795253
R1,17.712596688252845,0.7672280971098228,58.51394870193327,43.60856271886572,55.720440886939386,0,72.02042640166356
R2,28.131762031040907,0.15943522494735918,43.574669518370456,43.6696320352697,54.29843796950252,0,45.89759198615754
R3,16.080527926465333,0.25009500498278947,50.559906967718206,54.708306838806585,69.89430757578384,1,97.19287135888253
R4,23.34506169508819,0.3805299642277835,55.02794217334973,55.94539589118823,30.9526710085642,1,42.312366971032056
R1,33.331511533702624,0.017286127305087717,40.026666565239495,52.984597420911804,68.7087600935113,2,69.2656397170511
R2,18.62975018324027,0.7394574914657108,47.625667215922036,48.27807397065517,63.6864852643864,1,56.902883320710565
R3,34.5827145079103,0.7917248413421963,56.676550093104396,47.323067716078015,66.63141439899658,1,69.25534998978338
R4,21.868494003497972,0.35737881611844113,56.60429711498688,58.6369902070401,33.61264160064295,1,46.0195744130138
R1,24.152577024183238,0.008946492643056136,56.61589663085904,50.46914870973161,66.26346034657685,1,96.7043800170666
R2,31.44093493198958,0.3292519264363649,44.51579174603302,55.98511179630342,37.275687388267144,2,43.89122616458969
R3,24.310981537220947,0.6645020986752723,56.10705376952179,46.562656972705426,52.5165458310479,2,60.82740129863831
R4,27.411010884307885,0.9631233761090545,34.64111341653661,65.51636182526684,54.50791851882089,1,89.40244259468052
R1,26.83948772322839,0.9086580682421537,44.191638688189016,55.85172488458841,69.84858973272304,2,88.18083135493326
R2,15.079565535823289,0.2063462229797094,40.96868688488262,60.025475561196075,39.828606963112506,2,84.22938668523483
R3,26.503697677198595,0.8857528261265604,38.888532334215,42.7379734274039,46.675432084718075,0,88.8583326905669
R4,31.250835053449503,0.2171158133396338,50.30046579821914,65.71491141250874,41.65506591245289,2,82.73030150927684
R1,28.688280810373953,0.8933138420073874,55.029888578767185,47.62196465825599,55.07769217107806,0,65.34220851175142
R2,32.75197620905938,0.2639394280473635,37.145836591384416,46.11794769249805,59.300680441575224,1,42.420363320078614
R3,28.7749218054553,0.12117563699626954,31.467885846963966,51.51008825811185,40.34966510058092,2,64.65225322040581
R4,30.29823437277497,0.4325746454068895,49.569969274567754,44.359810452795344,30.710304403324105,0,68.26373688793652
R1,25.280364580169824,0.8706494217262185,50.56694287078817,57.33110424670112,30.963058886432012,0,75.39235743362562
R2,26.111525788236417,0.7651919649069027,35.36721793023318,57.31105708562921,39.54220958453942,1,95.44311417251535
R3,24.66416998988245,0.7896479621118913,39.04175447123784,54.950662867385745,58.327539338579165,1,62.15881952967921
R4,27.649772493246445,0.8514100743685491,50.47900198706523,42.62761697984165,50.76465948777994,2,78.57096885295053
R1,32.83027668937777,0.5547764521243207,58.814169266838846,58.15353250388901,41.57788198452266,2,86.500774643039
R2,17.64143539838678,0.3905983842238723,44.51930807253172,47.628795935159005,48.76466228994769,1,87.02939334285057
R3,30.57130190256364,0.623819575338059,51.765134940583565,66.50963109683305,51.16473501963341,2,75.51924735313571
R4,19.66592441199084,0.4591242836819034,45.70543367994951,40.408092753055215,42.08999052906322,2,88.91245912240552
R1,26.43075276861147,0.45182758760445596,43.82867124698272,68.31780119073153,40.78432622003276,1,71.76031480912566
R2,33.59527080884099,0.6941219518185463,38.18387042620011,56.12176632684184,68.01339986110317,0,46.05861549995983
R3,33.804097980097225,0.5422968866237188,42.5324177146046,40.42465168484588,40.14728434086021,0,66.50571114725487
R4,22.987726843597336,0.6836329944242044,50.872682980907534,51.63748309409338,61.749738551759705,2,59.666694390026294
R1,17.292019891885527,0.553888328850418,45.77214489786775,52.94360775061083,44.08640697664563,2,89.8614794082586
R2,25.957424819487528,0.5553846367134282,32.76863874000473,64.63705610636869,68.64072888313109,2,79.1063596554294
R3,34.1961896466593,0.17952164519892067,55.45166248772499,42.170588288713766,51.66657244282346,1,84.65050284417035
R4,33.28129360663095,0.30260748745635324,32.52934589740776,51.27446893648725,65.71106993913293,1,50.939141330255154
R1,31.38090320778742,0.06721363695644256,58.751536158524274,58.861686172121495,41.0974187593486,0,84.52338871539396
R2,31.919152272065737,0.5757044616275868,30.11566848321508,45.11127511593844,51.591234708834605,1,51.60130674120522
R3,18.11615336025242,0.4396068078038351,43.65871503606887,59.38100602486518,38.257299790528265,0,45.4990845897463
R4,34.432182203559165,0.6502775031538794,32.60407560721343,55.83190692389353,34.462394646023704,1,79.79986402279255
R1,15.930295768827978,0.950088454378677,35.77022954363014,63.687279965915664,41.334563495067904,2,42.40261742528503
R2,25.604405011613903,0.4970916331077534,59.943512359213905,59.57141450122265,65.9861765856424,2,89.58821871480106
R3,29.76947734865678,0.4370495171861787,40.949875562972316,60.80623475428817,36.61850740904561,1,94.39181500401159
R4,16.79298911606585,0.31554943237572164,42.24835927846867,65.05022826220484,46.38103350877003,0,96.33348243253366
R1,32.500269800413534,0.3879075111670738,44.917718170019775,60.50040363900866,65.98179436250793,2,99.69785036523771
R2,31.92468473164159,0.17429808362082688,48.49614382393682,61.79437203079293,41.0222610014597,2,75.1726858055048
R3,30.91189698434823,0.777304462147104,41.28247420873788,57.59240327065065,59.26329313910355,0,47.2999686649992
R4,29.262143217514094,0.2878522877461823,51.650978207503535,45.71055888279198,60.554930559513636,1,99.71191657818937
R1,17.37201820296665,0.2517931142087526,37.60848846277608,57.16448715830499,68.81480211732114,1,40.42236578322432
R2,21.195280661458135,0.6243046103656603,57.15772708742105,53.64801865589605,59.221775345690375,0,87.39130460919333
R3,33.38204008668983,0.954097568671222,30.77549315642855,52.93841935359842,62.63857342157158,1,66.24954162597666
R4,21.114914429050952,0.01802390394338238,40.50212900009444,65.43845210922697,67.162998724457,0,40.978712532493105
R1,32.44498851103228,0.6666363024158104,30.283644682785116,65.29174252056063,41.98859104587357,1,69.9575791667074
R2,24.164137097151887,0.3854056347033634,53.12230916372374,63.54378262032159,50.09070008338965,1,52.91226951985689
R3,19.655398504167124,0.20423981322264595,54.725812382520964,52.661798369200554,53.60298572702074,2,54.107753229869715
R4,23.26865841832464,0.7794936057032684,30.21857972045713,52.34199058024191,37.54194596261402,1,65.75620798684561
R1,21.91075218246546,0.3513242758731816,55.96788566699396,48.155337366122254,49.565130442859825,0,74.47528772374184
R2,30.920825451773773,0.4826937681827337,35.31090556722053,43.362145085827535,42.93871357444206,2,59.11490067573207
R3,16.792126447842634,0.6135445361489961,53.9214456970881,53.52474005189124,38.39624537909135,2,50.743159592970656
R4,25.383062118048574,0.8263232419732603,46.144636472809594,48.39231056128253,64.18262627174528,0,54.07412584504481
R1,26.51410699894379,0.979770749894606,59.40668726312145,43.662694563272176,55.81764592739911,0,81.55021594950043
R2,24.600495087795668,0.6464106162372576,51.1710444972901,44.485546585530884,58.529852183455716,2,92.8544079458915
R3,17.225495316523553,0.4018342260301633,37.69501900903159,55.319396213740184,60.738111188849714,1,61.78139783344627
R4,21.76142034109717,0.9267045816038688,42.6317619230272,57.09926539265606,68.49067376277695,1,99.31738485541459
R1,21.76534233260984,0.7045801697924281,54.99401986634958,58.73088325892418,38.287360559629654,2,93.73185251060534
R2,18.304983251937998,0.45039742630495727,48.72075960086876,40.76995994068954,42.513073420509286,1,55.59550776116765
R3,20.007044577419748,0.6814662521356014,59.47040017562979,51.134579417848165,43.663345312168985,1,96.91861420410177
R4,32.673622278333596,0.6371082095016706,41.3083399980233,69.95697180470458,62.930652474341684,0,66.26787966750864
R1,19.819500990469894,0.890271112218255,47.59248649460796,62.24411619385388,47.63335238840661,2,52.10918370287041
R2,29.48590294142918,0.31178633678027956,41.60831424875181,59.293313940131476,32.704345783927586,0,91.44087652190137
R3,33.87120574923749,0.17454738989018648,39.50185171897827,43.06398366086584,48.78563071485955,2,46.10204828807467
R4,15.743044555663914,0.03889298571684863,39.71118376528358,56.13533002140873,43.97207685745521,0,98.38195762580014
R1,16.30469000209,0.42352302559014854,48.350558012723724,40.89093548252498,60.51123492694351,0,53.336330362258536
R2,25.792082307444968,0.6987288478661128,55.913291604625755,66.88601487968148,58.34010283724329,0,94.40747320701745
R3,21.779504790403784,0.04348096514956934,55.840947004078075,67.09835682493983,67.14398111595818,0,93.02544551775921
R4,15.56732799976286,0.45676190153674734,51.3971013982491,52.015415319791344,58.0030814862167,1,94.20266863297175
R1,20.294072531748462,0.3219314364358743,43.511275399782434,49.93145748358437,57.96532792977021,2,52.518594998267595
R2,22.26227120570314,0.2513079993821181,48.13741139330928,48.04956314272154,57.09850858393608,1,91.26597679070318
R3,29.958776403146064,0.5711410044632644,51.777072937660044,66.80291587493505,50.71354087754646,2,54.41050022566235
R4,24.502213485707085,0.4115196850385979,34.56808498556109,47.325521799424834,41.756123108371995,0,62.669331505453314
R1,22.86912940066332,0.6255123285372866,38.186894860007484,55.00450459048571,54.47353621325879,2,80.70525273047909
R2,33.6553506655915,0.8918111634956247,59.0328854949232,58.25238669258236,34.864128648845785,0,77.60643086022748
R3,23.772275712997196,0.15748207711770634,50.727253357232726,54.36523616192138,44.963461184597435,0,45.32818021200627
R4,32.96748473473546,0.9042622489768198,36.898119220102295,69.69253495956592,39.13008568179061,1,83.73203443822332
R1,17.982841147683427,0.2679159170089107,49.73381820404326,46.59744479482394,50.366920379555246,0,94.24523853133276
R2,21.570540192443055,0.45871874269632285,56.2423102892123,58.37007312266124,67.23846818388058,2,96.62234855136353
R3,16.809924036331555,0.030168737153618008,45.06197446878787,65.26955494025293,69.06875608454365,2,73.94362861741894
R4,17.614017854342528,0.6622351323546939,59.48755889325078,51.23580970080317,63.19556044612557,1,99.1126117567114
R1,17.080007835616236,0.40476691182156577,40.303995290572956,54.24974694858839,69.12658275359955,2,48.318544805596275
R2,30.568107966582506,0.1538628863583842,47.9564196014622,59.42372221792691,37.492749380935855,0,64.7823178714109
R3,25.50360675445129,0.3716029962032884,36.68564025025023,48.24142852073929,40.340013183910116,2,60.08198367398133
R4,31.457151778572406,0.27295092932576215,42.615504650530326,51.725622600337566,42.33989228088146,0,59.89533458020938
R1,27.6085302459949,0.8416259703792099,52.36929783176032,67.82741367728714,33.600803264576996,1,42.73066515735175
R2,31.321888443211346,0.6905496189294928,39.23567132070706,69.77174614198782,64.43993944942522,1,52.62556245578324
R3,20.056685017237278,0.6585615556400588,38.843828265839704,45.225653906043256,33.68438540343366,2,72.91639043739107
R4,22.144661630742558,0.43985294175697665,57.01710494892189,66.59532058679605,64.7139882900398,2,42.369066356134596
R1,23.65132723326579,0.9238645220618716,36.8661318107755,58.580464141376666,31.71372494323199,2,95.3107406214823
R2,34.724156439035184,0.5015567842788702,55.85338233279637,69.85946679825003,60.19847890439692,2,75.89120646469175
R3,30.972204207190742,0.7260827305149938,42.46793685186045,50.75311132176867,47.37551357803424,1,40.55219195052095
R4,32.57733978134664,0.5230440477112479,44.52291483277274,51.82061610409107,35.48190874840857,0,44.90550580813172
R1,33.53464351315395,0.5522466550123099,30.411087957671338,54.07064092567598,64.65742850098736,0,97.26675404643913
R2,29.337755228736665,0.1696847244848364,34.361226420661424,58.86135743044608,56.25150965975058,2,66.75666663131697
R3,24.813818379316608,0.23567554723995832,43.274263090882485,43.192669814131534,43.11937999482841,2,79.08491061061662
R4,15.751496858868503,0.2435452360446012,35.134038798407154,53.90859238954105,48.78242521749726,1,67.91625659380674
R1,25.10188738312797,0.6371184800867685,37.49737154994409,53.081292286414914,51.621754085816015,1,94.49052299501886
R2,21.813223740894788,0.058974446680921666,55.74029176650907,52.062300389641116,59.4978470060585,1,43.32321208434571
R3,22.271544950579454,0.3681753990219644,38.32361034883787,69.07069095844906,35.445557293813714,2,54.38011456801384
R4,34.15425844088679,0.4220398785479428,40.718301455446806,50.52804275770353,39.951994190456844,2,86.06301828988447
R1,33.34275515629702,0.9933020942918097,45.57582501618431,60.28912141699942,53.26836400744855,1,50.5436940504548
R2,31.02343099905203,0.8659328495950411,33.96416855910054,48.85309255115297,62.6957317175862,2,86.7575440508835
R3,19.2076487158783,0.6698994081419829,39.773774582737076,42.707042257233596,46.44312446031002,1,48.03912181722136
R4,26.927559575085752,0.8299898586547494,40.476727944945566,57.500095634727245,38.54844754781693,1,78.19127575383088
R1,31.69276383879295,0.19012959265895546,35.56202362621866,41.0087712022602,52.727329162744105,2,73.29614413522523
R2,26.43411514964214,0.39943340899892277,31.245828079090064,46.57760770884765,56.269247038708485,0,70.31309834047659
R3,29.766902902757643,0.9608409639624064,43.26571139245104,51.73785355004985,57.59257505041217,2,60.94393007413314
R4,25.158584794154734,0.7550370659064,44.026092243720235,60.3448908848562,51.515001885264,0,62.908658166866005
R1,30.228834298044283,0.6352128133372656,34.900629931813015,63.87060807208428,50.168612735075,1,63.3237164759181
R2,20.998889385998655,0.5974504327877351,59.16292883165201,63.478463084751496,36.060443728459894,1,75.90890654876335
R3,21.946960475564097,0.5616611357127179,39.82034762936194,58.96031396197805,52.04784073732082,1,42.626090536151274
R4,16.83147122266002,0.9797327004870889,46.73224701395816,50.76067326141138,54.17094264196838,0,53.94576216410708
R1,21.565908437618077,0.9939280862966714,48.34238783184438,54.88069825985301,37.132278613326136,1,90.77578080494504
R2,15.70802302605915,0.05426473925826103,59.97115142363639,54.98546647913999,46.11685109750894,2,58.28022521629357
R3,33.43988640837898,0.5525706106557563,56.20974336106265,52.447051514895726,69.6130455717504,0,78.69262996534684
R4,25.303642469304357,0.8607627514419466,56.21300760006315,63.3101207624007,66.51897940036073,2,67.08812346496147
R1,18.1930775595082,0.34898681982028745,49.42904252831457,59.234887662920066,66.36064811272496,2,43.874048978604414
R2,31.46501399275583,0.3694836254199918,36.68588730054021,54.56463635824865,44.23090099202078,1,74.98034558293682
R3,19.26222356448444,0.24237241585495162,32.30845094826022,52.02884229460519,33.68664778351488,0,73.35704299300639
R4,16.955587752073875,0.9084919705817831,33.38805882346547,40.91745776111545,30.281004695272497,0,48.70606912474485
R1,20.927325181485944,0.9945559511563775,44.09200505791352,49.719245848035996,56.8706131252535,0,49.42673027159177
R2,19.61440202141714,0.6723147391497728,56.786591287256286,57.1244604804088,63.71013265333142,0,63.50823021399261
R3,18.49889002283955,0.5989493625209382,57.381016846347336,58.36869937279882,45.299165900645605,0,61.266344051202424
R4,28.977887926106476,0.7317840774299685,54.37372144531885,60.21542688649524,54.55594640661377,2,61.68811162419941
R1,26.729674134494278,0.5876576092543141,58.96795233379423,69.08787929409746,62.634742875101196,2,78.85711846654408
R2,20.026374794191717,0.4508169669949714,48.130275566016074,60.831196098254736,56.66011880812089,2,66.10838283014806
R3,24.474831902389557,0.48628025033278044,52.937879145789196,65.72898471445387,55.937566949003674,2,41.59270256526218
R4,19.632386805578193,0.01779584846133997,38.46463590387057,51.35459739644027,64.78387357493604,0,50.65011486538644
R1,25.829757714569308,0.4701164272936019,35.408666122923684,49.69949480321614,61.3364197998051,1,66.5280016106314
R2,17.394717157697205,0.376437101529677,53.529036854130204,59.859533239638395,50.28704331092674,1,96.05136630180482
R3,22.11536297931969,0.8519009610053346,53.93261044398643,40.3146427199858,56.692271643296046,2,97.0449136367341
R4,17.60253436898507,0.06166613342574834,50.833769215231904,65.2690113410931,37.58725481939606,1,62.99121505486916
R1,28.643440961565606,0.9365403387646324,47.47303235344012,47.96251359273627,46.726666754367216,0,52.22321916342025
R2,22.682493006693726,0.022604154582173686,35.366331170753455,44.847986132208035,67.00635449251149,2,44.22528769637382
R3,20.567621457282314,0.2742671556063798,43.0406101625312,40.21546275714607,42.43180587236869,2,63.870190577144584
R4,21.79356088537123,0.6167499336230173,35.01580092543702,52.535107626900455,39.39960823032704,0,53.447139783342266
R1,23.438052982983052,0.9969454007181667,50.997774617349975,61.965177832192715,55.60115411032169,1,67.36902752658727
R2,17.635567773470292,0.47485650262207313,46.97319594210474,56.80652847337137,60.09547982000134,1,66.31889760387838
R3,22.567732111404815,0.8497632772356368,35.15384371665106,40.630676044250635,38.66236261633417,2,91.07049447835107
R4,28.127942523776593,0.7260152153650826,42.04034171523006,54.94512116590869,30.766144175338358,2,72.44165108348449
R1,19.674763795453682,0.48970353717624127,57.5306147136986,65.31391950486294,39.96718165717099,2,47.36839567907567
R2,32.68387302540796,0.31603352726704126,40.37893997353325,68.97228829980489,65.12371567760749,1,84.73329275989862
R3,29.047708133398167,0.641996905494136,54.79149092434551,40.7524930299486,34.12908058958723,0,44.580605681958794
R4,34.151713314585045,0.006144617337252134,54.79281751294084,61.04262947053448,41.440833482246546,0,80.5558036081031
R1,27.103906970990735,0.6849257346019272,35.11678221484568,61.91229563493675,32.07603400077964,0,64.4599618949221
R2,32.50696454132129,0.08022212204023393,56.59721029023066,47.15090144430808,30.556768682242158,2,63.26454488962548
R3,31.816184574526755,0.45633730523376315,53.678232296806996,47.12497184807622,34.14603486094377,1,43.548424971801175
R4,25.794920982714135,0.49945748669404255,47.313981468839486,43.28725020305478,58.934467645238726,1,71.21600057972391
R1,27.257589313021356,0.10274068742129794,58.932782307193236,52.63641364409544,31.236422486896018,0,47.40464452898988
R2,20.261482852322864,0.06696431392077251,41.843101474280815,50.39909529423721,30.800492631304486,0,48.22178085935576
R3,27.815180090724574,0.5846889325597038,33.59203668863988,59.910330479226516,35.78294202767735,2,56.35638350738303
R4,29.373016915693047,0.4001034722998512,55.02561874161049,40.21380347086413,40.02280574361215,0,58.626734496932045
R1,15.14821143084995,0.04829681295937205,33.139413610334906,43.917058667549654,49.04666893700364,1,77.69089077816794
R2,29.403094021222678,0.28267841500043256,31.28215517331875,56.208039452079404,58.071620948788635,0,97.34981444928712
R3,25.369856582855892,0.37949890152358967,52.95234426802918,65.75943561784099,62.23983584566532,0,96.73882614552474
R4,29.622066104069233,0.5964175500726118,40.0742953076425,43.670931580320826,69.08779470625721,0,94.67885113463977
R1,21.303111422524708,0.18933218432339427,35.94919167619019,59.75386272593351,54.649057561807936,1,88.67617516880415
R2,17.645769191917807,0.6441720763069835,46.09666682929898,40.78496861214266,30.211164473123194,1,73.75779039102846
R3,26.927659620934268,0.952983623935856,51.09733069999341,68.81704943721222,58.199406181995684,0,83.31675138969615
R4,21.163661053353714,0.8391255073948307,58.71062437731097,54.50334853359645,66.59754029315648,0,48.37739146363866
R1,21.992243868898306,0.5820686691766584,48.30431679679323,45.05320707892567,68.19165568212289,2,70.66219241026533
R2,18.113717554122527,0.29697822279103503,47.44707843652638,42.05772379207276,67.52789271417848,0,48.40950614138879
R3,19.100906216465674,0.924462935296853,43.75830029801602,64.22973641700345,59.89572624526228,2,78.34286323427165
R4,19.50612917468729,0.7971956176659302,43.985645807548686,59.15823055279715,59.42185737784381,2,44.17598930196564
R1,29.022328812910885,0.9912046557076247,50.164355255821114,52.28554930052897,43.35839547695359,0,70.48372955172016
R2,34.27516104584181,0.40048374068711357,43.75035774092577,56.11775667614346,67.87134058342656,1,84.27775645535087
R3,24.495177264899997,0.1840438280730623,33.832866299696875,61.437335318362706,50.14980607121781,2,50.62413230007506
R4,27.877871915828777,0.8130559771275483,55.65514379624538,49.74615999196205,31.462932294047683,2,88.87345614078035
R1,30.5107159826913,0.26647485900585044,42.34339878363404,60.91664676253617,36.750934469294336,0,58.6948818322686
R2,18.291604196372692,0.3807974595769953,59.7906573527198,67.50259930695566,35.41336602142426,2,42.352436982767955
R3,25.808766611907323,0.4239413719595527,57.49223605912243,61.98468915859597,58.02061159203132,0,48.00996362483605
R4,32.46255628422435,0.08647288271562725,42.43323362694037,51.06736409499248,44.02586546815392,1,86.66876138749458
R1,33.24219394141416,0.6243327201663569,49.105224312423886,41.34383942935739,46.481108414192086,1,86.82767458911002
R2,19.737313514136112,0.8877580058297172,58.24914486482655,62.31192406389852,55.78757751204648,0,56.599404058933104
R3,32.96791302196062,0.14112408533089027,53.44989456314802,59.845303695107106,54.963807572895064,1,52.20358126899813
R4,20.07830014866684,0.8012283446212844,32.26667425621442,58.38011068447817,33.964605820505,1,63.18925437001393
R1,23.968008143138178,0.4390126751744855,55.595141939702756,61.550188078298476,63.874576476309045,1,61.5851502979028
R2,16.705124173350608,0.6939895984802817,53.58297826740426,49.06900473893354,32.82362691740524,1,92.88741123676438
R3,15.67339328348211,0.9308748800623393,45.25700044655728,43.8539433918567,31.721534637433212,1,56.09020164548949
R4,15.639348929468477,0.33467139341163266,52.61932804098609,65.77039661572692,40.61466010822551,2,78.74999051436305
R1,26.881311802581962,0.36669213841733306,54.78199493793282,53.322160939172974,65.60058909156828,0,45.44363904116649
R2,30.105192631876484,0.021468991115112357,37.90557136959778,53.883216410667174,59.384762097461575,1,86.61645148250858
R3,29.351993158780324,0.3137036796342777,46.595950457868796,60.51516373991375,67.73878951377165,2,52.38375535984385
R4,28.352179766941532,0.062107443715119226,49.34805079695612,48.90178945912466,47.658718519697175,1,53.14425614600495
R1,16.5685837326251,0.8757333716411373,49.589356413584966,54.85207939957675,36.253204435769376,0,58.81067788109255
R2,30.598435674989783,0.31331170967916655,53.90366787626901,54.043190414566936,50.89989351265738,0,69.02597136501164
R3,26.438870486969783,0.5345590950030893,48.126845942729126,69.46358364982706,46.07142588182802,0,70.38867935180977
R4,22.62330835223957,0.08552226083072001,36.529461828708214,40.70297687402433,63.5067270680205,1,73.55970462616575
R1,28.04477037399796,0.7511755262031511,45.116284782970645,42.57154454403798,68.55590574356275,0,41.643983317622535
R2,34.05010547578412,0.5479163375272028,59.688213176913834,41.82286527450298,65.50517406732308,1,89.468940082864
R3,34.832846952903466,0.1766719044289663,33.479878129986794,45.60193161754227,35.75592273236112,0,53.306718543443786
R4,30.77112869279168,0.2344806074993777,31.416467318755483,67.01026925047887,59.46287418072649,1,89.38780319276512
R1,23.061260445370333,0.9684546839314838,33.0539420384226,68.22971116619749,63.450403246345005,0,93.70896076433934
R2,27.921364217191975,0.6070024918171821,49.37365135563239,53.18954111255549,37.030990236172926,0,95.14980108654234
R3,16.271939288389436,0.43635728857095457,34.51682524462579,66.58136733782868,35.35065707844241,0,61.11363679158173
R4,34.37519634253921,0.4856727927903244,50.285050557061695,46.860856450195065,54.25793198737304,0,80.41271309835483
R1,20.091127408292902,0.4548449183398091,45.45224065740247,53.94098321825636,40.398035241325225,0,45.62424845272382
R2,30.348428846066696,0.5293848972361751,50.1642323095612,63.618701700163484,49.44919000246405,1,88.24956927847066
R3,22.28559842943431,0.7243947583479295,47.9802554884984,54.57150401702708,42.71626454510019,2,59.3722013804616
R4,19.129308370352742,0.07304474535978245,52.002251871771456,43.33646951700017,68.66710122048886,2,85.68590649862298
R1,31.47838728187609,0.2296033195710918,37.08563806673675,57.06271169293261,41.28022615831713,0,84.1417761781295
R2,17.98304826735305,0.6505880035328845,57.40180643744527,52.88091382319229,66.10851260790243,0,54.12810924262091
R3,23.576473520851366,0.9906626833658508,44.5123663849172,53.021914660839734,43.4981477547427,2,47.48247461069845
R4,25.94994898301804,0.9013315067803853,39.227839072591664,67.97840735310115,51.99606743441734,2,88.11292027497848
R1,27.10042870456529,0.2814882296178116,48.802705598729816,54.36620253708387,42.353165173831634,0,88.89510358370035
R2,25.820245946594383,0.2320541195843383,35.768719317735304,51.77399798318345,35.68213267408122,1,93.11562425980077
R3,16.084234487612065,0.1052307865994141,48.06941040400625,65.3591669056267,31.72064856767079,0,58.34702256008656
R4,29.28454574636088,0.6350128732603404,38.6050262781843,41.75114849563536,60.555055444920356,2,48.41790106443746
R1,24.299008622318958,0.40776715181292045,50.024309600242994,46.99908422615697,47.413097278225514,1,57.16703977833002
R2,33.870299942311135,0.6065385698917064,59.55272537804302,58.357822360670866,58.62688795922763,1,93.20591646456695
R3,32.73027100262764,0.1898217599989902,45.72321143538562,42.337155854827046,59.10545961876224,0,57.479728364432006
R4,27.429277638834343,0.2170441448123679,51.89581945135131,49.85085102211691,62.84313723390448,2,66.14301630714594
R1,20.822783932811248,0.6288493087058261,33.975015105642655,67.53885306694866,51.2369935470181,1,82.04912495462179
R2,16.16841766316188,0.2816832138591723,31.80762607429361,63.12867233050703,34.73038043641176,0,47.714528771067755
R3,34.796288385024305,0.5445484949625783,41.11373082136377,66.95654326343005,60.83765696044309,2,79.37479598847754
R4,29.298191877093494,0.5640798822298192,42.038533219224796,68.43414572696815,52.23824917412297,0,83.88058257918507
R1,33.018665943698004,0.2334815306398994,37.36950549747637,57.48380873637174,69.14789479838134,2,99.86059477715852
R2,16.341597646164807,0.9792205393812793,55.997541736038905,69.35001024635238,34.96549586737509,0,92.4162024413919
R3,17.44580479295999,0.3507543731033673,45.10407971977396,57.04196620931313,59.83215370559877,2,83.44509208117393
R4,20.15761777510721,0.7831311932569368,34.49984457586269,64.13371007410933,62.7938933081061,2,47.036146012100005
R1,31.631271079015654,0.27457662101472924,31.635443997096637,68.24294826644723,30.19946464697614,0,71.19659080733621
R2,21.717192554542912,0.0806510196966218,59.11785673154935,68.50796568425709,52.78214843944297,2,83.17397690417701
R3,16.06544690341441,0.5062416846982405,58.652499273914785,47.63921851276914,32.36684418870541,2,97.62680128593556
R4,33.39164321168188,0.590299108401155,37.72332985311685,50.930732549588136,50.58208253436393,1,88.52064794070331
R1,27.24323970371441,0.9724844847719702,56.06891417730654,58.9494575848948,65.08936634090739,2,53.28618522710791
R2,25.98611811040516,0.6266788525622056,39.86677657122883,61.03985419182531,57.959226675444924,0,52.54415512624241
R3,22.933597428832606,0.5973626809916504,31.64953715724835,47.92003560147196,40.72143114508659,1,96.04519592896965
R4,19.704358080324305,0.6652112420071391,55.6837957626082,49.8423177383721,33.571964702085495,2,58.8492097754482
R1,22.50292992503764,0.5668982118765412,31.102521503804486,44.167924077964365,60.156004424465266,0,73.18370558720423
R2,34.32561556543088,0.8056199738930347,57.94874723794568,57.66592950115965,38.769734797727864,0,55.45018428047007
R3,28.507642896786525,0.6759624433995477,57.173841895493936,59.045846413791466,55.62278447737867,1,86.55497827082807
R4,29.793389182066,0.47295390696500306,56.519326111071095,65.21121724379479,62.68605205029599,1,50.1832639933856
R1,26.276783937956097,0.8896800846062858,58.654941468715386,53.638078931201164,42.91837619168616,0,87.65118122012409
R2,19.79245155961453,0.8549102213134117,52.807379454251176,65.36382699059665,55.336409387892374,2,55.099879716163585
R3,23.17477709787439,0.5096098952120781,37.922520480078106,60.02561530749332,33.22191266911024,2,56.71279006865089
R4,34.31125892061708,0.8121970624374637,38.97274075609677,51.51718933233735,44.995598428309194,1,73.6279946338135
R1,25.91841330521546,0.6138419241275532,58.54201472009956,44.29107147370441,48.090716371639935,2,86.4266279591047
R2,21.091175302966015,0.7698036213054757,40.23507546434794,66.7667975952929,44.34687616311511,1,91.25871011074236
R3,20.53995682008876,0.9890825853576453,42.73764506386686,62.12252447354237,34.61315473873761,1,54.87081784389914
R4,19.27606736028011,0.8944184736851645,34.04762964991875,63.98124062279983,61.56653413184982,1,44.937676782385516
R1,17.056564116871243,0.8243130893200546,52.82431796350332,53.96658581335413,44.23922192464315,1,41.974406265907625
R2,27.989599067761745,0.8199747822087677,37.49745956801658,69.45704909217646,67.0722866035012,2,87.06491025608526
R3,18.477662993541372,0.21649677764295905,46.07533548919457,63.65784065225823,67.91029418218284,1,78.79302839887004
R4,26.76238215407041,0.3653539336297119,43.43408827473671,54.74970795055741,32.59766105299938,1,57.961651843714876
R1,28.296730784948934,0.13921696036052622,33.65134054050728,58.87071417106593,50.37342933474802,1,93.35848648067477
R2,29.561119962071405,0.5699448098824901,42.109118890228004,58.545462707987404,43.87320632954871,2,87.46982923084997
R3,22.871057824140927,0.21931423693889418,58.11786294877635,60.497776642400964,41.25354878054693,0,62.35892559284986
R4,21.13841099898937,0.9029652793318734,33.196236784386734,50.02094551250403,53.51803544148272,0,44.15994044496417
R1,21.93574477477271,0.06821239871025375,46.808737841583756,59.90190246364297,30.88411958199088,0,51.70395728190394
R2,24.857829730962372,0.43617031086601876,47.79871338741002,45.132073953827735,62.15315098568541,1,71.94672719666761
R3,26.925000045500454,0.18610862903499692,42.13725616031669,44.35735956014964,56.29382281052969,2,53.81081260593465
R4,22.609188722989984,0.25151321641862556,31.57686102623792,41.95500130984368,69.52689971427003,2,94.75175478650382
R1,31.664939803062666,0.44445637576062824,50.35309535279816,53.81567793856169,63.13391374229384,2,55.927247770699154
R2,32.390256985918406,0.3370772343813364,56.236528257063,53.143108020909125,68.7605763598074,1,67.48346156742626
R3,33.90891508686963,0.1984508443278019,57.60591457175782,64.52472945066607,45.89810468443258,2,90.42902906343735
R4,19.468366969781055,0.7531136215400644,45.2154410791894,50.40410679655744,44.6430445076859,0,64.69826261911064
R1,17.996254101145745,0.1234342735374152,33.20342736939987,65.22095298433662,54.71820180593872,2,40.52253364407345
R2,16.11482208296045,0.6989491236725975,39.96401835201031,69.02587072394864,38.04157986023974,0,77.40295940905963
R3,26.742900510878574,0.05956999226621629,32.965290392163574,50.504461904596035,51.27570387782997,0,43.652979674380525
R4,31.839057274344327,0.890909035623694,55.42695277221793,47.891668879870316,47.16989286199748,2,76.58039806178672
R1,32.636682570272754,0.3226058058218553,44.803674814350856,63.56862549749544,47.2914168480321,0,80.20993223503201
R2,29.022074164109494,0.42324562477743055,39.771516476483626,62.61892757644629,43.45865071800726,0,69.5451212978373
R3,27.909720146900597,0.6528435199409633,34.20676522169213,69.4353085139969,45.06134030890656,1,54.90791792508526
R4,34.80692788465177,0.04051385957463505,38.41726995206527,61.23855154624161,31.40329770377743,2,75.25439945509316
R1,32.64581167505727,0.45840035318814587,35.50717701441323,40.032590344214036,65.70357955924179,2,46.50145797580874
R2,24.371384206724404,0.2293129324693025,30.986348982804234,59.30566831885163,47.65032916371823,2,97.02915674735968
R3,23.206328004458392,0.20899184006663174,44.829979091364436,62.26563254690974,68.33837001520558,0,92.73158941889541
R4,34.83085053484321,0.11354783533237778,57.18013680126279,65.46759098285594,35.07455549455933,2,75.5005293156612
R1,24.447910717934853,0.5889481272864475,50.322441330821164,45.29999090560693,55.04218562343766,1,78.07241864472027
R2,22.51647206301484,0.013364472117169846,35.404925341414625,66.13608712419324,52.48333230823185,2,82.24258574113861
R3,15.667249330664074,0.8055542906760707,54.62991678407586,41.09696430745403,37.84573540167317,1,84.92705429322785
R4,16.938532666383367,0.2128269048412348,47.44638205049552,52.76714890250224,59.54460766782924,1,54.436399048377396
R1,32.89566567871113,0.4615197427876616,55.149834202336045,63.99658696577215,61.24681712736732,2,81.9149744900129
R2,22.353596983112986,0.9702966305859423,43.265475436461216,55.98254059146283,54.21484413673705,1,47.5214958454704
R3,33.42185815088986,0.664204030042806,35.93759500662837,51.68728309578092,55.682684127558915,1,87.01101382265841
R4,31.971496788510112,0.8732271983151326,55.668950800133196,64.99174181778086,50.47443205563215,0,80.69342850826415
R1,30.885800531631737,0.0907336994943646,57.89725475836902,66.7763602147553,62.18267011919544,2,61.189947759231444
R2,22.59109109505637,0.9851289138659174,33.18362741357934,63.39139311399832,69.22760523054555,0,51.334691417458664
R3,19.849171517669824,0.09713640004094515,41.03666552449651,46.82705115065365,65.42538790008834,2,41.26571235935588
R4,19.30941276912599,0.18841948644053097,40.28521289121227,58.906105338998415,45.26240754342664,0,83.23268119806228
R1,29.07892954038836,0.13825767053610105,59.63366461930747,40.73517350685015,47.572098393658614,1,58.29773257625344
R2,22.055627008114364,0.19431387307934056,40.094649434661974,68.53746889659755,45.385135447752745,2,47.63997079505665
R3,23.681457120919855,0.3308610359280315,42.51386974167558,60.719219746103434,47.433677280549986,2,40.23742166172263
R4,34.32118829958742,0.06680328859668117,43.99660875521093,52.53864334256044,47.73415942741758,0,61.36618214285691
R1,20.071356684372958,0.8992625281623293,33.12277684267788,61.75985195466974,65.77928480398701,0,66.02078340571094
R2,32.9434326872019,0.30724250338025616,43.41955667406921,58.95777075501702,60.44548641387955,1,58.05019281670785
R3,31.841921022421786,0.8105702223308875,51.99884758955706,53.49847545617561,43.69868626432037,0,75.91010602096146
R4,21.409422589033106,0.7969151080673195,40.17272867772767,45.777318175164424,46.435007961166065,2,93.5467849463113
R1,18.61743334162422,0.6623356146417727,39.07456778821783,48.055264332172555,60.904014029473394,0,56.72037854877168
R2,32.76838138080085,0.04687273587730523,45.299592748521974,55.28758531245085,65.87436749457461,2,64.81908481983733
R3,29.92593953961758,0.6323469749914167,46.01972040624371,69.79765048103337,46.91497595976216,1,84.21272149977548
R4,19.12337843283077,0.9619246592774452,52.0650232212489,42.25786161012842,39.11347738931281,1,55.29769752265589
R1,23.07644881831794,0.6252857157611968,47.84230908037189,51.14596452268172,35.55306229283951,2,67.63602308738996
R2,26.37853012123893,0.5751703403064288,37.923181679358095,62.9266489031661,41.23916843607414,2,60.06428884263519
R3,29.978632530982413,0.9140322080284331,46.40177564088712,41.664274593397074,57.42585550420312,0,66.52630705416604
R4,19.994372121878385,0.9036827247476451,43.32107899476478,67.82210512926864,55.935857543487145,0,54.14630851367271
R1,22.63836099603544,0.2840964359772078,59.32892494131974,41.406000981454326,58.4541615523996,1,45.04604780658072
R2,31.77080751929356,0.6548067735870127,33.82354304494911,47.71260837967074,69.57144504935673,1,51.49428047818034
R3,27.162855593061373,0.614524803963576,59.18493088381159,46.83936844707619,40.852194750718716,1,82.28120596404622
R4,25.827384390474073,0.17478703338778745,59.15563290660272,58.067210715919614,59.50708238055434,0,64.25766893875634
R1,18.98143712606001,0.6154818169179337,56.11521805508444,69.28744940577283,39.27123971927597,2,90.05413528135965
R2,23.969419914769468,0.1897358555205011,53.2998783341217,64.88392928092345,54.02961800049709,2,74.78939992485068
R3,31.730497490417118,0.11158016482636657,48.38881936018224,53.78972974933574,67.92966480997515,2,72.79921394811791
R4,18.89725710293735,0.9440660811357807,32.61040157804999,52.75704932822734,56.98284362417343,0,56.43231096141891
R1,20.958254498371854,0.02479534578248177,39.21180505884929,52.13074181743071,32.00973851100527,2,63.17433934063972
R2,19.851311561471228,0.36419783853313403,54.060999572846534,58.065742106000656,65.8972392678011,2,53.993103537402675
R3,28.070916492629525,0.5649340980963002,32.04654213209969,52.15202230716274,51.67225924668701,1,56.22128667053957
R4,20.936855266006173,0.42244283938945915,42.78322401872819,57.939121737649046,53.42922603214383,1,51.90330712633318
R1,27.934601569966002,0.7329471776607113,32.34736205474552,62.609700714852025,35.30541978414155,2,69.0719008637503
R2,22.205950661461088,0.06945088414931522,41.514015606992686,42.12955009245875,35.52247631982639,2,54.720343962449604
R3,23.196736006667592,0.17773716543682616,55.714041890142255,56.93484836202627,49.805255787395225,0,64.90205357185582
R4,19.75334422687797,0.5883542239541888,43.8605846490093,65.10298110036007,61.76784962013562,1,57.8071616362313
R1,21.842863354060658,0.68390524278177,40.926188057266984,58.358505469007945,45.16995587549164,2,73.91166183462738
R2,16.419736271289356,0.9172316116775481,58.57113520525081,68.41694377930978,60.153471244106115,2,55.068596834274885
R3,24.18986288927544,0.7883545295728559,42.72543745171184,69.87718241441374,30.765081929542,0,65.32774820621191
R4,23.16971628936094,0.46154667575922503,51.38521405110713,56.5853024010453,34.80149431431884,0,91.6072830176386
R1,18.825846166855012,0.15862622107090274,56.58955081469226,49.24091613430303,36.57503226321574,0,67.93046211408821
R2,32.95656089470006,0.3508490388635188,46.56781080900372,62.594907443748575,33.135192056175576,2,40.92405312836428
R3,33.84830632930462,0.9732581206163665,44.48494260590982,40.17257120142554,44.09316646816577,1,65.16026866831723
R4,27.86918920325959,0.025435615953924517,38.251813778198695,65.00331578957038,48.231956802043314,2,88.11902452855263
R1,22.279735322381672,0.9179106613845651,30.93363130160047,60.71759398700989,32.28415590871896,1,77.00557333180677
R2,32.9392614410604,0.6628673527577899,35.32761028550074,56.987937227635726,57.0836656699798,1,89.49564515967312
R3,26.791998679463894,0.15446185712380522,55.54779939141731,51.264898527160035,39.965096272552245,2,71.87614510601995
R4,15.972657815617664,0.03599037949615003,45.8195261535319,45.65048239013512,33.8406599418282,1,94.85158661729287
R1,22.893233126281274,0.5260449152594966,33.74703542359623,66.35354929251534,51.976237653224395,0,96.8675019084686
R2,26.42641067028679,0.08609073694298319,33.25815746039039,43.93714320636345,32.21152834523651,1,52.804534375820666
R3,17.377166680587873,0.9469098011095319,47.36323932670901,54.43298072541097,43.52161531210825,2,85.71253681458182
R4,23.56574323051443,0.896820427243075,30.75964186146522,40.91704706760999,55.11257558850495,2,92.10589874063967
R1,28.158467498788436,0.6188888214393644,30.68959709867206,41.85604799488258,37.825361173760314,1,82.44920507484827
R2,32.360999995706536,0.5564938267793624,54.920485445194146,53.364614196173875,41.136633373323846,1,54.20241395426338
R3,26.5263618755763,0.4087690752400631,43.74526601924064,66.53407641928926,35.637776173444806,1,92.6930557236236
R4,23.521362420090973,0.3940562043555652,54.11258007762358,50.232386334472864,49.80905322019818,1,80.55902438239688
R1,28.865300242127766,0.7534629140626781,57.13369877187681,41.450518081720396,41.1728290407669,1,72.03844492114399
R2,15.30929011881362,0.9579121576212838,37.67759950461696,51.19596043385816,36.30281456675143,2,50.64214870373574
R3,34.88024922947899,0.6277054037818872,40.78486663862674,69.30624394736364,52.13375186277365,1,83.64396171201119
R4,19.8154030102597,0.14816528634828385,59.70282581159786,54.42878699390707,40.07862951976093,1,99.76172704246318
R1,26.406679864364495,0.21514290712742556,50.080761611968356,55.7534569238444,41.23972632650262,0,40.562380005355394
R2,16.118406649327063,0.6844489706478666,30.430434879228383,46.347184173865415,33.951588809018546,0,95.68325642380768
R3,20.667866152202727,0.4047582501126713,54.56919318058085,51.10413330984819,63.19450361767777,1,98.37726150667689
R4,25.075956528728497,0.40611132649035264,51.73315123890333,62.89806547453272,39.0897084802078,0,57.668032451339876
R1,17.281307747728395,0.537103046714508,39.22047758529317,45.89005281800453,48.720196854072185,2,51.44699325094316
R2,19.507089525355106,0.6501930387447857,45.70735221731481,50.256791960501964,38.476786055726194,1,45.06051230314751
R3,15.143896316563541,0.19063785995675786,44.8342796597937,55.61283892853458,38.83308247704652,0,43.44945718009009
R4,16.646413273292428,0.6981253147135335,43.93545283293923,51.49029626441387,68.35855970132074,2,69.49433312639087
R1,15.646974445663124,0.4806242658645755,40.156718861563306,64.18240744149985,44.163685909548626,1,94.25683079367516
R2,28.8658767224174,0.13645337592587337,34.271904734865906,52.494768386979565,31.575655732482417,1,50.39601065597285
R3,17.221538313829797,0.38338512864940877,36.8531893819283,59.97396590562886,69.34307128449237,0,87.52305327602764
R4,25.101956041548462,0.5464573722048504,51.67150080351277,62.02806722941439,46.54659479260623,1,57.32360558656244
R1,34.64052548650487,0.2183962332623537,35.6471164229898,58.43078734688043,44.20448171629212,1,56.66646092345022
R2,21.849543422211994,0.9824334970591506,41.99755732711803,48.69787240283196,57.165148466033074,2,56.687773703475074
R3,29.04403943561649,0.6299800946477248,33.43899276283177,45.129634822542194,64.40949469298873,2,44.53886139930841
R4,25.81759222190112,0.6639597016343725,59.5478054556655,57.49047168473447,37.36457316857647,1,56.38593584690389
R1,27.769045397054246,0.4907073283150568,53.936750039136726,60.80531982271394,30.66294874456768,1,69.95325235885579
R2,22.059342638915723,0.8332883810293883,41.74582177871591,57.69282593043088,32.739341574693896,1,54.895839915113754
R3,28.214583405763634,0.25980702572934034,50.90730837845585,67.2271558774423,36.65030013549171,2,68.71876536258036
R4,18.732181530322087,0.2568579702249757,55.678659642133724,42.796245534304674,56.41627089728985,0,44.1944611872738
R1,24.289898742251765,0.657276610139606,40.98725433371826,62.39866303505554,32.72863952045432,1,59.511070395320324
R2,32.92254590360545,0.5008150166758362,35.92454710737503,56.13569053830287,31.617047861810164,0,64.27462198815178
R3,26.40056936407499,0.5973723507913753,30.946027542110013,47.11411627905685,57.57350817462587,2,61.85870002494218
R4,31.973983730361986,0.12035377721656892,46.73218243346159,42.72572852459463,34.700131895500476,1,57.841729308272534
R1,31.427031622320488,0.28321502898961914,33.052318457765516,59.820297618799586,60.2936830128015,1,92.15681675581587
R2,23.49635151640824,0.6842347482401788,38.622785484477156,43.534893126322615,46.42181588889209,2,62.771999762565244
R3,23.99917849663643,0.569771024375066,44.90866318714248,41.0709156833485,56.35090708937521,1,71.70025463704499
R4,26.71235375522084,0.8053836192377118,57.79262696310549,47.7278060610135,37.04016288874956,1,76.48240293260955
R1,25.058751526315582,0.577286440133034,53.29121004721316,58.528535168662444,37.73800208790228,0,66.05889803414058
R2,22.051104969209888,0.07365091802259927,52.76565219501195,58.20056102109723,38.24880547579842,1,78.30524134197282
R3,17.001752623568382,0.7194632026884328,54.358215282229665,54.76789757803846,53.00189881888327,1,60.63370520267154
R4,24.81259701828955,0.6302692371820086,49.43250346767873,63.09188351275749,48.04310995250292,1,73.34774958688928
R1,28.400558189123647,0.285253682253523,40.09552203460949,47.79184155077526,51.15171377839792,1,42.08463212620187
R2,27.520139140749208,0.5678523334080801,37.10332057485709,58.27840002697933,44.65239141348426,1,96.98265854641237
R3,31.003537539478437,0.41115995365747526,44.11843465902468,57.27762367474055,43.17421151591648,1,67.36280119314313
R4,32.80804683695155,0.36891012166392656,41.432636573901306,43.092171663376604,39.10879540014537,2,74.10768692195158
R1,32.362384162366084,0.643321717058703,41.91518366779515,41.379234811074156,35.40084762873262,1,70.94488639564455
R2,33.674805326362595,0.045483257497171414,59.168317395510144,54.95812810454283,69.69970390273502,0,63.24596803797061
R3,28.95699243436392,0.9896933504139359,48.783988070248974,64.44760666704065,64.47336130766872,0,51.19054729043077
R4,17.543878409419328,0.49431891243045045,57.81078268757517,46.13231200926204,57.69084418445486,1,92.43560494686153
R1,34.3520569216789,0.8748673741142718,51.65667349894137,69.30450293262041,47.32090491146715,2,94.25116143075411
R2,34.74823378064149,0.438692181350232,36.667633345317626,59.129369754974036,66.5639322659477,1,76.56734774629653
R3,34.40530243695861,0.6977045892610206,32.56995655717859,56.101551860118626,31.708392006507637,2,75.04633344248103
R4,20.370289147375647,0.08012579843790257,52.99775493781506,66.36023435858161,54.01176514699798,2,88.339654538644
R1,25.423045799705193,0.6004441759625297,46.660459517968675,59.1776032824987,66.72299054696032,2,96.05304672372418
R2,20.92203349728316,0.4812513136127071,33.88741862899198,47.38086322764962,49.65793292742038,2,77.5313659285896
R3,34.97007971188165,0.6420853460911075,36.17267833400351,54.86898251837787,50.763882159342906,2,84.9671790664166
R4,32.67387116293381,0.7908706656818214,40.195301146726344,59.83607333133483,61.147878983075344,0,64.36314814968213
R1,24.318633537376805,0.30924068777326263,30.896044838800325,46.15484628222988,59.808315760996535,0,44.15004187209991
R2,19.116506367317058,0.9746294059085717,44.65758865924762,64.40411169606496,64.44703599131624,1,47.2689109892186
R3,32.21325590718382,0.39491646117934864,37.87901244817048,61.42573517258377,42.74853831581018,1,66.2495639354403
R4,17.188347866430938,0.12818548076687641,59.358877038042436,57.11195171896543,43.04637007922915,1,46.64544002809187
R1,18.553419623448004,0.4258473225796474,57.127438782439384,48.83352018918747,33.06066160410591,2,80.09952723261107
R2,25.60010626728893,0.2447567284025799,40.7632606840286,45.32089333229405,61.746666775753866,1,66.72048846596886
R3,34.25638817520327,0.5675664084419394,55.631033001403594,46.641763032133355,30.11442286297031,0,77.7258908308936
R4,25.192746893932465,0.023803416875117223,53.95338622729024,68.30760583063727,37.58025753669442,0,46.81564790287706
R1,22.123761067038547,0.7168446929883753,32.100581843205156,44.114759450294414,36.07816256587745,2,89.10500207279651
R2,19.53982933736494,0.3710348517148071,37.49119486686046,69.12235669887531,41.50777531220325,0,89.13961602757443
R3,23.41580337875348,0.2649951161068277,38.935701174486105,50.0842842771991,33.01597032692258,0,96.42965276781688
R4,30.111276370524262,0.5987794616281905,45.350972957775454,42.121447943140105,42.75216883030241,2,58.48691749140868
R1,16.741734098845626,0.30734873031828247,55.85983462747771,49.98960989264948,63.95379020645722,1,82.18725900974127
R2,29.803021387840225,0.6729970119183664,37.22555821502291,44.31031947824923,39.782335715634886,0,58.88803098437424
R3,33.35767254608625,0.40555800504043216,31.420408014296786,43.1072548272677,61.56718690110716,1,50.07594416700147
R4,24.097127540900985,0.4136941455536556,47.45042708178121,61.25353280888779,68.86944512387103,0,58.98507383057546
R1,19.199696588324286,0.663902023704267,36.86619397051374,57.85194497755286,54.07632090506584,1,81.53747094783662
R2,20.033342433625478,0.9532155234841896,33.24235680642319,59.668707280371166,68.89327592317211,0,43.86574742850855
R3,29.41984432874584,0.46523303057606924,53.71702696064925,44.07236235404891,57.244243244258364,1,75.20139762119342
R4,24.56249183965957,0.05461352598343672,55.611476930872975,69.86603327556865,65.06588624639281,2,70.86930811661581
R1,20.660371269269213,0.48135484329429246,41.958589343808484,50.85715324430765,34.6219478513801,2,94.53506121162262
R2,15.979316233947445,0.26427666707570874,44.124809150887295,42.983277294421825,55.19311021408814,2,58.73583160736888
R3,24.1831069836664,0.9789807935036287,52.94869421288649,67.09386993635972,56.083017116187655,2,49.586010885765525
R4,31.717832654923715,0.8653572001400843,55.458838936595214,68.33458256701326,51.11668145309494,1,78.04753078280595
R1,34.59409503253828,0.41167391489538174,42.12376440576021,49.448654154115644,53.77766132771846,1,82.49367162537342
R2,34.3114530732779,0.5232418829296416,46.04441611454613,44.91806868559327,40.872959686475696,1,74.43217785603778
R3,25.488596812301907,0.57374337607626,35.249532033771025,49.60733216280164,35.435146991234156,0,50.82947355841867
R4,19.603763492180875,0.9027299852453367,31.665423436919987,42.60900642699023,31.27088697025947,1,75.03726404453147
R1,22.56124683131267,0.4333893970114342,57.35919765686583,63.17250626506715,52.71629870648746,2,45.9600327033772
R2,30.525647242071493,0.6122990267815156,55.826006775145686,66.43514230671373,65.21280345105562,2,77.98757351564876
R3,26.73272495866878,0.8505165851585531,43.340195794221465,64.53816860893339,68.99857806768802,2,91.33567250252618
R4,21.335745200238687,0.9772234900840653,35.93851286622591,48.861616449635555,37.735692127173536,2,81.04623876912221
R1,31.728664322306372,0.16239568584623676,42.86089580779337,63.77117916198895,43.023719601860925,1,54.377296560950796
R2,34.907455621680306,0.8404347495614629,34.98822351224561,53.2012524450246,68.55451116008511,2,92.74220699370105
R3,16.70554370648444,0.5679740065481066,34.91473599658412,57.3435475397153,40.017713367804504,2,56.88472469409554
R4,27.540565776232953,0.43167504768871845,58.776647808399645,65.46899597924234,60.647373615312176,0,79.77386941589111
R1,20.01011865962007,0.302283467193311,55.56283831676848,45.94631274015046,63.489159888524185,2,43.06030366260403
R2,25.358792887367564,0.7323478877231568,55.79164540436922,69.98965745491773,56.03915266240672,0,92.74113456499708
R3,19.644023755908663,0.8234057410625862,40.19286747454285,51.161048053940405,65.47190673730569,2,59.62303052230167
R4,23.358413519041125,0.2307775884825134,47.33028042990628,55.989470264483316,66.0653483794154,0,47.28621218240109
R1,31.416875767932968,0.5715544691207577,59.113471514813966,57.26374912115592,58.592810212484885,2,96.71335210696913
R2,26.157777364345478,0.8703637883980762,58.713017441548836,67.59483230036315,44.420536220076706,0,85.05288844168089
R3,34.550283474290865,0.6684392331029428,54.467381919928435,65.78884903100644,68.78695613095579,2,84.82241551101214
R4,22.531757224955186,0.030138529280995474,37.93513361141321,44.34440429396944,56.27837359973222,0,72.68465463284612
R1,31.66891021271763,0.1670747999805955,58.80678656456985,61.94158185355987,60.66221793730289,0,96.5818862031566
R2,17.118494783299163,0.39643849086433625,49.87627223152651,66.00712207648412,31.63219086023401,1,66.61947885379848
R3,19.26689911407112,0.7391871769232065,34.35164301573088,47.790718280805045,43.37421849940254,0,94.03985232388234
R4,31.93927684201855,0.3326555593801621,40.24719189305194,51.19986954412797,37.61261849868525,1,96.43861316857087
R1,26.66789938082406,0.995628642704228,48.21226684735353,69.46494622377324,57.53402285091973,0,89.78215389537398
R2,27.501000937986035,0.42423180014760253,40.81207236849521,68.32385728026264,58.34509812210702,0,77.65984720352148
R3,34.94141273599254,0.4365710719998315,55.14921483777256,65.63212783771006,33.83447914892311,0,65.54353240147468
R4,22.391287099051127,0.7288423678653687,38.41556036249717,43.63044301496745,35.60782664264692,1,56.871699412564254
R1,27.03196944396976,0.5377791107740644,47.5845248706447,57.575860396820794,35.486102792734464,1,64.14323855833149
R2,20.161245522917874,0.8395510146575286,48.034389732764396,67.22024477521582,61.65076665058756,2,66.6799572315831
R3,15.893791938949898,0.17304984977628168,31.72761699220545,59.3885222528814,55.206477509297116,2,83.84179351274938
R4,15.874344723478986,0.8307004046561328,49.71070667417453,66.1137616590679,68.23958890691392,1,89.53554627170243
R1,23.475840195238312,0.6336143466466828,53.37583485840706,59.51829246889478,43.099987225507455,1,54.13877650607948
R2,30.648291956524318,0.7210221370201276,57.32099535485921,46.34759899067041,68.64679931113423,1,77.02714149527725
R3,16.322331694447435,0.7389304489175353,44.05048808672791,48.590724704972686,36.40121004414902,2,41.02505176077501
R4,25.812514419835345,0.23122088090706083,32.17655449475274,46.58736314786682,53.67227932861432,0,50.28433207646855
R1,15.684532095079941,0.9353254166492416,41.98144040781924,64.96438562629001,50.31374635536591,2,64.157265606581
R2,34.25344538793356,0.773058195309226,52.00863991078854,47.040686782684894,47.64213142706096,1,46.708544082011755
R3,20.037346156689907,0.6575603446944558,41.26727008121866,62.92844942837085,69.41478337281913,0,43.3256632732056
R4,29.597175930894394,0.9047553792680736,47.797900012653486,58.9399803908385,48.704630084383666,0,97.32503193929236
R1,34.25723059296497,0.44689113629985533,39.41674436829635,50.24906254358973,34.12027989837498,1,66.7451377104486
R2,22.101412062761312,0.19458245394994533,50.36957264621019,57.0965035993659,61.82203854055527,1,95.05169904546082
R3,23.01312892909785,0.009233437818083057,33.5421943117017,62.03044119187376,54.254639253581786,1,85.68303065123627
R4,24.492177200692957,0.7107091646551938,48.04606287799014,44.01263672036304,68.61801400708782,1,48.11319359775233
R1,31.845332240969412,0.8496583628071047,47.05474087059474,50.262044879229364,68.31370589574951,2,78.39176204636044
R2,20.880627839362752,0.7019310691929104,42.372127199962655,59.62665944673246,35.39300837260331,0,82.83292945423386
R3,31.548055943779033,0.9096839478179937,32.59236099016553,41.86412520159336,61.64755299525227,2,76.50604787322936
R4,20.43735029251703,0.7352115836976929,33.34560277189877,51.681358201320926,51.019868567878525,1,43.59314344896744
R1,22.510957573398777,0.8884949624813057,37.402668320930665,62.160441185979444,57.3912032891622,2,46.440507851726636
R2,17.68731096200025,0.4006927089816654,36.48112641895838,67.05826828651759,54.39103522035965,2,88.80897545162182
R3,17.272991605764343,0.9450342095622584,57.30983240479439,47.53060689266343,65.23897078980775,2,70.00123214479784
R4,26.599504426584442,0.7003529249907106,41.05322207992618,66.98321051315423,40.86522816908485,0,70.06920763920175
R1,31.097253386428246,0.361204280086294,57.34909987527356,64.08854070919608,64.12462515335932,2,82.21483077130586
R2,18.00295213042499,0.37485371669910006,52.605483787523326,53.8210198425401,50.30390794129077,0,94.55251643888937
R3,29.06796930955781,0.6811652325501572,32.42727088549852,69.4307874489883,57.30385290295763,2,87.19378166836294
R4,32.22580850130219,0.5342394352776252,59.42261248362452,55.08174311109282,69.11573348416881,0,41.228341735340265
R1,31.29954615235379,0.04915482997901777,52.40142789282889,58.944073221181284,34.79831201178428,2,67.54437943136296
R2,24.85402634880588,0.8044013173263824,43.915792024927285,44.978475110286034,59.82568071034947,1,87.11416740123957
R3,31.51188943008444,0.8265802795071157,38.462637493520155,48.34600119429247,43.366984212204656,2,42.355227836229304
R4,27.340946181025117,0.33050300111299424,51.80160933127353,48.420656470644744,46.388426643982726,1,63.1742347785773
R1,15.472504524717905,0.774274823270795,57.90810600062326,65.07482436777788,48.23462354768331,0,87.3025547803442
R2,25.812511226876424,0.8900340515894446,57.108168512767485,43.50172697782397,40.25093201631142,2,58.05084116192231
R3,29.720867551554022,0.10769576672949743,49.30861882759073,52.28044104826304,31.65679834760654,0,91.27390539798914
R4,20.429910889159657,0.22946667832663348,49.52296772840485,42.31342946508831,52.414105800525505,0,71.3372113891813
R1,20.11078503878466,0.7616236442204712,54.35640775305171,55.817490910317865,48.386724312895915,0,63.665882518918316
R2,34.47599110005947,0.24895268962582418,33.412825847160185,54.2602821400956,56.197367002826226,2,46.06312985964293
R3,21.995033174865053,0.02069098563216376,33.65297050930968,52.147274741464095,41.04058717505545,2,68.88478829968668
R4,16.82405050709334,0.3857594131584209,40.13814171739238,55.83086359132636,53.96290944171774,1,77.72640927237762
R1,22.37709873957105,0.971060240005721,50.23230252175823,46.55454341513747,59.95881565952345,0,88.9674279356737
R2,21.384347378783538,0.26902112592600114,47.08643954462232,64.55009335219954,69.32731993717829,1,94.41912540901353
R3,21.49016548774326,0.9590737822993644,55.81221455049169,55.67176442871602,56.879717486492254,2,69.47004545373699
R4,33.56650074949996,0.8595483417390831,59.46895047297862,66.54022186769203,53.90307473757937,2,97.61706832995117
R1,15.138569545575509,0.619961624081669,52.31639824648985,68.58559582684369,38.30070968999962,1,67.36552457912566
R2,18.730349722954486,0.3622722779581188,50.973309556664105,60.335205164066295,63.99842930451188,2,77.1164525968457
R3,27.634450998809733,0.5485884321861462,34.91157315357628,61.84737182408779,62.52185835239082,0,41.64486400791079
R4,15.253590059591172,0.6155719291382229,44.40060213994991,58.72579317773172,32.70446359318863,0,83.60074214148328
R1,32.53240923286068,0.04638870434015374,50.3990131521939,41.599006385297834,60.787241442202145,1,76.40261226564192
R2,28.468763059807678,0.6292271524032174,35.19392695219397,44.00777473156955,50.76691285282236,2,82.30428708465179
R3,26.870116302008533,0.4993656996802228,30.87466258068226,44.80738760295363,49.501193757873395,1,96.6436781824471
R4,17.63335705667466,0.11385297311983944,42.82266362370553,58.74997913452296,60.74744425408828,1,84.0756492060699
R1,18.707401617625163,0.5123524514715259,38.002742064496786,42.48350701269124,67.96744260770006,2,58.699613009909434
R2,18.50679720687371,0.43238880731356666,38.28782161062975,66.06105339465111,52.61480094520739,2,47.928039734350214
R3,24.88906311968141,0.2882802832822239,49.75518125238075,66.79411728874098,60.83599582929524,2,83.4397444127825
R4,32.98819116896838,0.3879489648230615,57.195242343289465,58.98388244455877,65.67271135955487,0,87.76590721149725
R1,21.7426932160772,0.9874174497584396,50.11370282020417,67.03983284623123,52.19268685647961,1,51.877668580283895
R2,20.61053489111829,0.5443639717284762,31.26695175981857,42.31478430326232,32.14079861020447,2,81.86104892684432
R3,20.641358793693428,0.743747468553591,30.652637396038333,55.98514871656949,36.63865712032517,2,76.98125869297647
R4,15.637289985312169,0.1144625155455884,41.830354475541,40.2936913822868,59.48086707087261,1,75.41416700189336
R1,23.98107363016871,0.18156160309625435,51.40496196990536,45.99096243480081,64.97728098692738,1,56.72160129511705
R2,28.671607556740543,0.08558603754921612,47.763877957228985,47.41102002994548,51.95194144512741,1,42.91346507571523
R3,22.162863738578558,0.6644413700941132,32.80602186720894,40.483720461692755,53.03944922721782,1,60.56541217987884
R4,24.199938846533833,0.9151232577869728,48.091849540295016,49.38423202420606,33.98129526199307,1,94.84129412700051
R1,15.598537772778968,0.026219723165613162,45.74876202521193,48.90507237128112,33.27951553399438,0,73.22005905168797
R2,17.570682748037367,0.16990858942982212,38.96243627745344,41.55091876417855,43.60554475247885,1,96.43704435124297
R3,18.269865624182465,0.9985633302179991,34.20234201893083,41.09964391469981,48.50398153822137,1,95.1945600214602
R4,24.55213486751883,0.7330238925481707,54.488506064226094,44.13716828180101,33.997348867838404,0,50.83361384481838
R1,22.11991406000228,0.9746774985892898,34.7158018625359,63.63780373107454,34.6917181168789,0,97.63443778286205
R2,23.59879922780183,0.9044893793373318,44.76616964543889,64.91975782928064,48.49438840378289,2,66.94667837531173
R3,33.56465053990553,0.03917000286272476,57.223754942655674,67.89569565716408,55.46950208704021,0,81.56412580189769
R4,19.761439673692074,0.9235451544879297,55.041952468797334,56.72990727132156,35.96376856734558,2,75.30521355771661
R1,27.733746533836424,0.2974021699621696,53.77129203556177,48.13176396148296,61.53170111945144,0,90.97624036108212
R2,15.085117645434048,0.12055215003198605,54.137274012306605,54.80629255409814,43.659114437512926,1,94.77263248523967
R3,18.820995371859205,0.08821505697124243,42.942355305369,42.1675914088844,37.703358501987566,0,74.32196643428165
R4,34.054569564203106,0.6843673459314237,52.11489093253003,46.8033061891492,69.47033575785429,2,68.19387245690864
R1,15.707866181508127,0.08093165723288798,50.350507075774246,51.2020688224895,63.482635944688425,2,63.2834991362477
R2,32.7445071612308,0.42611081004155227,30.18927804155757,44.491816637543366,39.29763503076896,1,90.23879458070516
R3,33.333735458568135,0.09787498633312763,56.209939164499396,42.616546868117226,60.16621236433297,0,73.50401404491511
R4,20.516810077036006,0.995910323393903,32.962145819953875,56.64105317457033,34.43304917342821,2,98.72315610639454
R1,18.17592875753427,0.1876700151945241,52.900829659334505,53.832488093542786,66.96381877542333,0,70.23733339311744
R2,16.22058133234159,0.02925112377146344,57.25503918316967,58.35418009371175,59.30713828394497,0,85.44170748881373
R3,17.8935650605293,0.8242331360213255,36.75219864410661,42.173653166659946,53.7923790900488,0,64.08976602362638
R4,33.974147590837525,0.5083527919623735,32.690092657882744,50.74086230803442,62.497959597348576,1,58.336875924805696
R1,30.040860602960173,0.7006683552512383,50.75963192398536,51.51180026229103,60.17494118952522,0,45.87689501824267
R2,16.68176693532031,0.9010973054628472,57.67171837046616,69.197212231505,35.36311614991389,0,44.83628233440041
R3,19.707254521199964,0.21273548736803083,46.193081891551785,40.0097688710102,41.27074920111198,0,64.76913239399178
R4,16.429325781709206,0.55603432651611,47.96174926726877,51.84092842940815,66.12528320230443,0,57.83892400710027
R1,17.874855150137424,0.08274073167236029,32.781294417953234,69.14640563524475,62.7102025440443,0,73.26180542322754
R2,30.848620937461632,0.19134326755656106,35.73109039606575,49.244270578456835,43.877193328888694,0,92.61642628968809
R3,23.46350943667155,0.09448769419241276,45.460759746205056,50.904517034512914,52.19898197616371,1,77.94290505778591
R4,19.181442141865205,0.055046537036586685,53.08965103642856,53.74876254200934,69.36743316176359,0,69.33940445179242
R1,32.351692798132945,0.9114166164419732,55.637067920708006,69.03926445709928,59.53745870106101,1,88.11109555354739
R2,21.03802981426967,0.061703445043533756,55.65005393649274,51.62071121523359,59.466588766225875,0,52.0870563846273
R3,19.69527230177465,0.5577752359550142,34.38945167184351,40.65597437404444,64.50805149317571,2,63.14860237592736
R4,29.78714337438386,0.5381717014863577,53.5021508268304,41.813348724659726,45.627473088570184,2,52.883829023524804
R1,23.642340925696658,0.3266761956300861,33.59643488038778,56.08323267981761,54.62167072971896,0,97.0601641098788
R2,22.294793029758587,0.5751251260323891,42.748061370949905,64.91687320896065,64.03621751572945,1,46.81162206344182
R3,31.87580211818081,0.43740238946429244,53.087870744481236,65.67641440949032,45.09126537395747,0,55.99320873944285
R4,29.305167434678967,0.7333751697254791,39.78531908381485,43.721557268231614,37.7431300559733,2,51.7964058108343
R1,16.09108613358853,0.7795876311998112,31.27345285828145,44.763649757130075,55.830231966654836,0,57.49223725368474
R2,21.413548682742892,0.8432819945114054,36.25647331420774,41.25381639234661,59.2008357083858,1,93.11692992531121
R3,23.40787325554708,0.9742050818129839,57.107875119946755,68.85133530446774,53.2267685699218,2,66.89940318446457
R4,17.55288522067466,0.4235770811438291,49.9546365643998,44.55101142478487,56.21420328299141,1,81.26980513599312
R1,30.865045204573516,0.8713838879929873,49.24315681793371,59.167813313687894,66.37880295627244,1,42.69536666340679
R2,22.199059350886223,0.22839177742131644,41.094908517312014,48.33956302165484,40.27540322941182,2,94.73929352128681
R3,23.20640917053896,0.5959409654480458,57.05161198043086,65.84085706347972,42.11526448990962,0,88.99722259901861
R4,20.288603867301887,0.19929732759475993,53.66313880776185,58.719224063063095,64.61773225006942,2,92.24835308815372
R1,19.87905219202525,0.3659433066339728,57.355366447713166,61.55747259395862,46.44362665744716,1,45.877065032348696
R2,19.332305391490813,0.5969713046092803,40.954395895119596,42.7539773154427,39.61230130382799,2,55.857533139792295
R3,22.93851845506336,0.6483143106371395,33.87714902075768,61.9775789553002,66.83781947109969,2,89.72850792697946
R4,25.822597420094148,0.44319856513161493,52.735867968686776,62.014060782615054,55.53542109306669,2,83.7630586937172
R1,32.46822489067327,0.8805710372108294,33.75834995698679,64.59404988549262,62.18212967371937,2,77.92994575845921
R2,32.676836737412295,0.6934697492489076,53.65454797437291,67.20213888434043,40.36962063840678,0,58.01367064035901
R3,24.1732030957652,0.16140003982350193,49.52030033270782,41.02348980596188,33.064727894048815,0,42.17364877583212
R4,26.99090933532146,0.8187998806530874,58.26331875919213,48.26595760304928,48.917208668600054,0,61.675605381080544
R1,15.467000640634838,0.37266797441797916,32.4881233153103,60.202295230405554,36.90949790390547,0,78.75831631306654
R2,21.143393737807994,0.7829739704171098,58.6106222436282,58.67875041201934,53.73907085403387,2,43.8003904072931
R3,27.02568749079706,0.8954417226161255,36.13994833089567,67.02203399077936,43.633549720050965,2,68.17170138693777
R4,22.10820738741288,0.2035594101344249,32.78123425519833,51.63045536086878,39.89532057710222,1,68.41207853509681
R1,28.010331627124334,0.20161503050087648,59.37895826326066,46.095616980241616,65.13953013893227,1,67.93165061512398
R2,33.77406412906845,0.21639173204901874,53.19173683734106,44.19816173108672,44.49294986900276,2,83.6777818753481
R3,21.713056352415563,0.909228700415748,49.69379169379686,44.635687567943705,43.59815967638995,1,73.22105610402747
R4,20.954874208365908,0.842912274955707,43.86035363256575,50.2600500965043,59.7129607166098,1,66.00078016176741
R1,27.432667874506937,0.632274979265052,39.853251979580065,58.806376947806726,65.0418787332199,1,94.86202631878544
R2,19.678375233694076,0.6631333970091934,57.352090019831806,53.500187434980305,37.77179883729626,1,96.46037575739416
R3,21.771062337710724,0.6671906803070096,55.42899412219822,52.28524924446344,56.066316453304516,2,45.615660841684054
R4,20.05174037085601,0.8396172853864459,38.9110079904035,40.09028897799509,65.77008105791161,0,79.19612625214901
R1,25.973524473687554,0.023906043988097925,42.75840382561786,43.773908292716314,53.862921448723,0,75.40633006926028
R2,17.160370349927923,0.6916508825071488,36.04570319779516,59.02835021221184,31.82242644586262,0,56.34116255214678
R3,15.156815334828659,0.5049850394698229,40.03798248579189,47.26252387189792,61.066163896013556,2,62.88634243930508
R4,16.04517123034742,0.8089543943940964,50.81986335473086,61.51940777796953,31.638748328348104,2,91.49607998442539
R1,34.318884159957264,0.7801512968222947,31.184891857706486,46.98952717025969,62.335008354746904,2,57.02444601978469
R2,18.558390338280184,0.34470990581130323,33.30612899624251,68.43834054782475,47.775152499779665,0,51.07894114842167
R3,15.885243171357848,0.9101843103248936,37.7933618537695,66.69852075038591,32.59273932307441,0,88.61649973967218
R4,34.124093381870985,0.4115410379382356,48.41603455740704,52.1033644533984,34.83371320863335,0,78.53500639460309
R1,24.11642038098818,0.45621613102748904,56.24214069036874,48.3236114745289,35.361464894387204,1,45.31035094630671
R2,24.775088220858745,0.9194452921845081,41.280853621757785,63.72789256616902,64.55827421030139,0,70.56357981756295
R3,25.76392646744551,0.7527802141427836,53.80162049058801,44.226967727822704,60.95874902950851,2,75.80988528399065
R4,30.184321464813298,0.15783627882269702,36.5532807419127,54.693957767328875,62.108780753042076,2,97.55118950143677
R1,33.37974393464663,0.8782703264897808,49.05202564004505,46.33778210753691,46.55838037561281,1,94.20582926369039
R2,22.02738418801393,0.82425876816465,58.116389855074694,68.74615920911057,49.67492751789551,2,88.99557778345874
R3,25.29865628983244,0.809730471596433,37.93961101840379,47.34395443987917,54.05601150111107,1,74.92023733295811
R4,31.50773311375765,0.497644942962603,55.36312990500329,61.522084548471696,46.034400437907834,2,99.0495535492376
R1,26.956428943489062,0.9902155009011244,46.15637197467944,67.30367396815274,33.301891537147405,0,86.3785923513171
R2,28.532545301076304,0.9646151423338609,31.23725927272497,51.16415026846749,69.93454878868494,1,94.57139275244073
R3,18.25373981468289,0.5058799890870402,48.161094702287535,44.78964317000308,40.34089808542339,2,48.14882729837217
R4,16.784132199937503,0.23542789891407867,41.14337275319815,40.04178157004347,41.01320377556667,0,71.2399219114459
R1,29.109305422804447,0.5300965087836981,54.47794933336905,57.79072697117321,36.66628510966817,1,61.33284546691909
R2,17.738292613340423,0.978564359691264,46.86821436218513,59.20286287728867,37.535604957885795,2,76.95699124175896
R3,16.92756847991388,0.5457409421701532,52.072773782665294,49.05850165165176,62.697114205591404,0,53.61276201807628
R4,24.51604094391918,0.24342211729628527,57.338606998060584,53.27953057777394,64.49963257633686,2,49.38077667137277
R1,20.304145197596718,0.8088889582712329,44.5068865481122,48.89983962227207,55.38409313577544,0,74.89385521360889
R2,30.626030577018376,0.5930838717805238,46.18259498839017,52.78963032380592,54.78955856990543,2,79.39878260545778
R3,15.356343621372226,0.4942529534833803,58.754056371014634,54.751581153627626,35.5174215885306,1,87.60360068207767
R4,16.88673202055989,0.9705396114299326,56.63345525604455,66.29038864903441,62.214356266386105,0,59.072196965504546
R1,25.28446558972533,0.11370419924690756,53.48788433450123,64.02914787262702,35.6660694051413,2,55.20984644963699
R2,21.573956395954603,0.5600818419200444,31.38046780393342,54.19893356773114,33.94926534016512,1,60.72673288540233
R3,25.328791108398185,0.8649538533239065,32.82151329158967,63.282110008186706,52.82026092445069,2,56.73177336853247
R4,21.828096379753852,0.38936088178388895,37.90837941274686,64.6828816775577,30.702308508330344,0,82.39953117158095
R1,16.30425649232947,0.46388868985830023,49.666411060341716,52.614805567299086,43.45907673784801,1,77.63929916964645
R2,16.846781875804556,0.8573987831137715,43.02924421743833,51.9900573771162,64.73527706385673,0,46.079572833775714
R3,29.64975466023425,0.3851277527169279,39.23089418689915,63.60957118704112,55.26595399195137,1,98.9702470464758
R4,29.23432295943661,0.11283906754643469,48.43545134065009,64.48987273424997,40.461946470494766,1,79.44102147801992
R1,17.411100933169255,0.8161310754130745,44.415395631661504,57.67203671001864,41.36086470546075,2,97.588754623505
R2,30.508994619408607,0.7473627858705647,30.95512175746892,54.133439388599314,51.783257532166814,2,99.18129927510515
R3,32.799058125643995,0.7247131343479488,58.71616327752085,55.67786723834853,49.366147877165034,2,40.79354852857564
R4,21.056179804446238,0.7335842222807643,52.53641057849707,66.8789818982478,69.34040627656415,1,62.55469124107993
R1,24.525175417501828,0.36436980198577196,47.517540858453714,56.49975174788575,62.60744855404014,1,45.87829432733565
R2,16.914389936305348,0.6532656687726943,57.74113469940635,62.82671480129726,38.299368887561755,0,58.92879192228433
R3,17.92456063432438,0.2526177137992358,48.243453505822785,49.00576582230045,57.027393265927785,0,49.80190522932779
R4,30.940310626846664,0.16817536843640846,56.46262048636364,65.87480510224051,38.54359313653295,1,60.480294464117236
R1,15.267220467121014,0.4368854226935308,36.86805484727445,64.75197629820113,32.6348064252969,1,40.160725259544435
R2,16.772194464942917,0.22292514692080412,45.345427463985565,65.00436120902906,64.41311127042187,0,95.41675442572897
R3,25.845503221342348,0.2726768284895045,57.003912430438206,62.83608176180068,64.2471470875003,2,93.169663303052
R4,29.470677884501185,0.5596400426240227,42.57878601529495,53.26274622713859,51.81549453078452,1,92.0114388545616
R1,18.501998879656625,0.13540876888929254,59.77355443084749,52.65908064481835,40.57587847877959,2,81.63485641398763
R2,23.40940419861093,0.058500276196225776,30.567449993782866,46.87830205493584,60.04328884768366,2,76.50519069294879
R3,31.265051800477444,0.43486138161073007,44.20361314316341,44.853509701745296,60.901794276214346,1,72.38123671828447
R4,25.998890156572024,0.9924146717491987,42.47764934566592,65.60007875352161,42.20402482702032,2,52.73453851751731
R1,32.54167753757565,0.37173197918121226,32.346283810080166,62.45154827736251,64.08816511307771,2,54.68701705854237
R2,21.547527646641267,0.9969541795432295,32.15648931775326,65.64414693317981,37.72763974808243,0,46.5703900189764
R3,26.44538302368139,0.34154402268487627,54.693676967172706,42.23804272289273,49.124374830321784,0,54.62558717408624
R4,16.20021337554687,0.4834345684200686,49.97843846978536,49.82538395726142,69.99303143505678,1,93.35116322337525
R1,21.39780035155946,0.6794482405042775,40.93438052588485,55.33905653624363,43.76464026730055,1,54.86991840581639
R2,18.65420543464195,0.9208817760868653,41.06149600123634,57.90739664346155,48.660706767626294,1,98.39238890864726
R3,22.756361135235963,0.32007394917420307,49.47282549856792,42.13666211780743,60.81093681710739,2,59.87022844301203
R4,33.48612462441726,0.05759164242867787,55.63148944517024,57.63276619289141,68.89302141299959,0,69.19023719953393
R1,22.779561458435637,0.2520369799333201,45.762352236423524,45.79335095030923,46.08467072725905,1,58.11225074001156
R2,22.43177432757991,0.11322406201600133,47.06757967752709,42.98665489971328,43.237524393614486,2,83.84798870178993
R3,24.319575428347974,0.2599411841682271,45.17870801206429,52.08585269281691,38.6579420953508,1,83.2417483015651
R4,28.91265261236172,0.7105178033596321,30.830578899977816,51.619189880647134,56.779086734695156,0,82.72145251530446
R1,21.940588876617422,0.4591301862733874,40.35049499890289,45.74048270040538,53.737008672790836,1,43.409473958418246
R2,26.088663561464855,0.5114221541159283,35.64007348105624,58.72390856575702,68.51417413741221,0,53.915484752248105
R3,32.572139655810446,0.8178222369115168,43.52566205036098,68.294570953414,50.677305282833956,2,84.14654828624393
R4,32.8672545296471,0.7082203359438228,36.412572532269,42.63961722764398,43.365068326208394,0,86.36204025913989
R1,24.139301937266293,0.9031825557397838,59.65590225667363,67.37521754307105,51.4060139286125,2,64.62528063902772
R2,34.64874834761632,0.2562478128791563,49.55415900000768,53.77681825871829,55.385643909703965,2,43.75699664305105
R3,23.41760426359269,0.8452942981058224,42.26834321515995,58.50403708263801,62.445295462464514,1,71.60388846495835
R4,19.409988831599193,0.24500422271491717,37.25040140507779,53.136871279540294,33.194393954029394,0,81.17879037052232
R1,24.828634795161186,0.24799580211120698,52.78838783186826,55.707966922742216,66.96412699840909,2,73.60578493843894
R2,31.778494090656512,0.30351852425754333,35.914089370037125,48.7205557105432,33.2777828146836,1,98.7120518613386
R3,20.013785842830355,0.03138999478528337,51.931583918700866,52.989801825541214,31.328260638069384,1,42.18655742954174
R4,23.733624279969227,0.2645699564855566,33.34616092045774,48.12169566663516,62.9473353495443,2,91.53463913949815
R1,33.98741284179148,0.3856856056853408,30.652227840381155,41.376955269890615,51.16047442101632,0,74.87570309517263
R2,31.092619884581833,0.27356814647148364,33.477666784363244,65.5443806992368,40.035713514225066,0,89.94086137582353
R3,28.173746918544786,0.16325240284353237,59.437456554189765,69.17554133595291,30.53053395578591,0,83.10288221949232
R4,22.297368522385433,0.17979130756904305,54.22999373193638,58.853213914060504,44.45210473088065,0,94.07991182213604
R1,25.41735311085834,0.8820469421612969,42.666268555480514,57.48131285147771,30.822409536655773,1,63.296516491671966
R2,24.479854960207135,0.05889557786930821,53.93959306018694,45.89010598333244,33.633235389933944,0,47.95136490451429
R3,25.609757326526157,0.25087364953624125,58.02467827695126,51.62327983569251,55.369061734242194,0,58.26862151743168
R4,30.124650653328953,0.26039543704074763,34.53601997670743,60.34038267078198,41.66727438304575,2,89.90847321136843
R1,31.864091435972643,0.7172634523497321,35.50813703910948,53.05118709209711,41.019314408288494,2,46.689273567184124
R2,27.06022762005322,0.7617860242059163,32.11213816751999,64.17860669588191,49.019519200678296,2,67.69590517612659
R3,25.16571278301239,0.13256369436782367,30.6257411737979,64.48664888527252,34.2770168163632,0,71.6167797292933
R4,25.059066410944304,0.21035804064400365,38.695144542466394,67.17716324741855,49.60750682865789,1,74.19148987677022
R1,26.03431583882782,0.8472522694592678,35.54519527153853,59.02460943928184,55.02939703512419,2,89.61278005501966
R2,15.661542440275229,0.4607816312007982,42.49624828119102,60.63788625388216,34.085255157227365,2,62.96998874586469
R3,16.015144706375256,0.9953372652218252,41.72731250970177,55.865148390593916,53.491751432144596,1,82.23531410678551
R4,19.470971520023234,0.4857617137698844,46.33047223221877,43.07481571397145,69.31446831938393,2,57.693616533883045
R1,20.0187067712307,0.022994742767284748,34.22373155208163,49.50441647158602,50.19806932435242,2,97.2607890014352
R2,30.557309347806015,0.8217376216869389,42.646878429611476,44.36713210102117,37.84515306738071,1,94.80822684014876
R3,15.532879230250153,0.7097604984490454,45.59852767366692,53.21321459568486,63.612420481251654,0,53.03124364558157
R4,20.340635654535227,0.6047455051395316,38.558944725463924,53.449978514462885,49.31108507922046,1,42.39384191625333
R1,27.80925227339598,0.2196243767095164,47.39765086035175,64.78371934905853,30.59330380074169,2,52.52498391571291
R2,31.036201868201974,0.07733483120083229,38.12430743582702,56.424692242169414,49.048004519724174,0,88.09168542010316
R3,27.34325589075153,0.6312786219547348,43.822755725243375,55.980497272893885,38.72364236681463,2,64.11060726526162
R4,34.12642867381263,0.2599821489086567,44.944315524081624,66.00570038785186,34.56927382189799,2,41.79691350526299
R1,27.423758484288577,0.8355445838689507,58.975634925414354,63.07980444112502,58.66474856283299,0,94.75270594253871
R2,30.708567158639738,0.8337614311807516,51.93518912301708,50.87641739770798,45.08301120452468,0,74.5154048867578
R3,18.566704218439067,0.377613754989387,51.74630987842197,61.03395839247666,46.84431814400288,0,50.95908642304444
R4,15.298940331683307,0.2329803167980007,37.107042391362896,63.935106465888495,42.862262082061775,1,72.90728211352692
R1,18.38806708288864,0.05367823111917147,50.42340009818038,58.453422601249585,52.76822974303845,2,75.01105265766378
R2,29.778668545132696,0.5145651268041932,32.85833680962221,62.51170093726694,61.37274284294121,2,89.04336404908146
R3,16.262055891775983,0.7250172522060335,38.75437599829668,50.39513475894705,36.86646519135963,0,41.69672789652861
R4,22.024751154334407,0.9516214412155565,47.41993659555692,48.66463197924521,39.820487777432916,2,71.83196884265669
R1,19.8237862335803,0.7127113468502019,53.40406677803401,67.26574317245345,44.634562705827435,0,96.43491860658517
R2,25.060081799930792,0.1510352114124065,45.27735582941797,42.802006414152395,43.841260195521926,0,88.96910467373121
R3,29.262254298043217,0.31098817150750235,50.543785328425585,51.40092147728885,62.710720439629256,2,97.34564321938444
R4,30.812840309324592,0.010577857891782783,45.397492505271735,56.89707709105518,38.44435559250853,0,57.145288499031835
R1,29.751969195035187,0.6830633222964594,52.692365858697784,56.38295246094802,68.41803529764239,0,59.26315920959412
R2,22.614821244017566,0.8968060825560594,45.01701588845241,45.00844814452288,40.25786198187681,2,90.70011818251515
R3,19.025578281782273,0.8739791432842203,51.23260215563194,52.50073690825403,38.674740923178334,0,68.82919956585047
R4,32.231818221447824,0.2958437237722912,56.49521544116034,46.607458348169544,63.50457659875304,2,86.27667450106712
R1,21.661811408645427,0.8165537607651586,56.06174906415001,40.75108684930369,57.37697718827285,0,72.56723831648993
R2,25.02639389894184,0.8525148085347113,48.234878070391005,51.60503230697466,46.92658715251531,1,99.0652995040409
R3,21.052560108740995,0.7768774090046183,56.99717028103683,59.41497820903872,38.859720508984736,1,73.29431817467098
R4,20.649746957527064,0.48433759870330484,48.326829268596875,62.43680569575773,55.25155462513653,1,68.41653034159191
R1,24.02283223701112,0.36629283837194826,39.98372185777122,49.94248280979339,37.79315208698349,1,68.32726373415692
R2,17.99403326728682,0.7446781234801706,30.590459935638616,66.13202429211493,45.871431902009135,1,74.2086439995875
R3,17.972969725854266,0.7752333169742207,49.40127480000851,44.642947988362735,66.09947492535181,1,74.99607986958445
R4,19.95297479842747,0.6019206187094431,48.064301932070926,44.06918446716952,45.173443550099066,0,75.89923947467248
R1,23.002480425679355,0.10501449475236324,43.29599513471712,57.568560691029475,62.489144761290746,1,51.87471446731725
R2,24.39041976018916,0.9903839348149003,30.80276773026906,67.82008666650333,56.574255541143316,0,53.625589315724355
R3,24.4733583436157,0.2564501691318176,53.00533966388656,43.823827177511916,62.75953177853029,1,91.7641579433452
R4,17.151823995039038,0.9035888174871692,31.73209616360314,64.72874430978004,65.78187555287624,2,82.49811737510986
R1,29.452562803988734,0.5644871330545088,33.5773150029913,58.64509278211325,49.767090785985275,0,76.50850846965899
R2,21.00089805122931,0.2686133784017172,35.13192060478862,40.811400913833296,60.531439726476236,0,49.7594581133949
R3,27.855369403299996,0.29673293182634086,53.0252889606069,50.324913053472244,49.012210716842226,0,64.9488854549395
R4,18.346210159017847,0.8902069519636556,42.01338817008216,47.335225354872506,62.625603092864296,2,47.28224579074651
R1,32.05327563478325,0.7885525030182086,40.8948289306441,66.38343717709665,51.2143165164839,1,66.21039403441458
R2,30.230141616452183,0.8233852812271765,53.67780076481519,55.89470523123412,69.72407083261658,1,84.86168881606972
R3,34.195348331962734,0.7987992480669984,35.22019593286221,61.12431095421831,62.426901671749135,0,45.37295717617273
R4,33.82025116401539,0.10211048008908552,54.841796551671344,65.15177050539978,33.59143477712503,0,73.18689767049209
R1,32.90449707367107,0.5804457758707857,35.32796705037054,67.7643237589865,59.811636692239354,2,93.22724503896194
R2,17.65368704170283,0.6735918223053641,57.71097850282091,50.80770989674093,67.16154309963055,1,89.67800818182002
R3,26.618778745104915,0.38425114096598156,55.28019325850966,57.08918298487039,59.002646623679816,0,82.6138358727894
R4,28.148737191407726,0.2296536277749568,41.61816404277661,58.95789185312904,56.94652445855258,0,78.52794406725374
R1,28.486398387884712,0.7226022773454983,34.14953782942496,54.70389176130652,65.17062798882264,0,73.07679807371598
R2,34.79586442186371,0.026046980142746423,53.840911527022776,69.49934047430285,34.252799386082664,1,80.58416579611976
R3,23.98904903528931,0.7805289180024134,50.96871483456712,69.04534654755601,36.85832914851574,0,47.92257274343164
R4,22.71835117171752,0.8185238433380614,39.013516264514045,50.43046550600187,52.26152774020294,2,90.03955329821774
R1,15.725906381167107,0.9378945994525636,38.58528895504539,64.40067179742698,42.99907058892614,2,85.01609157469832
R2,20.7432280940695,0.452369995630595,42.43983362076736,62.46738627403212,58.451687353450005,0,62.822034322392945
R3,16.658197896621076,0.053859880563174034,38.38891891666446,61.43066209769871,36.26002001562088,2,76.46812890185967
R4,16.978024945109624,0.49684235324886894,53.20007412433617,44.99982481055187,51.8927477592873,0,68.36385712226536
R1,24.768873823379273,0.6529626093410013,43.777741594712296,63.599705766528764,59.65876264394868,1,59.99317161719959
R2,22.98128125139583,0.45782739146965823,59.85796335252045,56.06484446077541,38.56039543552878,0,86.43332519473584
R3,34.27024784799904,0.35506664339443184,31.84463745272313,53.387025621794514,51.20399279557983,1,69.40690586749076
R4,32.986987706564605,0.019660383798344006,40.593330903154126,60.23327818945255,36.600862111287064,0,88.49394508008595
R1,31.366197901715616,0.9991036888110452,44.63104225564378,60.008362387607704,64.86372971983343,2,60.779966922796135
R2,25.426187581096748,0.5580883111918997,33.193605766131284,67.09806308425715,43.92265939179987,2,44.75394878648696
R3,22.758660784575362,0.38620992782760266,43.68303608921558,60.73720693802903,64.13919972935103,2,51.88175422482427
R4,20.797739651766417,0.5218851788780642,40.848635891085024,63.815396209767144,55.67411465420679,2,41.04265060974545
R1,25.192977314877442,0.3800981386636967,45.20546143232408,54.72505558229366,58.34003047127279,2,74.16340843192751
R2,23.945730185983372,0.9539027966350109,37.83795295678343,57.84987229118628,63.49307748356492,0,42.767236728180215
R3,26.626393815698208,0.4888743975922437,59.80555680600369,59.2564537399302,57.419235520344806,2,70.30973323283057
R4,30.598856500295277,0.3949634058274988,37.750311337760635,48.133668786418035,55.12789478295231,2,56.661317216166346
R1,23.54001575630155,0.9419876209414753,50.80134018959559,40.21758981127933,38.159055626020304,2,46.61837380133427
R2,17.928205443839424,0.04353852000934433,38.80717980513489,48.70977593005975,49.34743207577503,0,80.34574381452379
R3,31.16098075085425,0.9654864937705435,32.70057755476502,63.40254419494486,60.38839673564411,0,43.88980509218737
R4,28.87927483475527,0.1557520512920504,37.37420581345268,69.07379406152387,31.751244525778844,2,45.0371135534435
R1,18.039248897297778,0.9050309551117101,54.154863954579554,48.35742970903533,51.50116520418528,2,85.75446371453607
R2,22.027461974652102,0.7347933056716498,31.626488616553335,63.46953859790352,33.47780235020453,2,75.02885870035155
R3,29.688393486807374,0.4009889369256122,55.66062577675142,64.96639857588109,45.662935320561466,0,81.72951299576637
R4,27.921047435631962,0.3835591120926005,53.644221057025476,45.04268276654309,67.38961834401954,1,55.14600822028568
R1,17.080025771079004,0.740362700892431,53.70028062384891,51.58084935976598,55.43144416516252,0,62.9844830232747
R2,32.03547505676107,0.907672287794543,30.831355244046726,68.52858036974544,46.618741317729885,1,95.3436690458143
R3,34.69343103334187,0.893373090176065,53.648425450320254,66.39494461470106,58.87160640406892,2,75.09934263210785
R4,28.73230845005505,0.20137179044336173,43.20024567796191,63.831343921276314,59.91009138230402,1,62.86095253572519
R1,29.652432682429133,0.056368241119260976,58.34766958102059,50.23061787275054,39.243641979369514,2,63.448218388357645
R2,28.74879192683745,0.7502377119551008,54.96303303355518,52.43066353667749,34.821799738309174,2,82.73637698926015
R3,23.315792060333866,0.2765410182113661,46.896269052123856,57.93857158612147,60.746665798818235,0,88.33299906112572
R4,17.28635709631363,0.31554803323133307,50.76737017015945,56.984414225006155,65.33776210080387,0,82.4836862592129
R1,17.39440736350024,0.7278914647077152,31.555603456310223,45.50386290468007,46.61341093530481,0,64.01149306598225
R2,16.59447585321931,0.9256772724601496,58.365333401708014,62.840796523204986,65.31704994804095,0,71.12857575870599
R3,23.614272497470488,0.7495794803285268,43.014842965770164,62.778110176920634,31.85028196912954,0,93.91004525232695
R4,15.363041220293947,0.2508903313721439,49.40520859881531,63.566954051792,54.139307915489226,2,71.1560483733192
R1,32.46469972807482,0.7647287146962799,46.05184744202935,54.376449845714816,58.765163842980904,1,65.01538674182181
R2,24.8311931484911,0.48648542859606936,47.87704973189087,58.432264091158935,37.05797689464825,1,98.39355194367755
R3,24.288453626068293,0.43212221077477764,42.359619048219685,60.98771258099073,69.33246607453972,2,87.3503224130572
R4,21.681849309765937,0.5292166239161474,45.96325728504834,68.30556192142893,49.99842939396443,1,71.7551558120814
R1,17.63071754413431,0.3443245083744213,52.97849180573908,62.22020539049643,64.16561714742102,2,99.06238137940122
R2,28.304535866704665,0.3521954157054935,34.03838904189395,47.237001538413466,69.73015869074214,2,91.44573964494103
R3,34.62357017983578,0.20766416434737978,57.56578829463354,51.27364967672536,69.32794468654274,2,69.47050205267193
R4,20.162653352734708,0.8227169340063429,35.39876430098502,57.479166311202604,68.09895696479214,0,58.733484070161104
R1,31.345445869058633,0.6256728814889657,57.1715221507183,43.20178342765326,38.330853432289864,1,86.1757943246464
R2,34.96655583633461,0.9313132286309721,55.28174311115325,56.65465456251093,52.593823068007346,0,57.49956396057044
R3,25.982139328012156,0.2830114215948676,57.708550842069975,65.33743019171833,40.90864848152698,0,88.67390962133676
R4,16.1702724561496,0.5238695502996896,38.42910285399936,55.59527124073092,36.05572646830497,1,89.18173690526858
R1,20.795309362022724,0.45004702812019504,43.08539259494791,57.11108600528271,30.736028724282995,2,82.36976316603825
R2,30.26857890413794,0.7319621059594036,51.80507145101204,68.31556977477187,35.861277912553994,0,42.430772662715185
R3,19.94649664837575,0.14474429422816903,37.38837494653278,46.48936860833852,59.03831974596693,2,66.51571220085458
R4,15.776657207929548,0.24837130891982728,59.26740408048231,69.93279437175121,34.50949899512369,1,98.02704120180721
R1,33.453290551140924,0.651721491927459,31.3454047045533,41.59666567468944,31.109250470816537,0,74.0967387286403
R2,23.072720410406898,0.19644310154337863,38.93305689659947,54.61408987381827,31.012538065717102,1,59.19949892614919
R3,16.350677502096676,0.2653138281276456,50.96881233785594,52.93380996507751,42.96656247203231,2,82.61589369439137
R4,23.52553007859031,0.09471016434621149,30.997687958758426,51.96890374514339,56.692539278266665,0,91.42049608591753
R1,22.699294020895923,0.8986958332273667,41.54846972340192,44.56421322870882,39.58052316595676,2,60.76354687777361
R2,29.15151304857114,0.669640140056858,40.45262716872905,62.58185967079095,47.04920123712124,2,69.60906584212009
R3,32.170773039783086,0.7762517901425484,34.4572193347549,66.60329834765719,36.09527890603823,0,82.24134059493466
R4,30.916954609999696,0.14990502396188699,33.408489708452045,61.70443195828717,69.56604020695123,0,71.6442806404828
R1,25.988919989744208,0.8562256920603486,50.164223030693876,60.14041731769754,36.66951439247166,2,95.69378154864879
R2,32.22079018692496,0.03218683981765891,31.288268186542158,49.791954708270616,46.81082601699096,2,81.01039073397328
R3,15.851314326379434,0.5590209795457476,46.75199487792831,45.72853561332593,57.4943944800601,0,73.52383865728156
R4,18.77373887732205,0.22402719621576628,33.310796986151495,46.32210655342292,37.711825803369535,0,44.7570723892283
R1,31.92923384447563,0.8828305971712831,31.736607391211404,42.54785662359432,32.49710235786337,1,89.15726990541576
R2,24.451346587917072,0.5272013218542432,39.49379917324292,52.77630539869376,42.11150831612796,1,73.8129219927844
R3,15.998065139490162,0.8361657667759187,42.2502746891773,55.118855113359444,31.792559920551824,0,69.71005065390239
R4,28.36770299556069,0.35978656586922353,30.028544987545065,61.74154253040754,54.52205791958275,1,41.28298057675407
R1,32.25824241497284,0.6485549978684823,45.41400963217994,43.431553234121964,65.24918789423992,2,85.54908532048631
R2,17.36215964346519,0.06627988410950514,53.12814272848272,64.50604215817727,46.21427429792559,2,54.558828995668215
R3,23.011446482246807,0.9192961411122896,54.97927608418442,55.596999925488944,46.47248349941371,0,86.2333487945967
R4,25.06699998081229,0.3448362376013817,46.669558366920995,59.50032200509037,55.34176688876931,2,53.125865854931995
R1,20.778396578339215,0.9607149147118964,43.78838828047532,43.873075664942,53.87778166787354,0,93.50030571921796
R2,17.013693899869352,0.7492437256725567,50.225075987604896,55.99061415579541,62.33332880745711,0,69.27289184512925
R3,29.878145257802817,0.6471882144264168,31.79768744946771,57.23049721939056,38.559515796975376,1,78.59038063125891
R4,24.770142456254234,0.421749433854409,59.45825816475989,56.92433205101176,60.92269293138416,2,92.2941719608446
R1,16.773490366413583,0.47368266071667353,33.18748487154526,61.5998265680656,34.548989539914444,0,58.66659084652352
R2,23.447323248674593,0.37346554765523177,33.571821275414905,45.059124803379454,49.65818146623945,2,95.64156535968449
R3,18.29481621227856,0.6950298969654177,59.562207590968924,56.74505236975706,69.26545066359287,0,75.04148325593269
R4,26.19616683146913,0.0880185432043964,52.94901458173878,59.12276227408771,46.14368529154987,0,77.76720900696414
R1,27.029533565100955,0.426842699832355,51.15125773396298,49.47072096464948,37.012219708599716,1,58.93358964309368
R2,33.73412291966379,0.6343845279163635,48.41832472150241,65.90751508911748,41.91199207097294,1,61.15634741929182
R3,22.72666840204318,0.040786178477297264,44.76679935916117,41.44043965796563,52.79197950537595,1,69.13086884260558
R4,15.693114904188917,0.4170177145216164,34.87731673969371,56.839679157732476,34.79217395895107,2,82.64339703931172
R1,21.534048387273884,0.7331539373206782,45.70311505067492,47.00167282891065,50.965640120117456,2,70.47202938961973
R2,19.823078926705858,0.3638504570763905,58.6833345737688,42.4427126511759,32.70760914934792,1,88.45551494288378
R3,33.049994155139814,0.16810437841932635,41.51968392354679,66.82386528301694,54.75532616165363,0,76.69629837038855
R4,20.941641475234313,0.7789955198348381,44.98309276963954,59.252653540032654,51.40898052807427,2,92.60382544421631
R1,23.00555056739419,0.4653206865839987,54.129056745271754,47.99563365118061,49.598253731127926,2,86.79474112275777
R2,26.001956297513694,0.9696367029920366,56.614358510187714,45.29719276123568,49.2856533346154,2,47.68505795322929
R3,24.200553764682127,0.6968977809091963,58.40134347181403,60.48272601496922,67.19159372425884,0,67.54862681440828
R4,27.39696919530389,0.9633807389108219,46.05213061908874,57.948135347546426,66.52276839806325,1,40.763677249634746
R1,31.470504305513092,0.9766850392531631,56.21186991811908,60.69876719840352,68.98178478041245,1,60.95704472852532
R2,15.844670193678628,0.8793925629706807,36.21235543243996,62.09717269935412,41.134050279429694,0,87.58680380342742
R3,28.891580671316433,0.1894319013345287,32.67023421497903,57.406219627577826,58.958237989705545,1,61.47473394192342
R4,17.850853086609376,0.30928186981902483,57.312989684162204,61.74141927697124,43.6289026781966,2,42.04295148328294
R1,28.36775740846182,0.2450946506383337,43.87256618831047,53.023000843360364,38.921285217844535,1,70.97952657117874
R2,34.597814241772056,0.5297088762432279,58.60611533988374,48.32924883527326,43.45773457173875,1,96.77401253172174
R3,17.72361550231254,0.05442256946236512,43.029683943019954,57.64534143484744,35.14162421970514,0,70.76608472124468
R4,20.268631931123302,0.6232437261745953,33.071853441553486,58.92635054171833,69.33044992850483,2,77.22712641085535
R1,20.33489098000641,0.9044918897333274,56.43176319560203,40.92967301244961,43.17059538536891,0,52.08734490521796
R2,22.623569036061177,0.42919543731898013,34.56726057534388,65.3967912490046,39.22470994851081,2,60.421470171350734
R3,17.569055231312642,0.7351318137173087,42.70452670210401,55.66959620592072,66.62601280225657,0,64.67332039708359
R4,25.42285449978614,0.018942042305651108,50.98683080778066,64.22492329589824,39.9754391598029,1,59.590817063329666
R1,32.84715517329946,0.038777810009895886,41.72043322581919,42.49284410476505,33.79600137018458,2,73.29961763698623
R2,17.94211949038682,0.16540246091998134,48.328635484020936,68.41390817238867,42.98308002600744,0,92.50272878970875
R3,23.088710338480027,0.5127846627908753,48.473031883261456,48.241473710848744,46.5193555152522,1,47.36344194401613
R4,21.03600596457163,0.14240230494327666,51.19827211480235,53.508082935659104,63.927973688219154,1,77.70967531273092
R1,28.239328878881427,0.3160622006204531,41.5549596702494,50.84188052257179,57.188241051261386,2,98.65930226634026
R2,28.79321265484895,0.3254393349277638,57.64688335836499,54.3909360932048,48.95936109516926,0,51.887811322485575
R3,24.485299260558296,0.13353273545167288,38.13281451724457,41.270906926395156,43.71155078010286,1,56.66709197345337
R4,24.6061697984138,0.853771841205495,45.29401492522314,62.55736101826484,39.777790682751544,2,56.59569904396591
R1,23.908191726860366,0.25399128742190014,34.56935740015055,56.42821158887766,66.64787184784346,0,57.68680106143072
R2,24.095915873286994,0.7949033799742677,45.903216982516696,55.67379921929975,41.73165259626009,0,97.37869011734676
R3,27.3702445162727,0.22018066538382963,37.29326728808956,54.65423444970635,67.95297121206248,1,70.32770271224294
R4,28.59455690444141,0.24754777931193817,43.61466267382143,63.95218756374848,51.456594041022,1,58.724891358093416
R1,16.469396905336836,0.9042957495186236,59.96124602410484,67.38339461485207,52.153069125844624,2,99.6341647074853
R2,18.466736693723995,0.7732313220711852,30.15593962494946,64.38460666327825,62.5557102380801,2,81.61553888290871
R3,26.844183934001265,0.36464430568526685,43.01478513442209,46.32786421052523,50.022354105579595,0,62.83644945813161
R4,27.32998464573386,0.27692832703953296,46.113799366816075,54.92602443528985,66.64580482897925,1,44.49847056946834
R1,18.004325383608858,0.6691130299218382,56.599444200126996,53.8268704636594,66.89405358913787,1,59.88859567094714
R2,26.868081513114337,0.8473528757862201,51.16228994579312,40.83929267114227,50.37083353893824,0,89.39957841860013
R3,32.47330687826908,0.11855193497488803,57.76572569819129,61.92661387549211,45.558981312069236,1,45.394402646516184
R4,25.008719810761022,0.7198057849139741,55.52565256691773,43.32437424793049,52.05726652477236,1,54.307822876102904
R1,33.016085141743986,0.29232728370332883,59.04686736880089,56.91506288549781,42.755918034710405,0,79.81489706100709
R2,15.969173118795062,0.3405163028751754,45.60990849520704,43.284899887531616,58.65947750730623,1,64.83680160942629
R3,33.44460754027077,0.4660424189442254,49.06744081606021,67.1677903724489,61.16395872489578,2,48.60574739639911
R4,28.345204289241472,0.6585155907402305,45.55096926778766,47.95283788807784,68.04678195941278,0,64.60240092101819
R1,26.877605456999376,0.6387091189681986,37.63551315791232,42.252443799878094,44.57717260942826,2,59.51038212168909
R2,30.556172003881763,0.2610270192673736,56.91425429590109,47.452606574474856,60.81281245455042,0,91.01326903814302
R3,23.082722399539016,0.2285092692792806,43.208152082836804,53.92424759902129,58.36919818646882,2,65.17197206073999
R4,25.84193462076873,0.5252905158679739,31.582568591027705,56.92153656766976,33.92255472992343,1,54.99946666485236
R1,30.845405511626648,0.22385616343659043,33.41131767033744,63.900684729818586,46.459552519358155,0,47.96712162532379
R2,34.59668164144834,0.9669664766319952,31.01133343269133,44.812451113759046,38.76016539235603,0,56.77975311798701
R3,23.786114286493746,0.2891498822243179,45.3432558297404,51.65682054852502,46.257085289902555,0,64.52133756925967
R4,17.662288925481974,0.01249512277518372,46.91122145635059,52.22442016875918,35.732734949423524,2,57.073329778583194
R1,25.52178757631969,0.22229408312522303,59.141928303902574,66.46744506546315,57.53407622320526,2,77.93094646296927
R2,24.59472112323639,0.5006638103891089,54.94534698457076,62.141400989817825,57.65616933878027,2,74.03997548438574
R3,33.65773590320446,0.5960243330983741,39.411705911527285,65.21023535362984,35.145726275187485,0,59.757204151741234
R4,29.655210962366787,0.26773525435154666,35.97883474158843,66.4583307738844,31.594791114898552,1,78.77066667762784
R1,16.2769082488998,0.05624338427930331,44.853361178440025,69.14568976707966,33.9913655041268,1,68.85564799260166
R2,26.621639828530874,0.8026888628886202,53.069698491182635,63.05926210439501,36.32040134293636,0,98.17722643913046
R3,16.73992717266193,0.17339659649340466,48.41557133945096,56.65878110459067,65.80820680068538,1,92.21069477678131
R4,16.813186553471326,0.9491067856136397,42.49860485156209,42.14737921468775,69.77487251861179,2,87.77027215981997
R1,20.29654880721732,0.7390510750171516,31.20660606034295,50.32490865554096,46.69909176128455,1,69.83976458822687
R2,33.86033019329999,0.4552245980112358,58.00651343105734,56.54442103520368,39.40545808471901,2,71.17777503685855
R3,34.49640776980111,0.6543375274488926,35.57504326365611,67.75787778792993,61.027450291191826,1,62.20126992610318
R4,31.549087305441176,0.46117493728194825,59.282414842232996,56.21412114011382,45.28453852522328,2,95.11746578277786
R1,23.614114302067566,0.6286051707217596,51.24207939505035,69.9731345557575,62.33902635594023,2,62.722699347069565
R2,15.902221548421684,0.9123318539835494,46.54627537572726,64.21736799616667,35.19556764429292,2,43.79194856932762
R3,22.78857718513386,0.4973770864395498,53.11774801062095,43.783406340232226,47.15079700433726,2,67.59849530935861
R4,20.953248325535554,0.37731654046511764,41.25157485619893,45.308692511406946,55.182667538232856,0,55.526698520215646
R1,33.41611721032827,0.5568529274460849,42.81536612903365,49.29741012917157,46.78806777862077,0,49.799798915403926
R2,19.243667440765083,0.27134711076969953,46.776022330332765,41.75995023507767,41.34679747170757,2,92.10665299053619
R3,15.235473617459114,0.9605139708055618,46.661707122637196,49.41979911334762,58.24380684328885,0,50.91368424033225
R4,23.33594927184268,0.9623727690120898,50.99210954444493,56.955842557242384,46.092713084734775,0,51.8168274760351
R1,29.773995322433343,0.8695387400137276,59.15622871234152,56.86699322406177,49.793720384732396,0,69.74792106107326
R2,32.19086754904397,0.4502784206662688,58.433114447310714,54.56014458437437,31.223049401394256,2,71.01673497965679
R3,25.780803273778584,0.3666010605770943,34.016327870322556,53.97456080304703,34.72967694718103,0,74.39854827102312
R4,17.924100206107056,0.33924676146272825,33.73437381225732,56.66918682652957,36.59865963317951,1,88.5569903988698
R1,21.530475581318363,0.19744348254623478,48.16509741387388,54.891794650505076,43.66864647439287,2,69.70638586412461
R2,16.7670510345141,0.46591334490014624,47.278125007666794,58.48980476594518,46.90949650348997,0,61.28509093811775
R3,30.851543020865574,0.3935920425634237,59.771408494587796,56.76575772534494,64.94474063442713,1,46.61083270861572
R4,17.708351207158046,0.20422231473248553,34.789615881000245,57.61921797201457,64.21141933478809,1,97.55220129116981
R1,34.818409893546,0.0658316900538014,51.977062329982616,61.84709642436326,42.67580917396615,1,86.91103057584081
R2,31.49700184721289,0.07030680320911353,44.01081379248598,67.1829294507782,48.980284207708095,2,76.27428927445501
R3,17.631516276238173,0.34942802816221685,56.59803948433191,49.992797027418305,60.26398479929249,0,45.70407569004361
R4,23.37046831317484,0.22562493315927756,45.86627501837647,50.96643571229188,54.35853612926002,1,81.57189632038398
R1,19.39804100907427,0.9422706469611666,55.63506757430406,69.6432824208092,56.538384442470075,0,98.6102099050583
R2,17.51825559189379,0.2031697374788518,57.50823368689094,56.86409025458933,55.048134854411934,1,59.992855352849574
R3,30.767973399968895,0.30461621540981276,46.62036371290702,62.36788709410502,33.764655671398046,1,64.85876003081555
R4,23.137022654616764,0.9647761664143981,40.27408456125201,48.03733321238724,52.402302755239404,2,91.79141067984668
R1,15.234240996165378,0.8761969533465895,59.267646189730954,58.67093637694359,55.4154002321082,2,96.05787835727062
R2,32.83271877296605,0.7532662835554687,48.11203708464226,65.59675498888677,50.23015483733931,2,99.57394645847883
R3,24.395850467124887,0.960471704169173,47.72347126679838,46.45177208412839,60.775991234195246,2,65.96511148684368
R4,33.770132719023884,0.8510036419772153,39.326177660538505,40.76966455466441,65.94160153018149,2,85.31216856335104
R1,20.147647722279203,0.059076013738991295,54.37893765663758,59.72989307042335,44.355413911771606,2,48.945377506344805
R2,27.349832710191542,0.31014541520336525,49.165123598381896,45.23546776851134,31.033063338513035,2,84.3310912223067
R3,17.41679333656677,0.9408612045511374,58.677083749479664,64.66821488680145,36.85664211165773,2,86.43677214529822
R4,33.115182019109426,0.3361846501813447,46.45463381239608,62.01232869277669,61.873996488077935,0,78.10160298258394
R1,19.924956996926905,0.5615849121383526,54.641004948429085,50.91001486167031,41.43880670932241,0,66.69324803152878
R2,15.999427180287372,0.05381665779457345,54.389522568727976,60.30413814576691,41.424063862265335,0,49.914989949361384
R3,25.026267457224783,0.11007130660141762,57.822975650933344,50.69211440864319,62.514181973638415,0,61.96512196295327
R4,31.434442609933356,0.10360847577397048,43.713039842936794,48.71176331754957,63.9484629672432,0,98.15006306754883
R1,34.56685919875799,0.5080903599801502,46.84654832980567,55.92338314513465,51.996738917383546,1,90.42882847452388
R2,24.289213929993014,0.2269921487039117,47.572520507724256,43.287959092421666,43.64344144211954,1,99.14760277691903
R3,30.901166591544506,0.7482628157009631,33.3597620913369,57.91505828438695,47.44065308213271,1,89.57837380609772
R4,32.86696948448173,0.5007781896744503,51.983830631353875,48.76105303598034,64.05552573592907,2,54.626660830088326
R1,23.08541396643097,0.5690099650416418,35.709694140471875,55.83093338715446,56.43925726112452,2,80.32602101855004
R2,25.52678002693021,0.8449574041322251,54.43739907684596,40.258015314435994,45.98146195206844,1,46.63804902650904
R3,33.065645938938815,0.825316067229895,39.94188945374713,47.390663223923255,43.89257737909853,1,50.451748918910525
R4,26.60279597717438,0.5364080428315198,59.56893566732769,66.50113516565646,41.760070177407215,2,49.62062602663546
R1,24.120499975627936,0.1613920745773606,53.70258408138332,51.891948242811225,57.8481185505355,1,79.31798315867363
R2,23.01806251326358,0.25420219600085114,31.41795542622634,50.49543840933389,34.763150290816604,1,54.19211216961021
R3,18.949770489578057,0.28621757781583157,47.51700414016902,57.490035294697435,57.00071514313033,2,82.14559471117809
R4,32.752229700576336,0.1321066843297326,33.617402259425965,62.052748394749564,55.34431576049924,0,68.3866852634037
R1,16.745001116083152,0.7504510293552907,49.94189093479538,67.89167895864153,56.31072169455812,0,89.40576545033042
R2,34.48631471293956,0.635040117723171,59.006457279898186,55.0461079476804,38.92594604069613,2,92.67102955581704
R3,19.340291004720733,0.7009213645701625,51.91424160704966,40.91651838588903,55.178095168911526,0,46.230088450521855
R4,24.737023309288023,0.7558554484416333,47.07749705313675,48.16331016653949,59.44287405770548,0,98.78857313038858
R1,32.01217576621643,0.951028765392144,46.570393994718415,63.33024307868802,51.050396394549956,1,53.4245178561921
R2,16.64661646361324,0.6615357182453088,50.531313718804086,41.41721889245902,55.05401965233389,0,97.34007787989057
R3,24.912659363966682,0.8035898819915063,39.977608617666725,58.16502761604587,47.86885814504154,2,72.91891279247422
R4,24.75807359278295,0.6881724046337966,44.303243726790775,60.034518278128836,67.04240005011032,0,66.1352574345
R1,21.440458851802674,0.0680419525017335,58.937365323948974,42.24657296587043,41.22268788522899,0,60.669066987286214
R2,21.220367996384386,0.5928337672993972,40.822568841339205,57.35218826994867,46.25456437295596,2,50.65027438078823
R3,20.630880279819216,0.13918442128891495,53.1179377838949,42.472529870689286,31.821472323499023,1,49.848912187061
R4,19.325687172860984,0.4549448782498948,50.118749995486496,41.76036652117344,30.206026925144876,0,78.2743260088142
R1,22.48128904347583,0.9387914190897662,45.53630019850108,44.18902107037812,67.50072686594382,2,82.1546580764149
R2,24.42126385027003,0.08005792671449219,51.37734137216992,62.30144162367168,65.99299968791235,0,87.02966187497128
R3,32.18270839747064,0.4029137728320701,37.91965334857036,56.72360692246413,50.643755523669924,1,95.40754824940078
R4,24.509781998055303,0.8528333150009724,51.7416965288144,52.092532653933105,60.22547227777466,2,62.0677082150968
R1,23.420435407975237,0.594101132440862,53.16106520391499,54.69375830662801,43.800769193796,2,86.11775450827331
R2,28.316628754065945,0.6600865947426229,42.20559661263333,63.158403480691064,32.894390820006,2,71.97846613063035
R3,28.459949001729534,0.6039092306582499,49.72512960856517,55.16661691370597,47.68055692208381,0,51.11731707095767
R4,21.780386915339758,0.8033004962616157,33.62887290459192,40.49753129668704,38.823566731893486,2,61.08793855585754
R1,26.615427186216543,0.34286913951090336,51.92290941732198,41.61558338539758,36.070372643089556,1,90.87577933497172
R2,24.28304667799822,0.1405582965214054,47.939136098829415,58.16904708354737,48.35327580604166,2,85.68749459312764
R3,18.10252339537167,0.28608291682991205,55.20538366523114,41.81659871698789,61.85499554029928,0,65.37824736171163
R4,26.945600412313087,0.5261429838322744,49.061140450418335,57.901079299028204,47.1994417833276,0,83.90621077265521
R1,22.89651964043896,0.32474875338674913,31.17244401369122,69.00369053406762,32.691158158834725,1,66.07178703521092
R2,33.31431934741417,0.2716545791815671,59.05294404649548,43.486239738124915,44.56698177403456,1,79.2836635800137
R3,19.065816417055196,0.3775753484118032,54.134217499346306,49.67917349963702,60.53102791259323,0,90.91685875701907
R4,27.096692981031293,0.9271655566168197,51.7870169660396,43.66856173026528,47.35205690331331,1,71.36867207492578
R1,20.796739126488625,0.8222923938816418,49.097586936467124,46.10048511946637,67.23410417381857,0,75.25116850268026
R2,18.700502496633526,0.7491165953636391,57.288190375747135,49.05492472265637,30.79248334266856,1,54.49435151033031
R3,23.57361118245141,0.7245741435645023,49.703774252341184,45.69811407311738,44.76525746464908,1,63.52103627442604
R4,29.074744837593855,0.9735220319551623,45.30875179119368,51.32688579500927,57.05493868090772,1,87.13290333302055
R1,24.6839974320239,0.46445342955197066,48.12309692469276,54.196548204814974,47.11593260480882,2,92.44144145054165
R2,26.816383900020035,0.48147874544974956,57.244867277567494,57.85024036071299,33.776863829460446,2,54.43640339558402
R3,23.45446317320106,0.7011584297838418,57.48575269968205,58.226278638022244,62.16647874377747,2,47.68259191757542
R4,16.57271564507989,0.5745387824582091,41.59676284448963,66.72045133672619,51.17099192281276,1,97.00298171537827
R1,31.080656576219127,0.2169397557675744,55.24839250873045,57.949566159699785,40.00202317884525,1,95.2646496016799
R2,28.608555377237398,0.2119252443886619,56.72884764475894,58.37976715233974,68.56519496464112,0,63.9966851612908
R3,26.10068969670438,0.2592061323859538,53.04701735581243,64.23330059791158,61.76555477517701,1,45.885199816118636
R4,15.800193330462973,0.7587590223984898,36.74602386071429,40.79159512239652,44.201103008542866,0,40.45972921150141
R1,34.293860242470785,0.7936979313965619,45.12426428593214,46.477766164055325,58.950631937261456,2,70.13602674474566
R2,16.90249320722289,0.8253527533991807,59.702437836165146,45.99579857144014,65.30853898296033,1,81.88432756180168
R3,26.548882451986366,0.8093680144612146,31.72478988409031,63.00471749557525,53.69478565304894,2,60.53190689706482
R4,24.054942308666767,0.17078397897752262,50.5259672068041,43.032559120918364,47.114396124440745,1,75.44224285416698
R1,15.922458676682748,0.29094055398132834,45.427426721453344,42.48677545673386,63.488437925860175,1,80.74754486609183
R2,18.99612925476741,0.5549610042391214,33.074438337955556,51.85854692757448,44.27017389143422,1,53.24893949574815
R3,32.364499459383985,0.9887859351938451,55.55049399717129,54.845751418736214,44.904227816060924,1,83.6225227772987
R4,29.607860789694882,0.6196043763585931,47.62872113769225,44.03331762776088,64.96257894796116,0,52.050387276083256
R1,34.46032418987227,0.4062626965657037,41.26278436288035,50.371931154752616,66.45731765171264,0,74.77759049825923
R2,32.60754178399149,0.4200498745278265,39.02233480317133,59.154357643091174,49.12918770205491,0,77.81115042979255
R3,18.882099018871624,0.8417096332638886,38.78775589325944,52.42613752942653,48.40815453744464,0,49.51480912790735
R4,30.18575195589216,0.785876052691431,58.26540868951801,46.001098702814566,39.51928852361463,1,77.11782832984832
R1,28.772130750822498,0.7392187994985572,43.37404090679897,63.71097026635174,60.165934664829464,2,95.26345619999239
R2,18.22763522936247,0.1659926281229276,54.30590600351677,51.15920902373624,46.26540526725354,1,44.963473876356666
R3,24.52716540686886,0.4036102213029251,53.35554789010037,43.357910647777,52.835792061678006,1,97.03784868181566
R4,23.558799435331352,0.5880480647953702,43.3410767183629,67.24550633658555,31.246656354489758,0,75.28578547406246
R1,20.425370923050092,0.25499679500652495,59.337395791633696,69.97881569230111,39.365821505917,1,97.6123102287758
R2,22.462913451453204,0.5402507764605338,44.771546498732306,46.87224940166976,52.40999687386099,0,79.92878797934588
R3,16.722274168848724,0.4945252455555178,35.700258694829266,63.43276342342831,42.40665933914281,1,54.41574474957105
R4,26.1183948230586,0.2791428971955877,38.643178339747585,51.303123974787056,50.084812819798955,2,89.05824711630517
R1,15.368601103779682,0.4587167364219412,57.35122585206448,58.014659833975806,49.893920049835444,0,48.02059609342129
R2,18.951239118264485,0.7261795554773596,40.70492855876688,69.49934278768595,54.910102675397894,0,62.78176115006896
R3,28.55979397212215,0.4886017341131733,33.20525438794658,53.382911454712875,64.82413144589756,2,50.46495880829112
R4,17.303074291293555,0.04885725180216882,32.286407797924745,68.5576971422298,68.83476062418734,1,96.38643268612189
R1,16.64448689918983,0.7542574333629866,41.90020259834388,42.48488041271142,36.09865434574876,1,47.750094429949996
R2,34.89666134421741,0.27355243257296336,45.34840936896131,49.871197093626016,45.79321007557334,1,65.69729503266082
R3,33.816431877684536,0.6531208890554555,37.9676208467195,66.24822894988003,65.4784311853028,1,59.44463693339988
R4,32.38748812698586,0.8602036631684621,46.065749340728416,48.0774706293574,51.52560512657216,0,87.75423572271346
R1,15.723590915377779,0.27600739596360513,52.3912700867187,64.55007437035016,50.375779078816336,0,89.3959712832314
R2,30.905671912919033,0.5993723222554883,47.7466090881382,47.129477375997375,55.05464189769357,2,56.257235568739475
R3,31.459262483887056,0.8713163963968918,56.919787424671796,54.47362115621629,67.71151926617341,2,84.36608464706688
R4,20.1763548599512,0.6204653664969855,48.00265086744805,68.48592366814292,38.937614772787526,2,91.53853527667023
R1,16.185369318229817,0.3302091590743762,46.02331832199762,53.26646287766517,65.75086037125682,2,79.89552657261586
R2,34.97754293547337,0.6012981347493678,59.185989269349555,48.31219123094342,64.1261702810277,2,82.79588506009047
R3,22.30681739178592,0.8494108657692421,39.98480276410271,43.477906551739075,54.66251682735738,2,47.89432666252886
R4,17.792498154164722,0.07671384588132235,55.190929562961614,44.417740824936416,36.67113571555424,0,51.3562157786171
R1,26.983398170638715,0.1301426127933999,35.41129775810988,55.49286055540278,62.93121399060071,1,83.40010609823224
R2,29.52890346209598,0.8549540740161734,58.747204372891815,45.068217874413236,48.39910315373574,1,64.46824663779554
R3,25.98663112675907,0.7947584063917256,59.323015371444555,67.8518623111518,61.201537838023654,0,81.10605101432861
R4,16.73566160313337,0.11263339277371565,50.06222273902209,65.51888102621001,56.44282918768499,0,54.396563392919504
R1,15.757125758526769,0.10997929011274754,40.40446276859264,59.675144084949906,35.711630061671904,0,89.76642705731074
R2,17.468879227728916,0.40308321809688397,58.12951934936146,44.48155047091243,59.91977900642186,0,58.12119542229222
R3,25.391688806497214,0.41110911490149205,32.102028262456884,42.43360411483708,48.85568193497275,0,42.86792402249144
R4,29.952318888217054,0.4507972913316165,36.572566124930425,60.65163257615343,69.26868595884869,2,70.03363325139748
R1,17.538157352647758,0.16197508688095708,50.3004124821814,48.81726369853212,55.11743220620572,0,92.05275524835912
R2,30.927010974353568,0.9418381879559304,33.02654765387904,60.40344209105539,31.48563792628898,2,49.640795265015846
R3,30.587878995031517,0.932746180382401,46.28944905802022,45.746650998008455,46.56228254255964,0,90.19913464204643
R4,23.818003512114068,0.31793707487347644,42.336518859650795,65.16129993202603,43.348616950217966,1,92.63562726354812
R1,31.390734341452713,0.7852598640877894,47.237238426848975,52.90736430073277,35.59666980078557,2,40.71336548248132
R2,30.463832154840727,0.3650251473107783,59.48611082368667,52.06311321882496,65.158832485585,0,60.01322890424689
R3,16.072324647677622,0.5606985169592028,59.89273224723507,52.51006849768429,33.85318964982857,1,65.47593641263269
R4,19.238784351188514,0.8464067039048118,42.039489155288386,46.953809533397894,63.78380127475949,1,46.75999433640423
R1,27.062630064451696,0.5428473610686584,33.70003877717754,55.18251324846965,60.6518311298547,0,67.57283675625625
R2,20.39329530933159,0.7393911912526155,45.87284054718184,56.06480924634866,59.71110858341276,1,94.038873359247
R3,17.60280084236442,0.9543944333382594,59.35633590452879,40.46364133952298,68.3002638363491,0,42.179880595846335
R4,16.857972884872098,0.32605688992151216,52.82742747467745,48.1639537995305,68.64676293315242,0,90.65136447546132
R1,15.582287275852826,0.42930594972259073,54.34125894868332,57.255349039235185,33.95027539271,2,92.89323092777688
R2,16.045034234196006,0.05709050767870183,41.02511251901067,42.60730930046262,60.97047549109466,1,73.93806314284853
R3,33.426344037810736,0.4895787169787569,33.42949825571475,51.35532863296419,58.85818562338406,2,42.72857788151472
R4,31.956891142248132,0.77901713075368,42.04892347420065,43.992389806948715,56.042882261596844,2,52.71356855922901
R1,31.094310547076475,0.8891830100567033,41.11828256549753,69.8644300220863,33.02746141139809,1,55.356183022596966
R2,34.419507482693575,0.38518745329177784,55.52969072988331,42.597357231833115,31.87234242600266,1,65.42736063592397
R3,22.93467425708003,0.7549548883549141,34.8179739720578,41.54774638012568,40.6542431712944,1,55.998458612051095
R4,24.812013563932105,0.07438401365640268,48.73088695493743,61.460566624811506,67.38270852245726,2,68.72302843314503
R1,33.99249175926097,0.2521849841478073,47.869998906408455,56.313829237962565,36.00107441926939,1,48.342535314633125
R2,31.706012759837023,0.8921858366423298,38.53991321629658,54.063611551269766,43.755303208452936,1,94.8818778496526
R3,19.53438214704328,0.2664504649557813,35.69582523798866,56.94843453931419,69.34237205234221,1,94.75233562569807
R4,19.862984048803394,0.3936439006901469,44.72887900367654,40.92490240718057,34.59930325904163,0,53.096248315020304
R1,16.173555696297253,0.43164064248459555,40.50179993833399,59.85694486712943,38.32275172297942,0,65.44530620287706
R2,16.70718627627904,0.17499112041815734,30.80409664758509,40.350429209466746,57.16572074778165,1,46.97343060322492
R3,28.44220414356561,0.8563629927502465,49.14804667774882,61.257098182895376,40.666848006523324,2,57.97805761441447
R4,20.891344533544576,0.5586411668694449,51.631109032790974,44.57323298792922,55.080121447231534,0,43.0153104028838
R1,31.136579344311603,0.4248121125894263,54.994599769896524,67.69397152636566,68.90931635031708,2,53.928315171498184
R2,31.845317151158188,0.5311476010308822,44.549363872333856,68.62507180243745,44.753966534741835,0,69.60787332113343
R3,17.817653293553942,0.7468525882139514,52.082574120222674,57.443073605580565,34.40172272478531,2,77.87293073520966
R4,26.155505945667777,0.22400995192608664,46.6794390761766,50.78376991591214,61.18903936425624,1,67.28680518059899
R1,17.35173004393931,0.2693600559580023,45.94928442990205,49.6139309728848,40.450408421627245,0,55.861143185670564
R2,15.255342618759808,0.8431492365315308,54.06105528618068,63.74040963043646,59.859009080146315,2,50.83411315222558
R3,22.101919785181096,0.06681101243337972,52.54966390454081,59.079101192526444,32.6141538659447,0,48.177021602869544
R4,31.911498300052482,0.048305221142101784,33.860745703258885,40.052613800210956,45.96339412398235,0,61.03730417052425
R1,29.756280170564978,0.27394012163753223,45.031781804655,67.79771291063763,54.45767112896131,1,88.9109668325159
R2,20.149131435162868,0.3869619555433258,38.38694187673415,63.45597123127145,63.156154472753414,1,41.73520070415148
R3,28.4749025617496,0.1550907150750349,51.24712602899032,40.90607051403155,60.32124034848712,0,60.177292602040694
R4,24.894359537088015,0.6743595006867298,58.41327344923407,43.49431970624282,53.90562805552453,2,91.14737500746165
R1,33.577386427115385,0.38895563209165773,32.14855624039498,44.50964346556471,35.6578294241717,2,56.21177820928934
R2,24.200446286062437,0.2942053439844414,39.47707118366421,42.01865713294018,42.83964497921007,0,94.15768268519082
R3,20.904238493421854,0.931397809663981,46.36689210147425,69.13442365966947,61.21441789096174,1,69.96235196604849
R4,15.323189889452294,0.8738444852901394,48.9443045250087,43.84552745774639,56.479991268761815,0,40.97071722274077
R1,26.853905397188377,0.8532137731971114,37.65682807002444,50.84809280799304,36.35086022340859,2,78.44025340674878
R2,16.412638617238226,0.2667367101021194,49.851226874252035,48.19457879978878,62.46342413492427,2,83.11656186088153
R3,30.6251886679593,0.2625314320326846,55.06981145067414,53.919450279991715,32.13949808843901,2,93.4765416180411
R4,31.283514828727924,0.86092997035164,45.5956737882811,47.374139420057226,41.801548034823085,0,40.10342456673718
R1,33.373752788439674,0.8675250902257111,50.968671609289686,46.00503065417062,45.60109457722621,2,97.85240304951405
R2,15.464265856801083,0.5126475927995486,52.47312555606829,63.67071050104393,59.019724145039106,0,70.47547551393893
R3,27.37671972211469,0.10286902795326547,47.73795043128395,42.09070416083401,46.995017293486626,0,51.2618865928686
R4,22.113706804080927,0.6231652907321952,49.5756584466787,54.365327617864615,62.2881140085982,2,79.89050048133535
R1,31.63130675595862,0.13615629657180284,46.05118576549502,47.612310993584344,42.35545161596203,1,93.75694124821854
R2,33.777713520171325,0.943379945768442,55.08772718508464,57.74885450948228,57.42947561832018,2,61.02926818332766
R3,18.06978041920913,0.0010653017057465908,50.24523228442721,56.7885180685163,37.33447694671196,1,59.09802959399601
R4,19.920182652602733,0.5042190756834748,39.35751630584541,64.8271063147639,39.14235761626804,2,42.72636063985185
R1,34.41021602392828,0.9176308543746489,44.32638341215861,67.48322525184928,62.734418543119936,0,95.41287331696691
R2,22.960435205871182,0.4533140811825468,38.41239833004674,55.68012559602521,51.0244901504917,1,67.35336239681823
R3,30.763609167521583,0.07590692603554294,44.398307788298375,41.13255504055158,51.57255459185029,0,77.71318274114014
R4,18.118655565537253,0.19482699818821436,54.177931314455016,52.52594078561607,46.55910383223642,0,88.50540941141749
R1,17.47873169432917,0.5150562108632906,33.761069441006754,48.97144888655292,48.80780884947631,0,59.424812503554136
R2,27.247928497033744,0.9247653073953743,33.43600496936869,67.60328720190927,46.88580599307641,2,65.70217746568593
R3,26.82718887116168,0.5960470422085657,59.68444724350181,56.04544332245206,67.22464349178912,1,57.21973939712639
R4,33.849866630584444,0.6410596107323573,48.07200960465211,50.01946540915074,30.38100375655041,0,59.78044173943631
R1,18.230175797903993,0.8420439318630492,30.323623038284392,63.195879544301036,63.20855646704848,0,76.68156647978655
R2,28.214705790401524,0.59408596967064,50.386848497789316,54.103634930350424,55.07959000322507,2,49.45410756706656
R3,15.604366463314696,0.26285264075021286,33.98200250032916,61.035525481865896,39.96326894933711,2,66.57429269915724
R4,30.74550310093952,0.22808864612990987,54.73760091790012,63.97362895595201,42.46551776637702,2,51.44653922701036
R1,24.246505588959764,0.9108728319395416,39.36086713522284,63.315548056108405,33.54898927486435,0,95.77877764637827
R2,29.28005866717916,0.17734711356083488,34.34713010872217,55.90649216951762,62.11160096596161,1,53.746801712088
R3,15.972719670649411,0.9141733660018797,41.13728503757325,69.8849771111314,35.547448381004905,0,63.0320803722149
R4,16.989562969671706,0.7719475663496698,37.852125762985914,40.421529372036126,62.95291414591895,0,91.76987612507985
R1,26.01753781685602,0.1912963034457632,31.67901031179103,56.726574018436025,60.5274911528946,0,61.630262831171706
R2,19.665157614572355,0.4749155998592901,37.20303404488201,67.58253864709592,60.19930431995584,1,47.73390376794528
R3,27.01613457329421,0.38828678786535364,40.987151820320776,51.36323111921364,61.55056789940424,2,68.82876405136237
R4,22.29602626915801,0.25449639985272743,58.85171447981071,41.917353708480846,69.05059969134888,2,44.08401151232542
R1,28.613489312682482,0.6551171082602357,51.863475338081344,50.6670948254353,53.681234447230416,1,76.24955470262142
R2,22.076134835424938,0.5075037136251253,55.8159349465156,46.58663657453387,46.63261638022672,1,41.29252559883249
R3,28.047676093804505,0.9655900199019067,42.62679551471367,44.18074520137091,45.093840383458044,0,68.44724693842085
R4,15.532773439310173,0.37458259590377674,35.68422505156383,58.086427809993985,52.75524886300969,2,79.56821209836698
R1,23.178933500888697,0.7215353744640599,36.771769342797235,63.8214905595374,66.03808265083426,1,83.49311181604827
R2,33.791284342433116,0.7505604256470699,35.933047752681624,55.47791221448271,52.94755469049588,0,95.60428798566275
R3,17.079553350840392,0.4397834353701705,31.23830832492218,65.87956725168803,54.04091544499826,2,79.01605298048791
R4,26.496416581318176,0.5059967080285922,37.33333407123553,54.19562072464172,43.525256357666166,0,98.75908425500268
R1,27.658846052033578,0.4226109082814249,58.210955277861025,64.50156066349201,54.104215335590084,1,85.50963439795669
R2,33.166210565915364,0.37716485331644,53.616206148115694,67.47961234405807,60.934645798184214,2,86.48561225162433
R3,20.60846329293176,0.13775932585979256,46.2491491730698,43.756241933628225,69.57624578528228,2,96.88732217460972
R4,21.504471520024346,0.4396513895492251,49.64447392436803,60.54809299065016,45.91740387802776,1,68.7474122974454
R1,18.992679857660953,0.2900630309869122,34.11186010376817,68.36943260090327,41.09795549691185,0,93.84778647693268
R2,18.85137096188656,0.8476883932007436,33.23779456112257,59.279224063024486,64.12383702731387,0,65.69471295396897
R3,24.80090266369278,0.035382307819244785,35.38999672340892,53.468775590253834,35.07643030421998,2,72.73187793390602
R4,24.507453578698332,0.4998125772909663,57.589644966145485,46.857923381898715,48.817716322107074,0,90.85601890201735
R1,16.348630365252134,0.7972543403703297,41.82352612173864,62.73816136905113,62.268856701542866,1,99.00727586815142
R2,23.454338895471174,0.4909091667538411,50.17340365797973,41.130703905653604,38.47884021462323,0,78.39603206887679
R3,33.290429747796495,0.6415321474342992,43.02376069849537,68.78067679753615,36.990717385111466,0,83.99806363124935
R4,32.021019839437315,0.7061703390800814,53.487393143766255,50.25384959337947,51.34835920775463,2,69.78598928190496
R1,18.463492741224933,0.5072203045544663,55.532079452297275,57.58555206403801,37.578519739431655,2,92.00463342489957
R2,29.13042710270951,0.4696086127427894,30.63113577443826,56.33310620578109,59.87876012679717,2,91.20937374500996
R3,25.482185580869274,0.01091094063951037,48.7228454957185,48.76915536380176,46.23528737489243,1,65.27267802107511
R4,28.42010033011436,0.5736397024203271,54.850625823057456,57.99114365724839,57.49627235901343,1,87.98212226854685
R1,21.42107469650522,0.9169872766871293,37.299974074883366,55.39013891799151,38.66140854673282,0,44.56901850349419
R2,17.194311781976978,0.02666528903402099,44.91238406105763,62.742224162760586,57.49611394931716,1,85.82437273851596
R3,20.988150360886973,0.2841096125229129,57.981315271090104,48.531540397676636,40.51487115690895,2,72.96108701972098
R4,33.30104502747275,0.22087480187925468,49.98743592012014,43.28437663374055,59.02581331970428,1,61.910076723627476
R1,20.593966954420278,0.45975564166613314,53.342038810327495,58.01649684363176,45.3920346225736,1,60.07756074439288
R2,16.66811605414919,0.45050432668413587,43.85060961791084,48.84316347559514,46.02400351634455,0,74.1421155573331
R3,21.85672409704705,0.1280176673176504,49.68614839632237,50.43969883462408,53.09155813383455,2,77.70311010650045
R4,27.52564888183713,0.09728004348651387,52.63349304960879,47.69308360060493,64.12508940776809,2,59.742608151595206
R1,23.25118371560908,0.22165600573708455,58.41762140495557,66.03917003044616,65.45901250592325,2,89.88248627564022
R2,33.622138226035645,0.7392322892196266,32.42514586543909,44.713136268567965,49.1055273029955,2,94.26087151269391
R3,15.022398558963001,0.7392805631270691,49.63281907129195,53.53996020085134,63.874788765098174,2,78.63480990469559
R4,15.1713987139795,0.8953407325987596,40.123400862473574,62.70942660390779,54.285946308264364,1,97.3663150094387
R1,29.128314353949072,0.4495173657336452,40.18301395717015,45.86600772230256,45.504344818648114,2,73.34270074580317
R2,26.059947567091555,0.04865375260702387,39.12357050873045,69.95846169760753,39.09097356062571,1,77.2150955732833
R3,29.350827637607296,0.47070265825902413,59.925219684804986,41.06373381191443,50.62004716083476,2,84.32286369581331
R4,34.46346377736542,0.3371677439874763,58.65396728186239,65.47208548601338,58.93873325265479,0,55.06775162829604
R1,25.917202784316228,0.9298612803956574,57.14229063103154,68.22578768775703,54.99771184376529,1,65.1946109571171
R2,31.268009871719396,0.5822462038485542,52.97465399183641,60.21369491981763,67.26605657213524,0,69.10131636335534
R3,15.639519757465411,0.47374740812249516,39.816348547256695,51.29480075209877,41.16900604464743,0,60.06209579807419
R4,22.174843207444077,0.39666538142067564,46.64572934917979,60.88869015666084,46.29181620849873,1,94.26969188298159
R1,31.80229643433436,0.6415697212710927,30.395771913321294,69.43858329860402,58.78897885198802,1,67.4484375254127
R2,20.393724501050723,0.8711709607761458,50.92940171521663,44.263327810720924,58.113258749603204,0,86.32583586621548
R3,26.774604762329222,0.18625003183927125,30.515935000288067,62.447318059160445,47.553294900667424,1,41.55168800144359
R4,29.525420317169505,0.8854707277743395,57.09053819714674,64.7842155646565,61.77388060844507,1,65.36156606749978
R1,33.25145498014621,0.8247210251499358,39.355322679972275,45.02620919068328,52.148326666355054,1,56.40111304461914
R2,29.45501042225237,0.5249948420899577,43.00226773353213,43.361297954296965,50.2261963070268,0,55.67226815906013
R3,24.191789013934187,0.12741706095195882,46.845834018171175,64.31347194583442,37.37067635014525,0,65.52850764987856
R4,28.143053853934475,0.8531391691094301,36.023772902747766,63.37702652740168,41.39120120728355,2,70.66883818511606
R1,23.92662915046946,0.46692263668534306,43.88655590866005,47.05698172880836,41.04454576379166,2,73.87543931894777
R2,20.107341392351742,0.5097924557631185,57.080125389363324,53.633582553338925,56.23027057008363,1,76.63487652452665
R3,18.052007666273,0.03656434283119481,42.04432881935914,49.69202262924359,46.834900091970496,1,92.46285447517442
R4,25.547363137057502,0.5559982565588315,55.54737574443324,58.87573300423465,51.971382404947576,2,83.10471317027073
R1,16.740965646773056,0.31336690507147325,41.34506649948597,58.11994268805661,56.0075401282095,1,69.12796389320334
R2,16.833586692516857,0.4791046009860127,42.26260352988946,43.24439000041732,59.31100041940484,2,70.69683196179771
R3,17.313102851085947,0.32084119601047,57.011490024896496,66.19938081742607,36.36219735236589,2,99.91033008538156
R4,19.907710662150585,0.5384011766555968,38.39643500824741,67.15351962989592,44.49921512975,0,89.4659886801249
R1,29.42877804675362,0.5989929032377025,44.21269449295932,49.37534390346739,43.837905990135084,1,41.11790974896015
R2,27.742693987914034,0.21563766006272855,44.75536398418197,55.99414230468693,43.03294905556355,0,62.66742387659737
R3,22.586252991044965,0.6248599919101305,45.12890917549948,64.59815285432353,40.978466480294216,2,98.53257844010994
R4,23.039589784559414,0.9580068777412101,37.55898369958827,61.19169382870057,37.77716452039152,2,64.59412653270448
R1,32.799757776739625,0.7585137967789741,33.260766987436355,66.91015378920711,62.56267323361779,1,90.19208728836387
R2,23.596531016843965,0.5695637215251671,47.36203645608988,47.439415158349036,68.12821740112474,2,86.81990836492412
R3,28.98835106930295,0.1124380907436564,48.14769872783532,47.318697817272465,66.2668416458138,0,54.51334349763963
R4,21.20917962925285,0.39945098120117606,59.78682102518573,51.800380704995526,42.53430077448151,0,82.8178483677587
R1,25.012398217532485,0.8377086706680651,56.96072251058709,59.34710287732897,31.89509929847072,2,97.45725224113946
R2,30.731602670557084,0.10615721861282235,58.496197717629585,61.36409616250669,48.99442045291592,0,77.7754065914977
R3,15.26539259923312,0.6629033654084382,57.259935999775635,41.20629483095737,47.10496424786856,2,45.337779121826756
R4,34.95327314425582,0.1752030902551206,48.17485052435099,66.48438237962546,42.17251527508054,1,54.28050609503963
R1,19.349398999623993,0.575258931400032,37.23103025397178,51.820522894289645,60.982185741549465,2,99.33606658772362
R2,25.900019769460485,0.8378234045839265,45.81347270894515,46.70975501677372,67.7445177309779,2,58.79757204734349
R3,16.24851057556792,0.8041962342975572,56.06201597966471,43.53195674478728,47.38251998338375,0,81.81068671418814
R4,31.50186704402704,0.7498315939292556,30.896933713889947,67.36733313263082,69.4784348639735,1,54.58121331402563
R1,24.84218279925156,0.0677547696118801,47.19306165137584,54.13401236920206,61.91331628349718,0,80.66629535843853
R2,15.202900616034938,0.9384229488199289,44.63182749066345,54.87289030318719,43.6459865699915,0,96.6098980852819
R3,21.328940508836155,0.20878112614132938,44.552525699584734,67.44836119253607,67.38844166204832,2,92.53451884281995
R4,34.16314577419116,0.5885009662920152,42.00996695228344,47.074129867482924,40.98740442493775,2,85.35938335149646
R1,20.918579017301035,0.1908978520238379,42.05798326880422,68.63103517669904,43.321533739855845,0,48.332497774262386
R2,34.38135334332557,0.9522924945404637,34.11779453283199,40.837325735951886,35.58605865476117,1,57.03281934305235
R3,30.479952684152384,0.03987335953450799,40.14882156881074,66.0790215999713,49.759532039265565,0,43.08772114011356
R4,34.17815025779616,0.6333511808610036,34.64801523645378,65.6885826145002,61.88994038807954,0,90.02600915511215
R1,32.65066802984797,0.5219055418663673,51.799560334350886,59.63503154624534,64.67197828174403,0,74.57803704440502
R2,34.649532466308386,0.9820589254402138,30.570651934236313,67.64440698686882,46.0498808742232,1,44.41297929757506
R3,31.181481616119186,0.45088364246328017,34.93028205611952,65.37570303185814,63.37981144430148,2,96.03978559788433
R4,22.886393207513137,0.35003326178981087,43.77381454169323,46.16509322795586,44.97673811678626,0,97.32033013173302
R1,16.200656572429676,0.9259331763483614,37.417445177490926,53.13681538952635,31.33025747619528,2,98.3161407818343
R2,32.005665095519426,0.422239890903354,34.139318453134386,44.995923542451,30.331147031872053,2,92.55346126940252
R3,28.37153463215857,0.3553711907638534,56.45847343102446,66.62952748462774,58.752021419065265,2,48.06151004033293
R4,23.22989292338055,0.5302659617626548,39.186740203774626,50.9648617456897,31.31111387246992,2,57.32872501089854
R1,23.51794013331223,0.6197144182433535,59.47220090379224,64.45534645178844,58.773795173186436,1,71.58534478399224
R2,29.369611360038448,0.9379853551971604,37.609725906381314,58.338772114741786,52.797665516498796,2,48.72132284600805
R3,22.695680852790595,0.841135614228821,36.54875917779158,64.7278074941366,42.771133287534454,0,54.86227770651698
R4,24.115427896014637,0.48379517355834545,51.891144433010304,53.83885395153625,53.72357356816366,1,44.503848044039124
R1,24.0689989003232,0.8272048901456709,42.91356664969181,59.7263920352963,63.28815984648637,1,77.46088317860085
R2,22.96341086369944,0.04180786071389275,42.71101866877667,61.695349869955194,59.27008995167925,1,47.42286014767363
R3,27.3151322389632,0.931735260547265,34.006705222028955,43.87068564579671,45.75712892585372,1,81.34981906623193
R4,34.1619066086436,0.5398615276373341,47.51436533802177,66.98420520475985,55.75252962280836,0,58.04229407155209
R1,27.540195854930907,0.2899417377485478,46.0907069166454,53.37322017932152,63.797737391280634,1,96.04118763589429
R2,20.742939254413646,0.23882375683839807,35.553385522236965,49.29178444422938,59.938319932584136,1,69.71135376383216
R3,27.302586446625263,0.07845725415605653,35.640000937732076,62.912610481850955,69.09968362770763,1,97.10056235500784
R4,26.97259878731964,0.5531819709167638,47.90323166816708,43.68770152952933,50.0278966458794,2,85.30371162628975
R1,15.878586324221306,0.22706461850179516,53.7017379505002,41.93162190164808,52.5422294640106,2,68.53836788406424
R2,22.46430685955993,0.2742883574126176,39.324495557854135,57.80346426987545,40.839987916158584,1,81.0311849862653
R3,30.084906467681016,0.3678021476760267,59.25064958927254,56.671703958837284,61.526278694330344,0,55.550077827510734
R4,24.541323013651258,0.3710310231216736,36.12610201921946,45.45849685264607,60.374783013947145,0,85.36312726937084
R1,25.282502215350483,0.8527659867483174,42.218888552832496,50.30402318422162,51.578027914405666,2,88.48501655443593
R2,27.464761105790586,0.15654335481512438,43.53321964520693,47.97189845003971,32.97975607063686,2,91.48009026328424
R3,23.268145235269564,0.19228745640698985,44.09538837751492,40.94041268383434,54.115638657675774,1,52.747972328407066
R4,19.92829085019263,0.25299417591539086,43.50008956932664,62.495362145837746,56.64664727662,0,61.92892261670569
R1,15.036480576856178,0.06855074543519801,45.12406918452193,68.07143436713696,50.34812750849713,0,97.31211465883482
R2,21.54924433901237,0.5723669780547201,53.853366178797756,48.910876974167806,45.05235975105113,1,70.11547946441814
R3,21.9734940659879,0.9568474177541845,38.73199261096851,41.339506798865195,57.54941545768283,2,48.65181967040303
R4,24.6112469093856,0.5119480130834957,49.212407423007164,58.62033585615478,33.39890285296836,1,51.779091219660245
R1,34.59183203965897,0.34999442503615386,53.13429258540448,61.06449769375956,59.86874319309649,2,56.45350008521089
R2,24.2037580376188,0.45042379164422586,49.26184513279666,41.26256811241391,38.66543174994183,2,65.83988376006243
R3,20.919765758635076,0.6209635580905247,45.66458938661607,56.9614679246708,59.94028860934165,2,99.18785610652034
R4,17.14038914803767,0.2461007569727598,35.73440735267286,47.01798927001262,41.95824802054682,1,91.69756801635879
R1,18.284069553362983,0.23063357446232124,35.76282002027563,52.086955839550626,50.60930187143671,0,79.08371568434276
R2,33.062558618926886,0.6910910342313062,46.70103010053418,63.124464641060484,66.2882467358805,0,84.85829768333667
R3,20.794665500754785,0.12932153253922374,34.17715052403593,46.56018040837548,64.19382979832847,2,66.75588885846983
R4,16.053365495860152,0.12478522838301354,37.678365578298575,52.10678616909301,45.346852883692655,0,60.760037248493674
R1,24.034818295422117,0.8832967991038357,32.27189787326822,43.0556408180492,52.625344143820726,2,74.17617821637869
R2,24.350319143322615,0.3883680121984796,50.383219268206105,68.24903528329142,36.49413973767215,2,56.24948391200134
R3,32.296778060047444,0.5047243497086185,45.457618257225505,62.10806214238595,44.530844676589766,2,40.44552549684535
R4,26.06641952626936,0.5965791695311622,41.253537005960126,47.25264919200775,41.8340725378098,0,75.26128901949485
R1,15.50700820113555,0.2953915439337259,35.167264939429785,40.232764217494136,33.035712624045274,2,49.3523046585687
R2,18.344750487626854,0.038547962918879186,45.30854207623365,68.66081118122317,48.51357453324877,0,76.58844174233968
R3,16.22541180505103,0.06353390176245666,35.68663797123833,53.50635502964004,34.1435421155161,1,83.35359179691292
R4,33.455143279043675,0.2347047304286316,54.42054070625813,50.687620918532666,58.21420453877876,1,70.04090052649232
R1,29.1769794986631,0.2189485287321835,38.79408450141705,59.91958496721888,65.98981587428281,2,62.27114717764877
R2,23.535821878765333,0.4980063127225365,45.83671164608527,64.40722430256034,59.83092768466943,1,74.81652590848047
R3,15.25215825171263,0.35860200832402933,55.73385724780578,50.95922832058373,54.7681901760197,1,94.18885395163672
R4,25.256182480778396,0.7338499204275084,50.396487572255964,58.612932793738494,68.47537766036442,0,44.248918604575664
R1,20.01656838802455,0.27351081737555094,52.533585408948504,41.99539753280923,69.42602852536073,2,66.8605198552003
R2,32.58917071633786,0.5799573893010043,40.66456364517285,68.20986396107403,63.9126790428285,0,95.87126329892016
R3,34.14913840870807,0.7592500181041568,49.1604935645352,61.26419615499867,52.305687499020785,2,44.440124729743445
R4,28.96311346726275,0.3423608282988124,41.4561963589688,48.95686911719447,59.871956940706156,1,88.56230259590421
R1,30.438830909501036,0.5139239413653065,37.44372262274452,49.14510468401077,49.61706458767266,1,41.96877252166789
R2,32.6920766439519,0.5043349696426227,46.5428174602432,47.85851654631165,52.249040368184154,2,67.2363836406813
R3,21.447121702907374,0.0491012176165736,42.08351876454076,55.48319043959299,68.9084946064458,0,85.45434360444983
R4,33.920332787679406,0.09450315617692617,46.9707465477383,58.05425177463054,37.19487819672986,2,40.09400015564199
R1,18.83059551633512,0.938729655340297,53.46040459032183,59.177883350388015,44.70829211531598,0,49.95828265235848
R2,30.472310824557816,0.11740712106718176,59.6334401313995,57.78876567697762,47.80892875124779,1,98.97819577343517
R3,19.583121383662906,0.11692096856549694,57.18813528357725,60.57708106756458,38.307187213987,0,52.56544461418666
R4,26.392230436460004,0.1049337348599132,59.35935451465849,64.88443487575992,49.0556855372551,2,41.2958996294367
R1,32.01198157637228,0.3171181867813304,42.402218685347925,49.90213379196376,67.15054428902164,1,47.99836332849856
R2,22.52188899437956,0.0624239321651916,52.120699077841316,60.619897456550476,38.87354389534595,2,91.23363855807139
R3,26.3619152202821,0.14925653449197063,52.283511405019354,63.62159221414126,33.304042690840035,0,76.5606119870427
R4,30.39386159121764,0.009421491080707,30.707412124913972,50.04041623675565,37.426962106671986,2,40.79229973431953
R1,16.371148295117006,0.16816225301300858,53.052641024021725,67.28756280097306,69.75565755882808,0,49.6147941563718
R2,25.35886826842904,0.7123240076693539,46.44965687858502,43.647416919293555,43.82895704717569,2,74.94371277525642
R3,18.465925033526204,0.06419422862202173,37.62533198800487,54.204488644127245,36.555869727977345,2,68.42463932782144
R4,16.512217477432422,0.7642169296101567,41.50143587478807,59.421168335842395,41.090104589590666,0,74.91842751411019
R1,23.358523528984882,0.05823912575541901,37.25444200035959,64.27002554933446,50.17322342416059,0,58.4229968054274
R2,30.30064964435818,0.30273477782912306,35.06609181780762,61.43955888620478,59.63810516722217,2,89.20013741205676
R3,26.499285965353724,0.6980208937693095,30.424625516375364,60.219787267593226,63.90651493080736,1,77.86569199848597
R4,34.69934886476061,0.47365530024322877,39.28982780991576,49.92132183768609,32.47970001871161,1,62.969996195511065
R1,15.56562891752215,0.641354288724224,41.97496537542338,54.892561647052446,50.84711199842738,0,85.50640732592865
R2,28.328687830217927,0.5837612090529434,40.81300121113585,58.42822552998206,33.9223601351546,1,99.8784793397886
R3,15.777816555092503,0.21154251124089385,39.3759372921938,64.94468710909509,30.940093349337307,2,90.31435872456342
R4,31.500641119758065,0.634405286772923,40.707384121224365,61.70784326573295,31.38428749188283,1,95.68051315137447
R1,26.279285516498057,0.24224212079022744,35.013689077320315,56.61473097820966,58.036020390374105,0,70.04585936847361
R2,21.912819731903703,0.2103291422800999,48.487721343461565,58.1957981131732,66.24226612609871,0,83.79073944218281
R3,25.77317720612132,0.9819395155446501,56.01685169354863,46.837539550610074,30.629043721147397,1,90.4640967997771
R4,28.53650807474452,0.8567041759142453,43.51521698758437,41.33118646912501,56.23133001121254,1,60.694343209227405
R1,19.755177485291693,0.6544869495706551,48.18909952573272,42.052530796217255,63.19399996460302,1,53.14676568833881
R2,25.146933008178582,0.2742974300138741,53.9568508334837,65.66444707134144,53.01794167208328,1,56.349776208909425
R3,16.10878494250959,0.8359400207131786,50.28808442822937,42.862479171402725,53.50717710082948,0,89.42132723983829
R4,30.470829244757685,0.9805504771850617,41.997635195603294,67.9141765986754,64.21284346476986,0,97.43750929718684
R1,34.908727416893655,0.4292469120448378,33.54587135062255,64.33678077042532,38.76747463865851,1,90.9214458485514
R2,27.055506251023765,0.3204193927446256,50.460811418735005,60.387172935448426,33.96727659875313,1,72.75657547771323
R3,29.567628471613663,0.12632704029651698,58.44655069709809,57.63249977003711,30.17969368833206,0,43.481683473305885
R4,17.61787422070417,0.5187922127273258,41.71847342754894,53.92229361814457,31.327492186441678,2,80.50376766339294
R1,34.97851745366442,0.15974676668371368,30.313475988861768,48.50640328998559,54.836128955444806,0,81.68741175655393
R2,15.00624607057135,0.793513650995597,44.989274106779824,61.011420068818765,30.02408920973435,1,55.54951023904519
R3,16.391010231682664,0.49751209715394595,48.41247466376052,47.623102890255296,41.36092615576861,0,65.01737329502447
R4,19.449185978573926,0.5739917453181086,58.18163246420662,54.46617108616811,63.32199501388308,0,61.9767369391132
R1,26.585597294974598,0.6006931122219513,46.74078811060978,43.74421958416685,66.39990402848846,1,86.63449228708767
R2,27.085530388604575,0.46346729133898734,52.91118318901597,58.49333942093807,37.343940717976906,0,63.250941893007436
R3,17.178033234325735,0.2982335865080131,43.92528282160255,51.44344831810044,66.82882584106915,2,83.99161106843627
R4,28.352069603817903,0.6023432815145573,48.16951437124086,56.41010132414139,51.28917952273359,1,80.46172012989254
R1,27.20114351096275,0.7921826983778703,43.393915364563206,51.19771113508467,68.19544780812987,0,66.69136790717081
R2,30.938756146341134,0.32128888327255034,31.493627661286393,69.04515551327597,44.176541271828924,0,86.50511130654311
R3,31.900029369517707,0.4932601447204641,58.91472981326706,67.8043417355994,47.231969553836294,2,53.20550786081573
R4,22.494673910291887,0.7814961810020369,32.34400631749053,42.047536148880695,54.149985460619305,1,44.67996371193447
R1,28.79236629554879,0.059184625604193464,39.94808662993346,51.20399361847199,31.880832070583594,2,91.97421110540759
R2,22.262905555240906,0.19679187823024635,35.24575104407566,63.53177034163053,41.994129797054676,0,43.89477836921513
R3,26.51385666811714,0.4531624870826303,46.95070101432118,43.06359605355236,42.974554291436995,0,76.90096458815489
R4,30.164038469295008,0.037828648506191054,40.07456184343613,43.49351995625896,33.99550595928024,0,93.07295029367069
R1,25.047429133513333,0.26213244442066785,50.72091357865068,67.17921205789948,40.90606786349787,2,45.918298892344694
R2,23.90381762539662,0.8571668716183808,55.40467106665267,55.62490149314257,63.61073321163021,2,94.13819838330042
R3,26.79856092192157,0.9410610255581003,42.39989237721842,69.82565261745656,58.766886485955936,0,94.26437614847396
R4,30.664005611883073,0.31257540732004185,31.550751453283542,66.9973844166361,66.29977402652717,2,64.22387510349121
R1,18.452789380129452,0.3407108740708342,37.39735783485285,59.09575274610437,40.65712347123812,0,47.281305797832076
R2,18.10170972334488,0.5583935744725061,41.1892376335216,66.8427821858408,31.5745618855,2,99.91954586108889
R3,32.3866291380971,0.06422428431937566,38.79430196104107,44.570233991543724,39.310229479638345,2,83.14593621374618
R4,16.304254542761804,0.6974824933325627,30.71760205853823,49.417879315969664,43.351551578216345,1,86.96924311518902
R1,34.10582138458567,0.30117293180512206,47.40098562623494,40.33069322766334,47.544288994091325,2,73.70889238332792
R2,19.7045809515377,0.05671829039165588,52.911501699918965,67.64300637911697,66.9950723315265,2,75.43166749922946
R3,19.764189798939356,0.8637038320685964,55.951298185046774,54.58355104829014,58.420727314126765,0,67.30906267732666
R4,16.06999268369507,0.03804012599872053,36.23238828111909,67.0331055101276,45.39152298792277,1,50.87666704800253
R1,32.83384414792157,0.06307393749964674,32.334449252737535,52.508835362784595,44.95100830513561,2,89.59993939043605
R2,27.007529453372957,0.5616642935283714,45.5843398510659,68.73590385645205,69.51189551377121,0,69.61837851941297
R3,31.88256847688901,0.2908146429303622,30.278733058346692,60.871542131593614,54.637742877388916,0,48.04415771590994
R4,28.3181800445831,0.9054122291669091,33.365154163900236,61.43372987947461,47.091602316113836,1,47.46439743288622
R1,22.381627141734754,0.6076186914333722,54.925659415369395,63.75673769127152,52.11930586459712,0,67.67078669697702
R2,17.397771095999616,0.9577433787644156,51.51400632791579,58.89345597296994,58.647330527873535,1,49.77831498282909
R3,33.66894673954957,0.27480062833605523,31.89460206614115,64.63608371777838,49.37306916862411,0,71.7384123556593
R4,30.10319087520196,0.10380098300135299,39.66251287661701,48.25252985809282,33.82446859514418,2,51.22035266579148
R1,19.054627090728186,0.4608100972034952,46.265546816484466,46.8773023215964,31.206017454471425,1,72.3867010712056
R2,30.921699961910463,0.9148268426536812,56.80242775294174,44.15925902963815,44.123425325952034,1,63.110958971729914
R3,17.58844662175488,0.9944489657338672,30.15747231553793,58.252605974523064,64.24790307277718,0,99.60152836797435
R4,15.900230890351658,0.34165347282957936,32.977293957465236,62.52567450241497,36.057757206423766,2,99.36630647896553
R1,24.51824535311646,0.8585640111837324,31.832447283982656,65.90819331879749,32.62076595299881,2,59.30530979335461
R2,17.047602786777787,0.38207990482408694,51.137251148360555,60.605495842349654,50.356527842412646,1,86.83711276153363
R3,19.077128027990327,0.9278496954675798,33.97675898694776,42.10634356886945,56.948714951806494,2,53.72622128599384
R4,21.61431904745875,0.3487320433350024,37.9371981790883,64.0186271307698,67.22398392624339,2,68.65632678075065
R1,31.268281366996177,0.5061145749144885,51.02172383057987,43.666620128214404,62.06797289594537,1,72.40922321031455
R2,32.11695674310603,0.30609364516684245,41.86682813400523,65.44807676744509,50.52754972674658,0,66.13051967580839
R3,24.395589798682206,0.37119935364663426,48.31898452722993,66.08712046518967,42.86612654102234,1,83.49692219683413
R4,30.051427657260554,0.39349768430819665,55.116599223380064,65.6134440549496,44.787742240436025,0,53.24252767934019
R1,30.172945067801198,0.17207432107640486,58.68567285131584,45.60444287096155,31.223961136043084,0,66.2246387488747
R2,15.86909559442269,0.46064659340940084,50.53183027785493,53.35641388759059,44.723647384289954,2,81.05989374463182
R3,33.700565369602046,0.7644856890836744,59.05456135358507,67.00766485837299,53.480298459766864,0,43.55901315851999
R4,32.60726651292231,0.314530981363615,31.281172559860995,55.66803228807106,42.33258444779438,1,50.79469371776946
R1,17.28187519394503,0.21617737118020985,51.15959196925621,56.43150224983036,53.58478177997422,1,87.6679844533547
R2,21.55806633811856,0.5694029974722561,30.32360190406989,67.2392694198212,69.3139580808606,0,62.36322213367035
R3,28.74323645540911,0.02315740900743135,36.53821958648326,69.24107066437438,56.10451460120415,2,79.11972835876449
R4,21.384719317472566,0.7109729625317697,34.79695713364225,56.422241850579994,68.78251971804409,1,46.88060858170733
R1,26.27222009665945,0.46858817861001467,37.47525730188339,48.23378572768995,36.73701419621246,1,72.79102031777467
R2,26.37698252242603,0.17924856085174123,32.463725837566855,47.92694974946839,30.360501006268343,1,60.12729830772036
R3,26.49689919246491,0.927215656790025,52.361321467464535,53.31770821499094,49.16123156387394,0,49.279911187731436
R4,25.70935947324079,0.02836254437788588,48.9264374424955,51.7581850524777,59.39044633495442,0,99.66915510541509
R1,20.372545859843473,0.6866076593391581,41.81448277419711,42.78202658103177,64.5518685083412,2,72.65297985439152
R2,26.748821431775823,0.708452651745058,52.00662052760967,69.75734623731184,38.51990494398495,0,99.87734830373977
R3,34.73353583509689,0.380578993896286,33.916122813489245,43.73712662334995,50.52765558207665,0,62.890131633646476
R4,33.092363595491605,0.6710905351913743,32.42381488164156,57.159175870285026,31.873684479919795,0,53.06289027691801
R1,27.45928501476311,0.9307392987591182,39.26173457319397,41.03234437773331,67.36509489894739,2,83.03456037490446
R2,28.785885346942983,0.6034582495886122,34.43456438612327,42.91985712480965,68.05732278124262,2,97.27820230001082
R3,16.184874087776585,0.9600471688141989,55.164533044442905,48.60646586789959,58.37786212304269,2,40.610183736578435
R4,16.773957659340148,0.42828256707688717,46.550199526460304,62.42327001247277,61.191948308887035,1,99.28662861917627
R1,16.46012208856589,0.3836796922663769,47.12068469742752,55.47640014035693,42.17656195398149,1,59.906961231230696
R2,18.116507772677654,0.12250944507476635,48.54546060605021,65.44971192602117,40.63144319416516,0,75.95126780342328
R3,23.90979416522054,0.6876068501096932,41.3173210540867,63.440696279294954,50.053329631922324,0,97.75324092194215
R4,25.41150008801318,0.8365239209415327,59.241085370194256,51.56213556659372,58.79028917281296,2,74.1650847688077
R1,21.276796629337074,0.21243329968601887,53.261231981037206,43.29829720074198,32.934109657799794,0,74.28416386032538
R2,34.81221938704601,0.3284236806352636,48.54233419393226,67.85802435312726,56.44074913701697,2,75.21402200928013
R3,28.66636697058609,0.26706569568659333,45.683051113088084,56.398070775446556,69.60248307495888,0,45.4278698687434
R4,31.43114666525782,0.03065428673241366,42.8505263343574,42.32125833790567,45.74804762261782,0,70.50261375790322
R1,22.220461785252652,0.94757966536345,38.598506677203694,42.04140067693986,60.824816170700984,0,97.48577242617768
R2,24.51951391754085,0.07596708749620029,46.44859144897122,56.38521555899306,67.91661406662232,1,48.33214033267777
R3,29.006630002297108,0.2464448111994011,52.54482647495494,47.60153122487919,58.48715588451266,1,53.24966942484874
R4,28.060205936532576,0.8357025491362143,56.34530283242057,47.650765766397285,54.83876720242654,2,97.75931416384854
R1,27.961361552569976,0.8262576871872741,51.90411333460804,42.45606274339083,42.41414848148986,0,71.19118144760134
R2,19.020265088426918,0.7920133242174031,30.888384326456773,46.669728116063766,30.29326655435957,1,46.19656282180489
R3,20.10898358301383,0.6987612331724093,51.443801395572706,42.617458775036475,41.27209518288274,1,56.85853532639149
R4,29.73147880723532,0.597960404912869,48.09577517536156,56.67116806556083,48.516058028068635,2,42.45593764310878
R1,29.115798168216255,0.9463858855264259,39.77438394024227,47.02714013353665,62.12638528587092,1,56.72130948065574
R2,19.024156759376126,0.6485858709227884,44.37534992008154,52.38463924957324,68.77896943347335,0,93.15555849572553
R3,24.641533314693014,0.10018857105583812,44.955114298992775,63.41794354425144,57.430938712832926,2,48.54320314076843
R4,22.9576494907666,0.3063884089675415,45.07725505011871,57.98435362531922,51.40691603858204,0,60.39755596990692
R1,31.928419872526433,0.07177315314984478,47.82695035864205,44.523704768374905,44.09535362366391,1,63.567824500164335
R2,26.218251254388186,0.6171269772581203,50.45492924160281,61.89252286627956,61.522175185001274,2,53.37314096237989
R3,30.009489498311304,0.33068411103839,56.06464715521216,40.7813550944572,56.53057775049195,0,65.42222839992338
R4,17.106626062802746,0.11037441715344454,55.640168774013,52.25358818221858,57.87076674949071,2,72.9633205959055
R1,26.783006085298858,0.7288900848298013,37.428155921962315,60.80082406012683,68.52714123102763,2,41.57063313620927
R2,32.234001738705764,0.7020652313734075,55.255047774672505,55.72675162234012,45.78838961342295,0,65.51933612835765
R3,26.71695260421019,0.6395212652753877,30.801287178294192,41.24548608189028,54.65703438559321,2,46.349129311773915
R4,19.62582103704461,0.9603021798396857,51.90028041384386,49.27850362054794,65.16724665921566,1,72.2557565034733
R1,20.12921039847614,0.06881695026000156,37.432723851433515,67.89882890710085,46.405584337467026,1,54.141769263472774
R2,28.147922845498215,0.4632775042376457,36.19958619459399,64.6546854117147,39.95346118277578,0,47.38260321142113
R3,21.93091768220126,0.896271064820379,37.22965894877952,58.55149381038383,42.53496829727482,2,86.89223900393522
R4,33.36534777840693,0.7904665014951342,47.9941291871088,48.860592730941285,62.22149478431169,2,92.66111877236617
R1,31.521844457843052,0.8074238393288362,36.65938979386933,61.93813339577274,37.3582166993422,0,53.447641752461955
R2,34.042726197629236,0.8588438833301826,44.1482575807611,59.23671633568921,59.91433444450288,2,79.08573011647107
R3,33.690720342814664,0.6098915716764898,55.01447013128836,62.824033260553975,67.8287052022365,1,92.86344678397094
R4,34.006750655378816,0.17585843997272632,48.24493750729757,49.3007027888358,30.165380832285415,0,66.6156346957334
R1,25.34591166238235,0.4365028865731688,42.55395394166115,57.35404309582728,34.69549560689332,1,82.81106791530729
R2,20.52814618428362,0.5080766175532205,35.208202074211236,69.42988397844232,66.6399496796266,0,82.94280463740745
R3,25.6985681020969,0.24422620997748157,46.01582531894974,59.58672381642481,40.70133596695621,1,63.09331907516315
R4,15.518604065719078,0.6272806419519144,39.12817974630059,60.0592751221012,66.8331531749485,1,52.31008817783954
R1,28.481176693649047,0.22576338402538176,58.61883934132477,54.30075689011652,34.68944807277887,0,72.59107908209093
R2,27.622405958030026,0.08291543174667693,44.10370994289013,68.01449279889583,56.43910925838776,2,56.9590038845
R3,23.10937957479197,0.7373939727071329,48.9284492760357,67.48913036644883,36.73734717992947,2,92.27052689487672
R4,33.88179184295408,0.836596511838855,49.37958800543596,58.89641723066816,59.6697467644548,1,48.95497128629052
R1,20.35611045675606,0.9314088140153978,43.34813531732789,62.97575046423667,60.84334396303898,1,93.90403814915507
R2,23.04800868373554,0.7687634316095877,57.77053122730867,50.18492982283536,63.66493097160657,0,42.95054321111959
R3,23.27837397759704,0.9900412258036175,37.70600425688377,62.832709261603696,35.358732980394,0,84.23938286361332
R4,25.949076814071354,0.9332670251370909,43.91253505151458,65.95411395096019,65.57830234008813,1,46.05276639904459
R1,18.00227591679953,0.45568451216578676,53.49507425599443,56.94050605723604,51.950695471055326,0,50.02774355574799
R2,32.56789751226379,0.4015013371552547,41.0445341927974,47.91985178529947,41.347249111330655,0,56.89317314203685
R3,26.770136473622937,0.37932435959524113,31.033537851247132,46.77011944770522,53.6229224769437,1,48.50817161606825
R4,20.360409289358508,0.4708118002367443,47.64408456781696,41.19684251535354,53.94234348859076,1,92.94368268951484
R1,22.08423967144101,0.2989987494971187,41.5824550821709,62.70928263188156,68.60828662835829,2,88.76941081227719
R2,21.990692169168803,0.9820927055885489,30.75519749734669,64.80948407003969,69.4131771457354,0,82.98340874003368
R3,22.66407428214658,0.1690867474643417,34.86670866151337,51.85923852273988,43.5462329345814,1,99.18648732253203
R4,28.454423259270094,0.07828630367464795,57.11571704960093,53.77140242420481,37.35621311674802,0,90.96588336488637
R1,29.327992260165964,0.829421922078932,41.00640549984507,67.30755414772196,55.10000406699964,0,83.76352996850947
R2,31.783935355792355,0.914634071149299,58.08546014029085,53.809320175382254,33.92499809439514,2,82.30804212040752
R3,20.754784139827287,0.11473886427871505,47.49079464631807,42.44740310749884,67.48600180326663,0,76.79631329440278
R4,21.038540914607946,0.7651479324935839,45.400708933875315,56.17535972921584,40.054247827013135,2,94.91823103065401
R1,30.118098893675246,0.3086165089938231,40.89545573216097,49.575323045838466,35.54672103664495,0,95.31227763128612
R2,33.49813171019534,0.347077908179927,56.16660689643474,55.84954597047142,49.32538806690473,1,73.81084263837381
R3,30.062587946398583,0.5736333406551773,44.79328357649217,57.13251373951239,47.391115431051105,1,95.72122648413809
R4,34.769624542569346,0.4447855280441817,36.98429769960773,65.85399869136751,54.493213512849806,2,66.95642992302332
R1,15.203947200476652,0.4664579313876115,48.99921961028841,47.01842148849488,42.93084356847842,2,87.81412734349792
R2,28.395046781850795,0.27418225132013574,53.37193364128957,57.15148439343845,57.9177377922665,2,96.32045007897906
R3,28.26639729350999,0.07794575443794172,52.98997900826397,65.07127093207257,56.72960893057653,0,97.41502645350373
R4,28.407309104073242,0.1914711733081812,30.35117335789748,44.43254502794694,53.685354989001155,2,68.23224317071042
R1,23.525343252677715,0.08891815565809125,37.894945854238706,59.1475680838425,36.23493870014394,2,65.6261787578294
R2,20.190756610001237,0.01738321475097404,50.15793081920893,51.64282119745859,63.07613083431791,0,53.11486919679008
R3,17.965249371629415,0.8084450627721613,38.310623967624025,44.27576353953595,50.294877293598546,2,95.26971211322333
R4,31.55511886597116,0.5010478765607814,32.01562915888154,56.10017498613237,64.66608227956118,0,71.60709047947495
R1,26.57829068246519,0.4974533332280363,55.44827265323212,68.31619614300558,59.36701479706664,1,98.28567268327093
R2,26.546187350650467,0.06351496780665011,40.24544006060533,51.63803966436738,54.39424279981233,0,96.30412399136895
R3,28.303742314162683,0.24732452244711878,50.17846574539821,64.945801710915,53.278044766993375,2,46.32323748191426
R4,21.842104742349385,0.7081829409080581,31.157815792166247,56.51320749167841,31.789968437368543,1,94.29573343718297
R1,31.22186049785446,0.8921730453263286,31.94575145241066,60.21869516147872,48.5088792071418,0,43.42266962639516
R2,29.91075052109605,0.5552712555287505,48.987165360907326,52.43088677390865,40.31254097817361,2,64.60396466731521
R3,20.655469724169826,0.11101513969746679,52.28795738379459,51.51602864409257,50.096647587708404,2,87.36174186091115
R4,30.657641924082952,0.3696854649531822,47.131786475235,56.85778017912014,34.34051147650331,1,81.46232472016234
R1,31.226026604506277,0.8698484740814987,46.65401194143307,45.76366888675439,66.07885721456029,1,42.02653445305356
R2,22.349382544441696,0.3975602620496058,38.62287876030559,44.56866407867814,40.99423301829727,1,90.7710654430251
R3,18.410255589969196,0.7556152579867015,40.22564828697353,47.220771797608165,43.731114360489784,0,81.4617586696788
R4,18.40209408285592,0.7991377478140247,58.62014755890373,40.776720990071354,54.40055485606794,1,49.078343494665
R1,23.08081248123152,0.38583644197550726,51.969561683411406,63.27184609074787,47.13950934223335,2,51.118625790595274
R2,18.741739418001224,0.4761994286176183,51.955282472405244,64.27239145258963,36.00924699514777,0,92.47611134609522
R3,29.57054483900545,0.5759685162638111,52.821630478055646,52.78360378738347,45.65354426741182,1,46.36628724571759
R4,28.124988461463012,0.7849824361727801,58.63819639113739,51.02684879595378,54.192281567610515,0,63.28676703469189
R1,33.482579785160645,0.010632244862400886,50.269441390921,56.9218927184623,32.375958320208625,2,50.39397328694138
R2,34.69298473129696,0.2534035877607974,59.41012352069265,54.0110686582034,55.371545740729914,1,70.03736541592576
R3,18.32349302945604,0.6037933135369319,56.26900217081308,61.3944801170251,60.21257248185502,1,90.88022827891217
R4,20.273201673101344,0.7592599603456516,49.21552681237206,69.14245306129175,64.22331430988356,0,70.09090210572701
R1,21.92458934428629,0.915075292807058,36.06573797311656,51.281021527895255,43.87868598022207,0,91.96852836224267
R2,17.822448752348144,0.5471620834948544,58.21992689083481,41.0978455983637,31.70303766217737,0,51.333089788817844
R3,16.362380988762915,0.21595128185819557,45.61518213020348,61.685566013093975,39.54596147155836,0,81.80821656155116
R4,32.33396104370871,0.17382819770261382,50.66657611809665,65.2943637100562,67.65247720889928,0,46.78505582401245
R1,33.26843081050602,0.01790052381193319,40.690983938591586,47.835733766859406,44.79276720771969,2,86.70878465647641
R2,29.758209428375846,0.07599730570678642,33.78850606721096,59.33185276934097,48.30308079364774,1,92.43563730546417
R3,17.9350961508857,0.8362029278979666,34.80222508572131,43.306938857138974,59.875162035430115,0,81.22210578639147
R4,25.38993204173956,0.30718966083089805,52.446207786078375,56.854484469524465,47.71014184261212,1,42.08722980574304
R1,16.343447016338338,0.7067402084838713,48.366504999290996,66.71502716167996,52.0616594818224,0,87.79079698917408
R2,30.038371403856594,0.4656223464864404,56.05880431663147,64.64117556867704,46.90334202374788,2,79.94274885837984
R3,31.42323681702592,0.9519288941763139,50.358667091661744,52.59619247776378,46.494038497346,1,45.92243047993094
R4,23.60341433736621,0.31870109937006397,40.376391568066,60.16619929469046,35.37755180432832,2,80.50311587628468
R1,19.591853810372548,0.27948541526664983,38.313081416677164,43.944178887921005,49.19667021122474,2,96.97315123548246
R2,26.049043770304145,0.9939368675142525,42.380089076229254,58.651050501551524,41.40346622101792,1,98.85185092648297
R3,21.453016368209667,0.840157641450957,49.91879930715586,57.031336418708584,44.38150894666889,2,92.21502640089211
R4,21.20606589483279,0.47029717603030863,44.220826300863386,45.4069153462103,47.93056524574042,0,80.06037011318497
R1,29.342328627063587,0.462528701519726,31.569050696947425,43.26713475853137,61.41696790316996,1,84.84542796311325
R2,15.816460215914807,0.7591042329716124,43.739012859548225,41.09563875312862,54.97813348807401,1,89.67561806216727
R3,25.884902543776967,0.9320237886989633,41.53063867516625,45.48251488063821,54.968360514942276,1,96.22039301549351
R4,23.0234000254605,0.49553755895323415,41.363431388722034,68.81498381800853,57.12754176194143,0,52.894551927666285
R1,31.791230726077778,0.40117190522654145,41.661375660755894,44.741568813844445,50.2536726253816,1,77.26560033855918
R2,27.477512581664993,0.06515243417501804,35.004746093137065,53.80918473766219,45.63703306102809,2,40.89518722355971
R3,24.060608138681367,0.6273132213347736,42.705789974677316,46.225952302863426,57.59590106045866,0,51.06828987933291
R4,20.8631142254658,0.1217102098559193,42.23772482645525,45.350245689073205,37.391819405670915,1,99.36030079217518
R1,21.511109418769852,0.9998579822432015,39.86224496657479,55.43248936136941,67.54683523848206,2,51.420591188883506
R2,22.028548151888916,0.7572145141891257,55.56787973406141,69.78795649562792,68.91516730997428,1,74.14019202174002
R3,21.27528419186995,0.9919133391597951,48.235433792203565,67.2442466130514,68.8282216088046,1,43.587950340160155
R4,20.84121552535471,0.6310601798518528,54.428291368467356,41.79591651362844,69.95234673426742,0,67.01984462852784
R1,23.397523726163513,0.11843858838598709,43.59208404671743,58.22102706710611,52.2318039349075,2,44.28463218811555
R2,18.590384920701265,0.9578500870845768,46.5895781094798,57.78138851387605,62.952026327549916,2,49.96280068158564
R3,34.86144626328205,0.4435978781666008,58.01307171703523,42.931706562274684,44.94701953163151,2,59.4717062753932
R4,26.46741630106723,0.1818335526181878,36.56085756358692,67.28215833911726,48.29985625960077,0,86.57981570090004
R1,18.578043947034807,0.4110643435863819,45.50036504688448,62.21156423580304,63.896820984497495,2,51.60468074953587
R2,21.060143538132277,0.48242559852533573,48.92902632688792,43.813963432488265,38.432330623877796,1,82.56581143983828
R3,30.71247938545463,0.7273237026478827,47.66138020733088,46.536937488045666,66.52892688254306,0,47.066473186209805
R4,16.162123634252996,0.6674724114036306,49.41290872451436,51.26325782775989,53.84345854052787,0,99.85628714111925
R1,26.28923001239196,0.2610573578916082,54.05143625153791,51.22236767042379,60.05086270881259,0,46.47760159068719
R2,29.647329299927044,0.05543933742420781,53.422686233963,62.33562018437117,38.073175206386736,2,77.47022955165704
R3,25.975406021032768,0.12626928955127714,43.04437367386161,49.20262407613026,58.71481189060122,2,48.64905803896157
R4,19.49886998829122,0.768295118540702,50.94953307461748,51.312795497623824,43.564714330146316,1,95.37168594666673
R1,26.14655251202834,0.6949192061012643,51.11322712857,65.70665437784842,36.966469268357834,1,69.41152483609628
R2,16.61219874924122,0.41023857690444376,34.40609528607816,68.5281697761208,37.073419694508246,1,60.83161571653949
R3,24.280824491729458,0.21877319163895736,45.23497636187808,66.81698935543112,54.42623926997972,1,95.17527212128905
R4,15.831216830227552,0.3715778983602813,52.842014537906465,42.15246419242873,52.98845893709739,1,71.99069965651108
R1,29.473858570327284,0.6725377800982177,39.12569333590925,54.511624877014256,47.80059201381389,0,60.670849099033234
R2,31.774774489747575,0.20389440447335916,58.11131415242738,65.770150090521,69.43132253266945,2,42.85247699123567
R3,17.564361684904526,0.6660640268683039,59.39620869833884,52.38448287627676,36.597299487718345,1,83.4292478483095
R4,24.18546805582605,0.47543557137053416,56.8175981107196,57.18208174356326,61.44486275716937,2,82.8163735888613
R1,29.4256999436106,0.947536943571712,37.317373779663036,44.6798741626075,43.7822873467551,2,91.76568865359599
R2,26.72487359812604,0.12232049716465032,31.01410902904408,67.66187363403773,38.885904878119035,0,80.96399090815464
R3,26.681272451103105,0.17179931152826955,34.0405321920308,69.58776228907537,57.469451623543215,1,61.773873267826964
R4,29.759012593554885,0.29889675250256176,30.806352016388804,63.25471137910774,57.38720965159554,0,63.01277302052979
R1,28.069456352782094,0.8328594249239927,41.12049612559245,52.55156094629473,59.28752294754359,1,93.21218607531502
R2,22.157142112339407,0.45978445124920464,52.21772064747395,57.36059247175462,38.35686534520098,2,70.70838014127185
R3,15.637629538047644,0.7687883540521573,41.90029136548297,43.55792195209255,32.80288357972783,1,65.08034814769108
R4,15.61774408234342,0.1829772497837273,52.013424168391836,68.61971163388196,50.51080395692554,2,56.179727090299394
R1,17.619281041871957,0.9081327897994989,47.35810804415634,60.446755837039944,59.77952001853285,0,88.44857443443897
R2,18.001710726258825,0.8465423679734037,47.783599486404164,61.64698279549449,41.98799139517244,1,90.23483706003063
R3,18.345271706636233,0.16120025740044408,50.1160853660853,46.12524865675492,58.6038524247468,2,84.97540000436103
R4,19.6700869162621,0.8534251300064991,30.968157372848317,46.55835580592136,47.176302184670526,0,59.6836138276891
R1,19.137151558812768,0.08425425859005964,41.49729145959327,41.57561838127176,63.36649708843362,1,45.75040457067058
R2,18.97480075758619,0.9167442733549892,47.67317232216042,44.30565743783855,31.780203649652332,1,84.96578518955872
R3,34.519820074866495,0.06221875799383003,57.978960879016796,44.42299026040578,54.118232371329796,2,71.99929838869001
R4,23.90431092021995,0.3961464421010098,38.436188697180356,62.837335199738774,59.01507239766021,1,61.05917421152056
R1,21.827380055222463,0.7140152862906665,58.56481486099004,42.43122422547016,32.170046280660216,1,46.730932442553225
R2,19.170846123613224,0.8121317628787534,59.820195239405955,51.866941570640854,39.5774686339063,1,69.8417280296137
R3,26.937050667427904,0.4993425693425404,42.17986837623376,43.43914901624648,58.56277227009758,1,65.88662528717617
R4,31.92675333891503,0.7377229498291648,50.22765661762196,62.14067605997781,38.31497405245378,0,92.79907786791398
R1,26.55927727300111,0.07427352774943541,43.00806889377736,42.177044415987886,63.03715880177326,0,94.13027296521615
R2,27.916840192533297,0.6425150745127733,51.576330391295706,55.578417754128196,69.20772787464836,0,80.07998129039314
R3,29.076407700514686,0.28325720988199377,37.31868997866338,40.80735795330634,45.81890030155462,0,53.15132172236704
R4,18.67899558825991,0.8702343954497468,42.32077394786986,51.597873705381915,45.922336430779225,1,90.92810250901508
R1,33.0302095385975,0.7352569420950117,52.14980251542468,50.31262649098561,63.91990414162697,0,76.6906516733793
R2,23.55620927266493,0.5665635712787871,50.52997164456837,66.71022804606265,32.538150465057505,1,51.17703431307021
R3,34.43423206223192,0.7454247190556834,56.57940719337245,49.39247015185422,51.05768694357026,1,52.35989274991139
R4,29.30151135137434,0.44874698819248837,30.836292322244184,43.5524610584315,65.16458456214112,0,92.25000815893674
R1,28.63008663633915,0.710864638595926,47.83020634450755,61.874970158899146,61.549956988752065,2,66.01662313133316
R2,23.85362256502372,0.41477271673878935,54.82276300238753,64.81912992391374,47.673567516501855,0,48.454982366039495
R3,17.746495953101466,0.06830740223764187,53.27325755653323,42.49755056581087,55.08658697902998,2,55.56026895076546
R4,29.129138522566755,0.7297121044776637,57.07960896975801,40.243171013744536,53.3441158641097,2,44.881177415447034
R1,19.29740626869702,0.20219522173392668,31.163497021097616,59.91441337111294,62.020460774335774,0,66.41099755365931
R2,19.42252792138558,0.4870536050583566,55.787812650818964,47.72762646961548,59.737006074751164,2,47.2313682514178
R3,16.295109341393403,0.27825423343246947,33.091667507112184,66.77782718725544,42.63158513005506,0,97.20535546415346
R4,27.096249623793437,0.09211628866509824,58.10606943888886,43.13402257483854,60.24633663691387,1,97.95214568034291
R1,17.522444895558994,0.5054938151287562,54.423805707816584,68.51978995397556,63.35358378787426,0,91.8937043718339
R2,32.89268517301612,0.25658954581884164,32.8899329955429,50.87877076929007,69.1762730702763,2,58.52415320404528
R3,33.483372984881754,0.413027794694678,48.45543773874383,41.14893422564192,54.35814440534493,1,89.6839020272123
R4,20.741450224448066,0.5449638242258237,32.98584413428415,57.280375698715666,62.85058158903304,2,78.80455296804081
R1,30.82037769566394,0.9083792136124402,49.864035357186594,62.29024768229297,45.12274574022004,1,70.16742678910589
R2,27.560262868812362,0.2520691574536654,42.65021582655484,64.00265308541141,57.10063639564254,0,85.72792110524568
R3,19.30456257651565,0.3210668399590576,48.3881017210968,63.471475906426534,50.56531260712806,1,50.99249682284189
R4,19.74293372722265,0.8503400751406124,38.02460076142783,41.7967284880728,63.60782808992912,0,84.11894252707164
R1,31.65813807967641,0.692461635928026,45.725566722056584,61.395333301665474,45.32472121061873,0,80.9365244668847
R2,25.59273944218588,0.07577287498886343,54.6572806811632,47.89003182460915,64.5711257993122,1,76.3518041583426
R3,31.39380689285133,0.7953533320247493,36.721061163239625,51.19946048843276,46.86255464883859,0,63.1609112348135
R4,33.145425420197796,0.4975461603892638,33.039998708033295,42.32236356340745,45.53647511218627,0,70.42195463364575
R1,34.63624400854051,0.7313104489941287,49.383408810390975,56.21640401846658,65.76876500477957,1,53.37510069092383
R2,26.51377970048372,0.2737123203792067,37.87340718291128,63.541265779378946,32.47022777814244,2,95.9820160414134
R3,33.82659263344315,0.8093737535455574,31.35481898813904,53.17276450284018,43.148971524591175,1,91.78492486767905
R4,29.866886566500796,0.16820749272871505,40.294407088615316,60.747712889339745,38.9196501714034,0,53.26874624745318
R1,25.754676347664386,0.5415200531708683,42.044618372137165,54.73790748715181,52.42285261802497,1,54.57666325874909
R2,18.321580640613586,0.4393578787036594,44.61108851103914,62.742041964304455,41.764557961393116,1,43.73714547016524
R3,20.56771849014129,0.834479332808684,48.9082207303268,46.91351174705617,53.90412946929672,0,95.7893522751717
R4,30.450289903138717,0.18452742373115139,56.316741421572814,42.35384984488563,56.23415839252624,2,52.120674487757
R1,28.408876548554293,0.5047862419256341,55.61861634873692,42.399263484360446,68.20600289243673,0,85.54719580153343
R2,34.563008841300906,0.45112751056165434,30.07128708779654,41.62000190457427,46.89975045907318,0,41.645316478941055
R3,20.800084152197115,0.6391048689728719,33.14757377305941,48.40350613585598,68.38704504787543,0,70.52147169509576
R4,18.81953542187793,0.6120367884290258,49.29203789234845,44.17246559087745,47.27639796286996,2,71.60115376667721
R1,24.776031091349495,0.8039154742004248,43.797346232742115,53.02905760261007,66.17642095980392,2,75.8985237699305
R2,23.798071955634164,0.6375147898561531,57.12028531205816,43.81159292705197,62.39711255561204,1,67.46960319722548
R3,30.022704472397386,0.1813907718487089,37.72742418452623,61.49834214673006,58.715199524322024,0,67.45345637868228
R4,26.938030166039628,0.24723178556103875,43.323393973133186,44.2143728076279,53.88948246816585,2,54.94727797836165
R1,22.032892199424893,0.2453401188385388,51.86297724975364,44.5972447227323,33.782357206165685,0,59.551122467050675
R2,23.812957895271193,0.8431230548411209,47.179366756520736,67.95974450284962,68.50621151299222,1,47.992982893781324
R3,24.316210824954627,0.2531816272602848,57.54803173588244,64.68728060302234,35.5776030938431,2,49.54115058812532
R4,23.587204531212194,0.2877872194302685,57.100484272413354,65.12100188650084,48.375258193602136,1,71.98579491403285
R1,24.407951226656913,0.622486661971552,54.735130768991944,43.458409263567646,59.034157453317185,0,67.34750938171308
R2,30.373502381932244,0.41670024422326835,58.304688157993965,66.75814163155394,51.07877996974551,0,88.56347998864948
R3,16.570345825315886,0.23127554437642317,38.49259353184771,54.17438388983435,41.11336640425979,1,84.30353652214195
R4,28.530678593024525,0.03234384894523823,51.83526756145913,42.81187933365536,38.31772859434156,1,46.302954065565714
R1,31.388181693861302,0.4571042215644264,57.04977208284279,51.883501554295464,50.47847116646686,1,58.25768003544796
R2,24.114014374644768,0.6923911190902662,57.306505476184626,49.79879637152361,59.37014367966947,2,75.90558220123975
R3,30.351644376914074,0.1652228255791165,52.7120276451958,54.15353603307185,54.89649186216589,0,81.14330563519178
R4,24.870357458693476,0.36769606094510254,49.702596457642485,53.62862119206025,49.580569871314026,1,51.992231859361425
R1,19.505367941956656,0.7752298972457694,32.606161748225674,41.68445816078522,43.849523898653196,1,99.46777908241205
R2,32.33887020753491,0.6421502000952259,50.10973499920898,41.17682962134161,66.0292694141747,2,55.07115240163053
R3,26.10306204629246,0.9033311611293033,34.97961308085638,68.80554929664645,38.130926842744955,0,67.08136776778099
R4,22.194910301400302,0.5898857134126425,45.17703646784041,44.09848997045427,55.07503130316325,1,69.0427223085212
R1,15.425653816116629,0.3089896767316487,45.30020662135019,47.6141488790436,40.792469763815724,0,93.6644592299642
R2,15.274437240228423,0.8672351249379883,56.38893825519678,42.230049483768255,34.38994252564848,0,54.869869140082166
R3,29.693495397550635,0.6340966526242916,45.81741240023357,45.49958762920592,65.92274674465892,2,79.79156638909879
R4,19.756995456580686,0.057879933319354926,56.57062830601782,40.49714722263406,49.412289101517544,1,74.34897661346803
R1,27.737228409637286,0.8944146718198983,45.758692313638385,50.65313686169,61.9912598230855,0,56.71971773238238
R2,33.74572161922967,0.8179928573956137,54.76944183156047,57.14571487926534,57.50753865457604,1,49.99600485200645
R3,32.59073459899724,0.675305397478082,53.65532759195187,68.70203668471527,67.9375033656247,1,98.75892497582782
R4,24.992498822636467,0.8312983531535948,43.74787710219347,68.51538307341725,50.55573738361231,2,54.172784618468
R1,31.96868224039235,0.01918544563346314,56.3915243694654,61.30394346254408,65.3421428859467,1,67.87472430045977
R2,21.31529599676303,0.3412822649150521,45.78391046024843,56.01796474023229,62.43736621637846,0,65.29511735482254
R3,27.542052066113108,0.4924664610921301,39.03759367847343,53.33984730168214,66.03210601728054,2,55.11535255968893
R4,20.7761709173028,0.5501474088694681,38.83775051290826,51.83312576525596,45.72721310002492,2,54.4619945628652
R1,27.095891656348332,0.8753921513545093,50.0221626110074,63.35677981654272,60.21312669135693,2,53.01735929362435
R2,29.87556191702921,0.7035563654097017,33.85404895937547,40.050607726503394,67.10758732303154,2,58.64876972071755
R3,20.733653940361023,0.41235210558618274,40.24751817864208,43.1946165573075,43.92985181651426,1,42.92207194387683
R4,32.58398835231493,0.015277766188015796,34.13479858836756,47.939769017348574,48.517956313553086,0,55.38454855157279
R1,18.214389078419636,0.8457333747653274,56.41059527905668,52.54547539207985,31.500340446458086,2,85.02389559233296
R2,34.97347627166967,0.8332825151031554,48.823191036262806,50.15938305081755,30.43739210478655,0,50.01210271319488
R3,22.344453578045734,0.5586139384391884,57.25835278214457,68.56317063269697,40.34999934476029,1,51.870674221550345
R4,27.99030317699017,0.47369853301978615,51.272176426993056,46.27585976933277,50.88717597235947,0,50.107471349272245
R1,16.26996418784497,0.3588611838191308,59.34611985415784,64.52120793176024,33.94870019595168,2,57.45837278364732
R2,27.25679902003003,0.39096663873925586,41.18097563846148,41.90370315528353,45.858484656949294,2,70.44634828460053
R3,26.515269456721086,0.3360670658939915,55.86883578864702,60.0639214733972,59.01554143732798,1,62.68120321900662
R4,27.634739058206648,0.5429244750594785,39.049248655642515,67.27745146508892,38.912416206118806,0,49.57084846009057
R1,21.37694004421283,0.08645885269096709,55.297057899813865,65.26069791058713,37.19051672280734,1,80.27754864580903
R2,28.99574399597001,0.8766034303647191,36.25314068824022,51.15355160580104,41.81617507830295,0,65.19215737275434
R3,24.132591615274,0.7714326647109863,46.625965527953426,54.19737671328723,39.685577585813306,1,56.452151036702546
R4,22.128637871351774,0.42553831610917103,33.33848231126399,67.53177852954775,58.82629620877802,2,95.58860724026022
R1,18.778846533690782,0.7304328671099901,34.40590700336977,62.03578849894886,56.206711904440546,1,91.63593766649865
R2,29.619219169701317,0.05720955534934846,35.91546385225328,45.08387516320268,43.11789155058234,0,58.04167773103157
R3,31.885702389327328,0.10676435687750474,56.249485005626454,62.12533005244985,62.85210933292488,0,82.84416787288691
R4,27.850696857710517,0.4694347224395585,51.98765347431311,47.13841475590736,36.24122019054154,1,85.65028033283997
R1,30.339315301622776,0.8489078881381954,34.218593186901494,48.14572963477891,65.44306354919718,2,66.7107961898954
R2,33.94958769424354,0.7307891655178332,37.64185834542141,68.29398588261498,40.19194896291754,2,48.564893342545155
R3,18.035774254180915,0.21045912274884027,51.72039218668258,55.65301764516881,53.383383321870326,0,81.49109043865211
R4,24.56074926071464,0.35836688713998077,45.621133280074396,68.36088938863737,43.65982125876981,1,68.10342692526332
R1,32.451164573499256,0.4093408869803328,43.516355557435006,66.97432865755141,50.27501385532347,1,44.94084791324091
R2,21.718999035451034,0.6582776178115068,52.37009595757824,45.26786003405441,66.61826146093881,2,91.41966524504656
R3,17.136332045577227,0.01204983167314333,42.03895225633903,66.8363514211948,47.4690003299598,1,90.47535786597004
R4,16.890959276709125,0.22006775124830658,36.43964865074466,69.7834352423395,44.38588399956946,0,44.90205767651618
R1,20.293391999771785,0.8389562453774799,47.49001921724087,55.54019499374964,46.635852469472624,1,86.40568703249457
R2,18.50202592362176,0.17766023865808156,56.93966993462507,52.500456288702665,69.84497609218465,2,50.46537149710107
R3,30.154073641893007,0.5911607578181648,42.70499930719437,45.32773899066598,41.00559248110517,0,46.79942934667798
R4,18.20125516276088,0.9640536383480345,39.880307556681984,60.69878836625452,39.95128824147726,2,60.51117913944172
R1,25.251317618941904,0.7175939714844211,44.11835596639972,42.688250954665946,60.89055782735152,0,95.04897044769007
R2,26.657623877658015,0.4952572373718326,38.36971856304376,40.36635380809738,57.93286958763254,0,58.06470504757287
R3,25.06179132063406,0.11065094568068412,55.666371352772906,57.713546727181786,30.934630328126286,0,48.99626401931968
R4,25.54942557171692,0.4753054026041409,59.70647006404316,42.089676609092336,62.344582589634356,2,80.32052018159084
R1,31.367821494906263,0.7467284892837031,50.89812924518765,56.80292800693861,52.885888048467535,1,45.04098496869276
R2,26.25696265422727,0.21906738099447975,35.30343437986539,57.737942521859836,56.20598608550948,1,47.13271595672832
R3,33.666937493020015,0.8253842721385092,41.468680382003996,69.74849130017547,61.616028550359516,0,63.558077007484094
R4,20.667739176536003,0.7029332357259818,52.21409346433987,42.84273311035386,61.11306645501181,1,70.86786172134839
R1,22.187301735254312,0.8800099637356471,55.53560481844545,41.11266702340842,34.79389636938018,2,85.53995630246008
R2,26.55698578751605,0.744598951807824,30.14878041359908,55.21571713243516,58.99165201279726,0,71.4997366785811
R3,25.53527864705852,0.7905128841949483,39.489823226695464,62.71779417582561,65.11542682399835,0,59.22924880581516
R4,23.29063529953167,0.9089533192315057,56.6782000676671,67.33981506889539,48.619822626695594,1,60.14981943111009
R1,20.71935009977871,0.5181438899119578,54.450064934735394,61.7697205462315,62.17657460324359,1,60.74977555807325
R2,25.305292650729317,0.2523509779048748,59.54671430723176,40.139503769250396,42.16734133546626,2,78.22692004976312
R3,17.77554015139066,0.043855031568456604,44.674678182913425,44.33265402379805,32.061599900897136,0,55.3431991159545
R4,30.825969954939204,0.6190977322150095,59.058290962703154,41.01016893385073,61.54406668496744,1,68.05274506626743
R1,33.24762677944309,0.45527705413435415,54.226423029540754,66.31902893630398,59.06850840560595,0,64.90347862483397
R2,15.776056048608627,0.1006455168135777,58.571686376775276,62.33460745656684,48.80245957457552,2,85.7303608293061
R3,24.866098779718655,0.715187179886563,37.088190274166934,41.814513619055994,53.618089418963905,1,49.07206897107868
R4,31.47512700190514,0.934738635269725,40.49351854168947,63.97283422392577,51.67797818073825,1,40.895674040036376
R1,34.5961156359666,0.12917374856100106,32.74652829110334,63.78839482370687,38.705245597026604,1,95.22167118852079
R2,31.700111536737708,0.9011336320348803,44.70729284115892,42.840561685105015,45.66870886510651,2,78.31396332947946
R3,29.78837990625354,0.6377949183448633,40.52720294065,55.96789931738041,35.125232110475515,1,70.43852152225116
R4,23.633013926969614,0.31579353029963375,52.12939235865598,56.488976374844796,46.40233055923031,2,81.34326827097634
R1,23.832659786449405,0.6839324963841059,42.82347389000958,49.78770380464763,53.46096324392187,2,83.95436215436146
R2,15.428236589458562,0.5228600321933949,43.64106823560758,47.694973712828876,46.71307831267734,0,71.2963510029553
R3,16.842000928827208,0.1750233315359907,52.73175655539434,50.58171654776289,45.827285016818635,1,41.4819875220072
R4,21.72965485769925,0.5999345458271749,30.119524811902178,40.23233987982364,43.973142089726885,0,82.78402809269517
R1,32.27637713335896,0.5948157892362498,32.615317608800694,63.96008467209943,45.85105037331666,0,58.07837120077155
R2,25.583474079399295,0.828290134256019,55.326930372523194,46.75015518341178,66.28229462509046,0,67.64577591329761
R3,31.403188328434904,0.21744666826199177,55.86807210100021,69.41430090475838,49.215545237319745,0,55.63162045957067
R4,17.699237986090544,0.2326075849272986,58.48077441243276,50.97196314591699,48.90118899219132,0,71.20936321046068
R1,33.324227539982886,0.6796903515591268,51.11421936045522,59.63013765326697,67.82495672352965,2,93.88183804863309
R2,28.4084291278893,0.8709727700786963,50.16971506034133,40.24655082537238,62.986851844451685,1,74.38999102914732
R3,21.681458720276073,0.03908244959597362,48.617738844685235,41.14861907460204,55.54204022073226,2,62.13764366019218
R4,19.036473448805054,0.638865987842714,54.04779052308023,64.22617451646258,52.61964294316833,1,54.40436295497755
R1,20.32495390720185,0.4214859185185619,39.58923816259801,40.323445345356596,67.94128919808969,0,96.84002861286291
R2,17.666847271458032,0.8744909338139119,31.75036344394054,64.12406686156439,68.62831405856164,0,84.67252307000305
R3,30.113920497789845,0.09807419039013854,50.560485044168516,55.993889065953496,36.995609628597705,1,68.3926753907557
R4,27.78139362919117,0.7093722220552363,42.119683483985824,66.52059372493271,49.53946152600466,1,97.57366805023582
R1,17.42961657825957,0.06735227051739079,38.57496402949675,65.24866075077935,33.494608473769006,0,40.00757471929866
R2,18.5114196797842,0.7014807819070462,36.994668961166084,48.787393256688276,66.63807516653131,0,63.92684735809165
R3,29.35649506666081,0.1085619357536518,34.24079820309917,61.222851969626305,65.25677527735368,1,59.7328505955402
R4,21.743447563786056,0.6663816768600332,33.11165402413485,49.658891433055295,63.117453665125595,0,61.243516334159736
R1,20.616831285576822,0.19877750180172393,44.96409325698593,69.44061193426532,64.34263678007764,0,85.5121829690273
R2,26.895455790021146,0.13147896582798013,37.68481484953421,52.38368435285764,41.193514673503785,1,80.69174110494679
R3,15.329498422282096,0.6357842268062261,39.152864533279356,58.44560204116709,49.42779059780517,0,66.80077999868811
R4,18.78804790453012,0.11304228967595853,54.486528472527226,62.5156748155967,40.36134270342725,0,94.38353342349683
R1,27.819190605719484,0.4496918031040962,53.82148531471344,68.27264659817791,68.02012385954586,1,72.97152091256359
R2,19.561324445755766,0.7327661644495976,52.104011616464845,47.93876093357235,34.38094541890735,2,93.30713799945943
R3,18.044471727543346,0.862981976818745,33.54180490185389,43.66278924876659,50.79376281786163,1,48.08972140307407
R4,26.399137814946602,0.08602106481025917,50.48711930157626,54.96836726905521,59.330902634338315,2,88.67947785119324
R1,21.92866871607366,0.707445973208751,53.416371119935846,53.714321338734614,33.7320616476211,2,53.078099541067836
R2,34.934902206185654,0.7140389064702678,41.14698642405864,40.61419340393065,32.76837891246474,0,76.76250992211959
R3,18.501474028285955,0.826748148946769,37.938838022105124,54.54404744017337,43.407049094342355,0,58.25992490085109
R4,32.143077950650266,0.39520671489561976,35.4640564977047,47.82053437097555,39.60345244912823,2,41.17135427520361
R1,25.557319968837554,0.3861353399491655,49.661943150222555,46.635708350427414,37.07730624179106,0,62.70932542965792
R2,32.631369590067365,0.4547089509110005,44.44783142101332,47.51409635963464,57.40840722276606,0,59.58956270257974
R3,24.89303245514447,0.0695104614931833,36.75617179961565,62.96708296830856,41.27699581506615,0,40.33409773268902
R4,34.61046068360953,0.16044433378320921,49.33509809645969,48.673902773799256,60.04345245389691,1,82.38879877571785
R1,18.22727984198719,0.1278455122725739,31.27518376542297,48.218460706460334,40.285546873927686,2,75.90585776060036
R2,28.7227152887773,0.9640878572486933,51.70249826639618,66.20536465385646,40.90523123691341,1,52.93847883247264
R3,29.919759584294,0.3046866278659215,55.59874816637026,57.59642543983254,67.92597596944233,0,70.06873579448323
R4,26.39607344606445,0.523126794970625,33.07985959917831,60.82191460441999,47.02671017384574,2,81.80865683494363
R1,34.120112321228135,0.3857606190541403,40.40080273261455,53.46662177533449,59.52190269730219,1,54.992076833615876
R2,29.677275269634197,0.10329253077826683,34.536918853141074,51.19278449657849,36.91813400449342,2,58.90698553340337
R3,28.293528653656445,0.40953619028080657,53.0299575117611,59.23752402013121,34.360574444464774,2,72.70538592564053
R4,28.9729654940962,0.7779130214662258,56.329269755456224,49.7108184458608,39.35326069186291,0,61.23370494350901
R1,34.80282564529003,0.5002823753115245,51.12271979364656,66.18773035926604,49.256000646979565,2,46.82677607816328
R2,34.63523869363253,0.3991472532646415,51.648725502986295,56.436560364935076,66.7315813133225,1,96.54445101036498
R3,15.071568611833877,0.6525097743949262,56.077739592490616,55.55327961194942,39.52447414320422,2,55.462755625199875
R4,29.271831291234857,0.07097792399045655,54.08802921481339,46.79419290410814,55.780213734290584,2,49.17510768676249
R1,32.271380739029354,0.22316130385300292,54.31940777018296,49.92153130490123,37.88306304791942,2,56.037061779575836
R2,20.745907732231075,0.35730955836614275,43.88765632300415,46.72812166524099,40.06416986793016,2,96.6747244590938
R3,24.85220443290038,0.6586060838570083,42.197054944858294,45.96992847734797,40.71441744193484,1,81.40999084566425
R4,32.69155238492063,0.7145498796909217,30.964209884736377,51.01828916843565,69.46624325246476,2,88.2398613539205
R1,17.70587192244319,0.6640176711797371,52.174411606600614,51.0524075600383,61.80814655043477,2,88.22245190609951
R2,20.062861644382117,0.4864222137098466,34.88275212979393,52.660199033640936,35.65923833407617,0,67.21817276800728
R3,19.506914032772144,0.9943634898462802,32.97464281181077,43.0560258800685,53.009715402822195,2,41.95528332895103
R4,34.987808091221694,0.6729638537556843,53.8945805246823,69.88840748599077,42.567208491418924,2,59.51764819105697
R1,25.873320553255382,0.6751569726425867,44.251155567038914,51.35931201872785,52.34686010871066,2,66.5562441185722
R2,21.984891957905432,0.14614189160082502,39.040262900789806,69.93560701023668,48.9794854051388,2,90.36599341510853
R3,15.317402858875331,0.5202854642228671,58.24514522003392,66.09899600103466,45.09197638614382,0,77.42162296642894
R4,31.814212297047774,0.931051605837654,44.041252727594355,55.13502129946975,42.477145359407515,2,64.90117990031104
R1,15.790046683887146,0.7729104142634357,59.14799035734366,69.04156426765189,50.63724360180983,2,78.67774803394485
R2,19.747796388868423,0.07364403171987,37.20987263576691,54.98272113063406,38.879329914642355,2,86.30678397025058
R3,23.37547606384672,0.5071417656278111,54.594292240586604,55.58100022590449,50.354159706502976,0,81.10635366047273
R4,26.34054346222857,0.8180409489589818,32.93026991581543,54.23571801038955,34.95516003769768,2,68.09262040157442
R1,31.941171532016746,0.5702528377403603,40.031478225221754,42.64447576439458,65.91702072715523,0,66.0295899708199
R2,22.17571911257231,0.43165630528751886,38.643436616538324,47.584506904665105,55.01279218689579,2,92.0334737640572
R3,34.743172542195666,0.42006133417776326,59.04148856525735,67.44740699704958,30.742507597668837,1,96.61257084582134
R4,29.89594023057475,0.43147056840738296,57.253431743211685,41.5939460729764,34.17520854815014,0,40.298370122678065
R1,15.169405080142424,0.10713829723964108,46.26603902785608,62.756890944773176,41.19416022184433,0,98.22828038875191
R2,16.03016330027208,0.5176626057212315,38.58158857068424,45.567720613141496,46.26372902603623,2,77.94307701014486
R3,20.047988259702425,0.3301496974996905,45.09892081752125,65.79095254450658,32.557591023136325,0,72.68030079983221
R4,28.85574445776594,0.8656617283710131,50.133438902123764,63.23774336830037,48.01434057998755,0,86.32762516072617
R1,19.22230721349714,0.4327371540297664,44.6551325652556,49.09051819050886,34.83538362380281,2,50.04219122029383
R2,30.61565169605977,0.4799866143794851,38.580884196412256,46.84139871485278,47.59652819474394,2,43.865068244825665
R3,32.26304638234759,0.4114723798980121,42.04974153625075,59.90499842505849,50.44632654498627,0,88.09420179356871
R4,25.42482233587953,0.706513651031703,36.751985053468104,52.32291607242862,67.5440984102259,2,71.80955577847908
R1,32.48961601177225,0.6206802498937987,51.40704900787148,43.22680349000196,39.00093988229328,0,64.54165220859255
R2,23.247842323224607,0.7110508764206332,41.03491805053256,54.092711543341295,48.74296430780234,1,68.05691937984128
R3,29.386113742060434,0.06356783026330737,59.851583763381576,56.6877595342183,62.17169634093644,2,69.01006539005425
R4,21.251357260380416,0.3521487255282286,55.815192823869225,59.59171250497376,62.48823528857802,0,88.16879765987682
R1,22.866990317844092,0.9185133976109532,59.884572513113724,65.33553063149503,31.750123381849665,1,91.9748677313371
R2,34.37532872092512,0.44668524088332484,33.93831746630556,59.79529275729086,37.041803844078956,2,56.854216025034695
R3,30.64278450351683,0.22339652799053267,55.14317455283229,67.6533836545081,30.096954860695323,0,78.16272944595639
R4,23.33103866508889,0.7745714844817374,51.19149738252527,69.98146946540726,34.48747555361131,0,97.04328344383956
R1,25.359972095999225,0.09762747467117017,42.57820809980342,49.718125100536334,41.22541608883144,2,64.36933095892256
R2,24.476814046250084,0.36085446344736394,56.192004519256244,65.35953822886522,30.062471362291316,1,89.65199895436456
R3,21.781753016909633,0.2392912422182073,59.99159050275844,66.5813311584228,32.09993737803546,2,75.9812965928967
R4,22.935927795867897,0.6230565161772704,49.54287768104667,49.346707592697115,37.09646627684636,0,68.95022059684442
R1,16.713309608443353,0.19722863096529897,43.42137566118806,67.26047012006929,69.93904111227698,0,72.17302692692684
R2,23.896731027168745,0.3575715342827249,48.550765156273144,59.7524720179986,67.70557679890472,1,66.52039200331211
R3,22.050406285555827,0.9243570572301786,30.560601820009527,50.097396063437365,64.00102906093832,0,47.922680395384766
R4,27.37241842925974,0.7454194898895758,54.45923651807645,54.63698263246274,50.63183120890035,2,45.02593412249074
R1,19.182338618143277,0.9094472745267982,49.4845675474767,40.99273704267103,44.72489630043822,1,95.54023869042234
R2,25.168655637455352,0.8481139059551115,44.60477524665157,46.63149541757733,35.794148858710194,1,54.940223435499306
R3,19.5133137718879,0.09610786611875932,47.52517482373028,63.161723255989244,69.5592330195859,2,92.24688660303661
R4,28.073475875964284,0.94363436456479,57.42128673482283,43.198276809106936,62.0872429062174,0,59.923861274790625
R1,27.797253175883277,0.9407258268593994,34.68116210208939,46.269748595527595,56.12740814231395,0,53.4295802632679
R2,25.118927662486005,0.47657035083610966,48.35933183835372,63.867092401334084,44.5941438106466,1,77.03648436297617
R3,28.53191261007819,0.22773043047853658,45.63676461294172,55.41857249697415,45.71950262174916,2,74.79745345997998
R4,18.015724228148166,0.19998639255844575,45.08622659788966,65.0446305499147,39.86358755800399,1,42.85494891833538
R1,30.51646324096506,0.07009393117327445,57.49380204578359,55.16167615647325,60.86473328087443,1,53.31832140971136
R2,20.48748502905852,0.102737298748516,44.55620714056266,67.66086088858718,63.54508853423059,2,98.12005242602001
R3,20.346833070394386,0.3335972370922554,37.55415530606571,52.425092204076996,55.81656111417622,0,76.45404772638017
R4,33.48751870154334,0.21908223253095727,58.31526492451802,66.82197139484741,59.1263105323159,2,58.11242557784293
R1,20.486478506673862,0.6968777601988053,42.95144812213532,47.784967402826005,61.93127747470906,2,95.11600351932225
R2,28.929033455075295,0.024489089840607936,49.76452201374963,53.45623464854217,34.069857762091296,1,90.37421907333024
R3,16.122929328944192,0.8573708722585782,59.12798761842644,59.38182761438151,40.93573152400463,0,45.48996218229766
R4,18.515192788540617,0.6971863315273639,52.849406533870074,61.17967412059325,57.454195406930396,2,94.95012313324139
R1,20.277446745145593,0.25090639163844675,34.1632639836899,56.38358390896278,51.50379554867576,0,60.01756426125725
R2,24.14079483861193,0.08876236557881845,50.065717781332,41.1840261867336,62.21120546109419,0,98.94477821216914
R3,15.145841389666653,0.5883367704034406,57.90421486861906,61.45310808131532,52.701036612610565,0,83.26974213904937
R4,26.88229396726829,0.7426704786085251,53.86441299893279,56.63551084563596,56.54515747361431,0,62.82153725297859
R1,19.681809419446346,0.18391343115040948,49.28237936928725,56.36413845546139,42.99734649381498,2,65.8417042632749
R2,20.416869035821673,0.15057062059347104,31.155833104077274,57.04562920210622,55.62279852244078,1,88.12163975160175
R3,33.23020940842605,0.08673205376871862,46.33173830013419,63.05025338087093,35.6558323698076,0,74.24873763166168
R4,21.49982051313853,0.8457381015858378,35.727271130814216,67.44148769797388,35.91669936278634,1,95.21512209329431
R1,30.262291497645574,0.04073474770988028,55.46153817509959,62.556180532974956,39.313388572426135,2,99.33054500506184
R2,24.766351371765776,0.7011334644967905,42.0547818343677,53.4367965074294,45.81580637499857,2,76.69349714794663
R3,15.364963290672392,0.06440127956369734,35.62136737082762,49.74060580725836,58.757752041277,2,72.3605884205537
R4,31.414276767369373,0.4707360056390556,48.95463987792979,41.445563122952755,66.23381783257892,2,89.6073204097201
R1,19.270686458639396,0.4341722135044658,49.787401774114194,48.37152979494563,34.327968190010075,2,63.34087403838282
R2,27.454903573064268,0.6009569837749805,51.63524892169198,46.88661794677896,66.71940403193466,0,52.142122846506844
R3,16.217412258825625,0.43986783245492844,47.00223050379711,45.29548542060412,55.30359125679687,2,92.87825560270537
R4,26.686714489179213,0.2791562483824066,30.506153287314863,59.39790399282765,65.69947876103494,0,53.756456576943606
R1,20.66253817301255,0.18297429773930562,54.99145610949508,61.365826979839625,57.0980055317484,0,62.868719966643766
R2,17.56323305667085,0.5327392879276748,55.65725365538994,46.935933507480726,45.96693297703602,0,61.4712170807294
R3,22.837935350661816,0.691734773070411,51.66147096202563,47.47613823951692,63.14826100270632,0,91.01477273325094
R4,25.887113913092808,0.5800867457884017,38.418118607264915,62.49967189392518,39.23587047207813,0,46.58985377121716
R1,34.524397047420976,0.5437260393680815,52.405036942399505,62.315746501116735,32.39586466505444,2,47.26321389095915
R2,21.110346804414498,0.7059850307770387,34.15660841190397,40.05925754368164,45.47070622566936,0,84.91012253178872
R3,26.061190913691565,0.5383954443,48.409705933273564,67.52622618258528,49.74860670647916,1,89.43163508335567
R4,21.63743956505633,0.1940969987551434,55.63091107956362,58.13659125815016,43.794781966240485,0,92.1291676156334
R1,25.43811252607472,0.8734066066915491,37.09990962496683,66.29847017530753,38.97727812747138,2,40.264215572486954
R2,20.072408505189802,0.10222652046905101,44.9099606458348,60.814368116492005,63.25682940979934,2,62.084133637693604
R3,15.165170334347993,0.19381562565523325,41.84325121458959,48.2391819730131,62.328708848049175,2,72.29022404395957
R4,21.578062781964768,0.14817445696291542,47.740256124300146,67.00312959615076,57.15917355875598,1,94.99686772972886
R1,18.259288922275395,0.08791715074469864,45.387581758273484,57.70361870808974,47.07702832962221,2,99.05340114444553
R2,26.224526762709466,0.8896164464402372,35.016947850425474,59.23190092818405,68.97392939963277,2,43.878000589057926
R3,21.28641449009877,0.8292756154502797,35.68219075026485,40.37031118346799,58.82352984133656,2,46.103523094931546
R4,28.676547668552793,0.05792103275371985,40.58990382699133,54.813019056493474,53.36667454169417,2,49.99693783951012
R1,16.51653896036857,0.3394738959841471,58.96198192631468,60.3738209544491,57.068103126607284,1,58.829748583410634
R2,20.251520816618985,0.221432042811187,54.18001716987408,54.950205422503245,65.83407626030743,2,75.41468540151448
R3,31.471327150065704,0.24409264989208856,51.93759986782099,61.84507235243589,47.75018818834552,0,90.91828635045951
R4,30.556062089892077,0.5774934569347797,47.36257763754769,41.403684608282575,49.05481451648966,1,79.82457078043586
R1,20.115377244797372,0.5851566142720397,38.03919388386585,57.070865984274526,57.186149145329324,0,70.45124757563413
R2,24.354098690263335,0.6576804102008589,58.16122829472237,64.46033704752604,53.34348217884778,2,99.0511069916102
R3,16.628373730907217,0.43658396314355397,37.29174587803205,61.162199158440146,34.43363075003671,0,77.52487971641526
R4,16.567975368040155,0.43555301430790216,46.07153926580931,69.21758410597766,31.243948393202594,1,76.62364451474967
R1,30.933921245704674,0.0908746177358265,39.54502741066811,43.10191636647639,48.96760695140782,1,40.50385573074394
R2,21.372347395201672,0.5862062403726936,53.0078179277169,52.36336711970384,41.70779450412663,0,60.916343334887785
R3,19.3383923668587,0.4557244426573437,30.58948595016088,47.60650597077296,56.22240813481736,0,79.88665476798218
R4,17.697861539867098,0.9032859611311765,31.95402843080537,51.3545676015693,54.273846720864256,0,82.02356288801934
R1,33.552230977427456,0.33071308365095287,46.469854566057194,50.3203839792737,60.68032771733198,1,59.105549085454946
R2,17.470738498584396,0.802599831138553,52.8960655731628,55.1794260131404,52.28755726885939,1,85.8314989030754
R3,24.63821649309019,0.8797175788110535,58.912842914071234,53.668062242301055,56.761435443753854,2,76.76098992701405
R4,30.47159905903934,0.6004027614035206,53.92017470127306,55.57917629242335,31.097534567820325,0,47.09472097914783
R1,28.79362828640501,0.4250724170727799,53.75086349978791,59.051063614950685,54.620901628480794,1,58.74410259835455
R2,30.40479791665863,0.3061898271529059,44.54015979260754,69.67113856962196,42.40814271753318,0,67.42885022967633
R3,26.831199247796977,0.8361495982248809,41.630268279048686,56.23710327032647,49.938322448182916,0,51.09356051947493
R4,29.1705375082081,0.935303037112099,31.58690291918892,63.113716361028764,60.6673868839147,0,82.85043358218807
R1,30.952970964401217,0.014007977309523634,32.01287410368097,44.65640713307512,63.71313330080078,0,41.76067753754646
R2,32.35253257935916,0.4679843144264445,48.452161394734105,55.674778134775735,68.91985667884785,0,54.68077631981135
R3,22.983672782001694,0.6710121952375797,56.07769939443855,65.00657323477978,33.8251443965525,0,66.51902678065231
R4,28.436891277530485,0.8030837990110665,43.424945395717316,42.53672408107296,54.01156707800208,2,51.53738665054993
R1,17.201566535625933,0.45414776082140085,42.43340993645442,50.14603614775356,35.160131542823706,1,91.35021389517686
R2,19.352547459344443,0.616067534127781,40.730046485028694,59.25245018946773,48.648734021307185,1,81.09452650187905
R3,26.582107439326787,0.7896179158562089,43.72719565936812,57.960310315605014,66.30021572725629,1,55.585509076956455
R4,19.39604712791675,0.8136265600605102,47.50136985276426,50.26082507201719,32.6022146361741,0,77.65775724080093
R1,22.612809232689578,0.32227872645681377,31.825593220315213,63.5244009307363,44.57994412876815,0,96.99986092422108
R2,15.678542565064506,0.45076234790859293,31.432290333674995,64.02215655976815,50.40888527972222,0,91.77737844845623
R3,34.28219239196181,0.8702695594441759,38.54872791801808,42.82419490081842,57.21599371320556,2,84.05120171737872
R4,32.785512901681,0.48876254596486723,40.426412027463115,59.99871980819451,53.8572779304848,1,61.9795246919903
R1,17.91064366473085,0.8602215441575991,56.636033245928765,56.606817511451325,30.894182178671215,2,52.24612591690747
R2,31.464843817821396,0.7369212586024887,47.700015663098576,47.24885975936877,43.613295813286,0,75.5237529833405
R3,30.80339539145507,0.3511402429178284,32.52724435586984,50.06632376079029,43.83960381627786,2,64.2331124290955
R4,22.153263349599097,0.11485761828336816,50.83205175260059,57.169793333025865,52.26975516492442,2,40.64405003197371
R1,21.301046099325855,0.6031112645750345,58.74910384825829,52.46710690911525,38.67897958989012,0,92.45320610823711
R2,15.323755357773479,0.4956314803669487,40.23822007148562,54.5796793409115,61.65662598006575,1,87.6273307079078
R3,31.344649100182483,0.4700233307102293,53.33458072472064,49.657645855974394,32.655227989785594,0,96.35439488546217
R4,26.120769788252993,0.13668457671566114,44.43386582680795,42.8759883792944,57.51237749147605,2,94.87463575504425
R1,15.20784636492383,0.605585616416329,39.84462542646521,68.22759299255866,57.66504645413218,0,55.13863014817113
R2,30.67201288977072,0.017899867917015033,44.029536266048815,68.0822036577343,53.0876918640341,2,46.66234511051397
R3,28.97376265196463,0.3816969019220684,55.80449509191463,48.90041588642137,53.35925921302578,2,84.7063268565804
R4,29.919668525724845,0.3239753319429769,30.812821594021546,50.872846492957436,55.455495632116715,1,45.93387325672335
R1,23.074778586478644,0.7000172276673676,54.806280061644124,67.80078188044935,53.10974711101051,2,69.64308537394044
R2,18.850283062236354,0.16817924235222204,32.99198274718784,49.922164695642614,68.32009099674823,0,71.10943145845087
R3,25.040012839068503,0.2801776587576682,53.12945635186145,45.72642231971835,30.31119547114993,1,59.20173165122224
R4,19.94712790403085,0.2758204233692422,52.0008760531569,54.193118610803204,61.08105710474786,0,93.04429766009466
R1,17.501885403309313,0.42988915562665786,52.95089774873023,61.5717806908428,34.84273137854774,1,62.81312670453281
R2,23.359838131777316,0.8942744355982697,50.44507267335298,44.8480424506914,55.11315084967224,2,68.71557233322801
R3,16.239992039241674,0.9495290138353725,47.2143326637856,68.71059901940447,47.20650481818723,0,83.33805729210746
R4,15.507709695146207,0.06417150432260832,34.8570453083766,61.61622262123612,47.5943016978124,1,77.37116724882532
R1,24.56933726311547,0.9096748732373227,52.92400521036297,47.46697723129794,44.629171369351496,0,98.33128976384918
R2,33.07847470257271,0.5305026357695237,30.23188893364796,55.44101403321037,30.2454974241839,2,84.93890456833574
R3,24.353757095212632,0.6617017786644221,47.95338936138316,61.763157605231456,60.38464541894383,2,50.12683780964643
R4,25.834600415497345,0.36525488140974816,52.438472135235884,67.56722299548883,50.46751641436359,1,62.174959659431785
R1,34.73117491805339,0.25085568468170905,30.88370337628997,40.53891942485461,52.597226434776445,1,52.76133881695932
R2,18.499749521588317,0.5536455213385265,30.76859708246735,45.5491602072094,35.06377280997625,2,94.66082288261069
R3,22.095907929917427,0.7896988723960677,32.93622365512942,55.10273882026464,53.21864377778881,2,43.31535253913371
R4,24.94109805106624,0.5377537785163211,56.15448543781149,47.80291995552692,64.91900256797396,0,92.53674293443243
R1,17.546996387241183,0.9823594443981725,48.76560607272858,64.99320433132128,37.5299459936558,0,64.59445718645046
R2,22.566322237655562,0.21766034346455676,57.95128139495893,64.78193114961582,35.658770101389464,1,96.62843917521086
R3,26.656513379872727,0.5995453337115028,56.03309653984718,49.122694131528355,33.88092525300414,1,42.6344121588564
R4,29.774074010056175,0.5591942121254796,59.39043611675632,56.345462680883195,36.516938300029395,2,62.83329364984343
R1,24.978366280553523,0.49460497376503687,37.2246676266996,50.29634042202299,61.51522223215706,1,40.487486626055
R2,21.730409657261475,0.6971529674544024,33.4184349359249,55.958612099776495,37.38775191106366,0,91.79225524485446
R3,19.248582148280093,0.13768771387321144,31.26099888480519,40.75457556396769,48.81757551831765,2,87.57218144004939
R4,19.33224252387982,0.04503137359613418,42.44680552634152,46.11154554872396,61.6577209805148,2,88.5974223432206
R1,16.049376121279394,0.8651711715949029,58.3061918214757,46.96608967177457,60.93563224147421,2,42.582152717715914
R2,26.93135875703249,0.15779007780321552,51.32376065933696,43.73890079360548,38.7520765985269,0,69.9093845911198
R3,32.23036335533446,0.07043293846984855,37.01086227775468,57.28542563656338,52.656671547342796,1,88.85615183869183
R4,32.22099363121976,0.40060601341861235,53.33209199901314,53.92904305912527,51.35618899616528,2,44.934899259921444
R1,26.78857374737491,0.4118647474248597,39.33216340392521,53.07713664965321,38.507915046514654,1,77.35613861259648
R2,24.647133058813345,0.8069075620145457,38.25897258112269,67.99568046732855,66.59192759363441,2,88.41448950491258
R3,26.972515484631437,0.7665995010679322,46.30827464902055,41.77744584485262,41.59127339986789,2,61.98454017068582
R4,34.175844006565704,0.20236457862808632,34.10988212925491,42.63937429436527,62.44281384679725,1,42.228212581017885
R1,24.258131649962074,0.19099368804188432,31.57720166440975,48.506502801171415,37.20579659616087,2,74.44722377693101
R2,33.11466579217614,0.4493416848615913,56.35861428669309,52.88528896466475,44.39485357495966,1,89.2041846509333
R3,22.90936583407465,0.6576922257404815,58.59857475981147,48.64815054608166,62.540349596133034,1,43.672230783194735
R4,32.49517915052931,0.08491470849367755,50.644302401065765,50.26361643439223,64.1899435413382,0,88.71497370969382
R1,24.8767438031537,0.10264116728475736,46.61185675431359,42.424403164870995,52.110689367887424,1,98.71006074682509
R2,18.266171538640677,0.8120933588452257,49.6911866934619,67.07442259484175,61.199210858023925,0,50.59767233203742
R3,21.173737498278445,0.9588918200876617,43.48622741003357,61.52073212778104,51.35362247483525,1,56.873045954434374
R4,24.846827325032592,0.6261701615005054,59.63091259661903,51.21948501356137,46.471264865469614,2,73.34790702472255
R1,25.842648328648252,0.21159438557728893,55.99443373915862,66.64299160012439,37.509966436815375,1,47.539647018112696
R2,25.414752010647494,0.6434341499615303,42.30989145397302,50.906155435266,64.65808012881772,2,74.3913268571857
R3,32.95316239841001,0.20017351293702557,52.67365370103762,42.82273281472438,31.93693600946034,2,80.81609629453396
R4,17.49317673613532,0.5842662047812053,47.89993093171467,61.16981819547216,67.71823959167452,2,93.51275370307901
R1,21.546648103841783,0.7315688816023593,36.6346028261883,53.90036206748045,53.27226692655724,1,95.10758214391225
R2,20.49490982351212,0.5321396454289022,55.2419466971283,56.814533585562714,42.54366354172286,1,43.47381918491241
R3,15.063248819217643,0.07660913207545794,43.67261526021122,48.13505269601912,68.82074493261103,1,73.83414696671113
R4,25.041059136051615,0.3488426052460585,54.73960430312691,56.68522977624187,52.103076929073524,1,67.09557961371604
R1,17.952964374020585,0.09038185714944258,49.79795704091974,42.440857918164305,62.05927486363336,0,88.14463376371646
R2,30.010852256825583,0.7168263257976187,30.761011837452585,53.85804288692961,37.191355591417825,1,75.83825727808258
R3,17.365884823693207,0.2768814016015876,32.919771201839225,52.213459148307265,68.55893853474166,0,56.84257438531337
R4,21.11384987553894,0.26077359403493594,35.62849488278957,49.925022564650874,37.29926123447935,0,57.244017841189816
R1,29.0901540884636,0.12148308519861395,51.38752075547659,56.83772217325779,67.44874589864847,0,98.34413385365697
R2,26.740269642290876,0.8931542459430863,38.824725238270354,69.33016834710315,36.56683774575219,0,65.23451980686586
R3,34.92870721227314,0.805452811507168,32.520432355830515,53.544714507843295,35.077237816423214,0,79.90948175222258
R4,17.03769181529964,0.5145491449444124,50.92249800330036,45.76264389524422,61.7121471753944,2,59.556132557238904
R1,26.563973112940076,0.6761176598202057,32.31110661478682,66.22794841891465,68.08544992105554,0,90.89811261453252
R2,31.286493889844802,0.5727088343003297,36.27564296481677,60.03080920477811,60.8563248943491,2,43.18465030179978
R3,20.384104933329613,0.20161555323317137,45.31333767188596,43.03311501202675,48.823766832393204,0,49.366221288700046
R4,27.794289779741973,0.7503844647142269,57.595071053945844,52.884195129430005,36.024573086076536,0,75.00422463363202
R1,23.63017805785212,0.15962297931057778,56.53069079686102,44.49435033807021,31.585826120810886,0,75.47838431085854
R2,20.60479498837598,0.39602864213845246,59.92954553202601,53.377797023197374,46.03547020922387,2,67.07259671098934
R3,31.368112122555296,0.3938126950652526,58.04448324692558,48.23207590448283,66.52436066674133,0,78.27378332861765
R4,23.161671921306706,0.9344472458364275,36.92046817356707,60.61845840847332,54.56920290454183,1,46.43622317232779
R1,30.942168858704242,0.9103161143679275,57.93464066400813,46.39969847081329,42.581598873985854,2,59.847120974354205
R2,20.69516642429259,0.9167686158332351,42.98814827880934,48.594053096560785,60.184805144528056,1,42.40364276583044
R3,22.66134419155025,0.2902649226775911,44.676664369138564,55.362322298057244,51.99918973310801,1,95.65033563924746
R4,34.79461522862478,0.6602635891517269,47.08916062960831,57.70925537659044,67.60558969840731,2,80.95340535031374
R1,33.0456120115742,0.49417538341330913,36.32908943268796,49.69675505366003,51.83817698385066,2,87.0981787735008
R2,34.81564985233324,0.4139777217570628,54.011306952820206,45.193471330617534,63.51934675827987,2,67.7333104198988
R3,18.91851544111067,0.41678680926842226,49.615462779767526,65.86364642707724,59.486926940914685,2,60.82592504804323
R4,26.41520007128717,0.8655320651906004,33.507582683467255,47.45891259961895,30.628831519842443,0,93.43487304799551
R1,22.344618635854243,0.38352291952653994,40.562093320875604,69.87418710559172,59.44692889515898,2,70.32680888381476
R2,23.814853465167552,0.4430310525652281,56.03850176078653,42.37167251665498,54.72381056645985,1,78.84037009615813
R3,33.21173308693051,0.6173018623810177,40.4654619963572,61.098357842310186,32.75498860783378,1,87.5240043888544
R4,31.470245975561802,0.4201228157867787,58.316824390188856,60.92656174994663,40.674441599800716,2,59.33110962911215
R1,25.83704375067956,0.39889032103369126,56.7781059505214,40.087213770335794,46.22715493927359,1,56.69749125953339
R2,33.73725200479744,0.9409490441654601,48.476849723169934,43.68795755024311,46.04540723931129,0,66.77580283467549
R3,30.944750419205555,0.05077935281336865,39.42926973873607,51.39206886631795,57.44686719408743,2,80.90798610136316
R4,26.059453284663896,0.19851912616166967,35.53094942853242,62.72558735511311,61.2516620813606,1,90.46874686048483
R1,15.385273300753926,0.13208542241309296,37.24504245412581,40.53661302631427,61.66778123317246,1,64.82851796764473
R2,16.370005488867264,0.2583825993473844,33.97812155994831,51.63652038910854,32.55666728364007,1,49.305751809932275
R3,33.622426479447924,0.9333332137828966,46.6092328622797,62.57874221143745,31.75372372673438,2,72.81170545535844
R4,28.38347200033119,0.11267196334951135,39.575089891044925,48.23036099393216,30.18080944017301,1,46.30447528243623
R1,34.64910628014153,0.0494721855489596,39.57344451687509,58.19200629966464,61.76180413522354,0,57.69291409041436
R2,19.76235897195843,0.4736114481997872,58.94181782460251,47.79059140788803,67.45588462743086,0,80.95041302132984
R3,17.270446510420292,0.32741459140443796,47.29134798391762,42.59004421867408,42.974118748700484,1,92.74569645313541
R4,22.644198789665065,0.32853617957243364,40.36698754070039,52.73296079700634,64.50725078759297,0,70.32732189596645
R1,29.063868487210726,0.9543820467928742,51.52684704282605,43.969708807040874,38.845202385055345,0,76.50803171322521
R2,22.41768772979728,0.0023340180411158817,40.382433198651874,67.20413683772244,39.67859079336711,1,42.78841890894354
R3,34.520283923059694,0.7091767153784324,36.945256850325364,48.958862797603494,43.742395568026694,2,49.15049106435936
R4,34.69041892424531,0.3888624066371843,50.33447305908393,46.87676937862206,42.52368206768807,2,86.71187680133579
R1,27.567231165298413,0.8676411166298075,48.0616320154677,66.16259291362117,46.71581673561131,2,81.63214412322284
R2,23.54088789566728,0.7338229278594357,56.315721090977746,40.029851682544965,35.94300732983199,2,97.39497953661632
R3,21.99766326662056,0.763579091751346,44.47875384218224,50.02458281692209,32.671025380379525,0,93.17827273286008
R4,28.211231906038336,0.7770023080919845,30.856132255031444,69.64161970409236,69.22235023223914,2,77.43671023306412
R1,30.54478547789721,0.44235341994837374,36.851764257705526,60.004778021468134,41.14831241136886,0,58.68631315540687
R2,28.49554008347806,0.15441780014906148,52.413985834382586,53.924017135160625,49.957403146922374,2,59.235414067452645
R3,30.445665464779466,0.15921195562376522,30.280095211567048,61.16750376318973,63.49572676465667,2,64.31751751302694
R4,25.6278812015669,0.6687747154810895,52.270447458147025,51.07406776709589,35.87315098059197,2,80.05252316704781
R1,28.848000172528216,0.8325922408683786,35.56343774396234,40.62116666262428,67.09518162326829,0,94.11542516738679
R2,23.74653259511809,0.3352546709407447,33.98295848596497,54.319912012321524,50.343859211507834,0,55.4889088163343
R3,31.767212764631285,0.5618824608833808,56.07099121431213,48.34644255841937,39.54773707443043,2,77.49951271026111
R4,25.135885370662454,0.6488601746317214,54.029010589014476,41.11525489768995,56.14578394293848,2,50.884379569784386
R1,17.28910429331171,0.7530612813071036,44.21917843641026,44.28184425960349,35.10958446503232,1,51.617531282611
R2,16.259708683531386,0.38343509010896426,38.62552401465652,45.75346746451434,39.33721861116169,0,53.933370490548
R3,31.093561802559194,0.5991918648835629,41.88462700727827,44.32110467809619,63.383783396543045,1,97.65207550369603
R4,27.668736365523046,0.19431975892784104,54.478719407892534,53.57908509831492,52.523047709254584,2,67.54163393127233
R1,30.3944924571191,0.34322887427122195,30.495820038057268,57.65284757936459,56.52682511100639,1,96.06587372647978
R2,25.80557692195765,0.38878857422310464,53.00990729504483,41.323305382208716,57.022228024966175,2,80.60852980267086
R3,24.4576477021687,0.9698111570858339,46.184260371281496,67.32587397531755,46.46063131253342,0,53.37433841784009
R4,16.150999456161884,0.3948652896213698,35.96273810043393,52.61502662913924,41.701026718217804,0,75.75252315524487
R1,24.530547827616306,0.4712746117010532,57.31022564201039,53.17476391415164,36.815834674626245,2,50.04899876631201
R2,15.647856511669858,0.10808816012852762,51.34402495617889,51.79115874429873,48.120746768760625,1,79.0653121362493
R3,18.3095536329582,0.20014685000773802,39.86685835100468,42.40556528443236,40.94800749498916,0,77.60600903640119
R4,26.759678225116602,0.2390848036720411,37.70071424344182,56.63008629344646,53.291670077889336,1,48.624872761251
R1,15.015445042704833,0.18923985022120804,45.581558054937155,50.54542801941849,68.20418960753331,1,47.45715719794288
R2,33.8554622003955,0.7752385888127142,42.53341509224384,50.67887553613018,45.32371632834603,0,72.11898333751631
R3,23.943627630935108,0.8366681091743451,31.466194331769437,54.328858861594554,50.61674110038359,2,61.002887156384645
R4,25.7412414456315,0.5722704778387061,43.4196836857426,67.91952649292128,39.819234015636525,0,69.60104742523686
R1,30.17996697113134,0.11246985746494531,52.9607480643441,53.213238494746165,34.73913132873876,1,88.38197352012276
R2,32.48610715733753,0.6315947029001819,56.79051359343013,45.019345144153846,48.15015108886979,1,95.68751918590888
R3,26.06472883629918,0.12724835323108263,44.30438753535411,44.10962345948812,33.961450197926666,2,53.43215892476458
R4,25.489707596112027,0.29394826475940183,38.72790651934998,61.098745325568316,52.899595840329084,2,66.22468334379583
R1,22.002476913033867,0.5156480849612768,58.80312465594696,49.57032571704222,39.57935818653677,1,63.21003974228293
R2,22.196146443295433,0.22838590325019803,31.902926642671794,68.90368869310362,68.10878228614972,2,77.76237579847545
R3,28.495155281808415,0.8980805797088178,52.10675490433219,66.01702228763145,30.960258968412774,1,73.68842549234753
R4,18.53076633472789,0.07288906271422568,47.91214739117667,46.304531988815015,42.68191410645621,2,87.00027230487689
R1,30.14536095817477,0.24936500830600883,40.62023507028873,57.654726854575046,57.374269472609996,2,59.96080234195034
R2,15.147044573021049,0.9574685805704156,39.93527468966331,56.47115787236013,53.48101693852289,0,55.74161619607704
R3,33.11540300504444,0.5766391053366346,38.14020918024034,60.09801194427844,62.136859674138165,0,60.24516609572838
R4,29.86988704919235,0.5796397901524449,51.1014276192726,69.5566267341855,30.39786991543451,1,91.91215527847258
R1,20.146108733772724,0.8505976878285632,54.15831574408852,43.383985561179,36.54095027844531,1,52.00752214461224
R2,28.17733430944488,0.3161352690907244,35.68420827418635,53.786101004004756,35.10713006984576,0,60.0761277401059
R3,15.071944059993799,0.24882682658950905,31.79124779751399,56.60153035101091,67.8947208783118,2,76.96111924027483
R4,25.501037957309087,0.8382248631355789,31.512042663841637,64.31994457450774,53.370084969985385,1,57.78476081700419
R1,22.116298365945653,0.5822814869658267,39.44636561691351,56.28402411565816,38.0426971475201,2,92.09384259717834
R2,32.504469229497474,0.4069343548306168,59.84958625736356,65.47908163979326,63.68630373412867,1,71.7712806112705
R3,23.75870621530837,0.5841741474241346,58.450697394418036,50.69202150207998,37.61024280691837,1,85.14955010954483
R4,16.924421045908595,0.15682589124179647,39.25178190560079,69.37479638872777,64.29728058821443,0,97.1284575663997
R1,18.867852853754457,0.19939876837001191,41.58768210223663,64.12955697415615,50.409012236645964,2,40.908563004460184
R2,16.666652720077554,0.0354001001665083,44.90638032802687,55.850133016663335,55.017595596124764,1,61.46504392570871
R3,21.21775342674568,0.7750363106862763,56.61448245750505,45.98633505534689,59.70549452335407,2,52.982173749439234
R4,26.53895175466432,0.5543460871598954,37.135701451651634,58.71670277467823,56.513554949732196,0,46.65740273113149
R1,28.774548522509406,0.8247100760274437,31.740001375213296,48.19158493301358,49.21979639466564,2,54.69952152796813
R2,17.825126627327297,0.6113220937615342,44.27632236562446,60.9026301187063,60.25852280571931,1,58.13457905395922
R3,32.53693185761236,0.7268194912708484,34.12326974551809,44.808847361466746,31.65133263412762,1,99.54610213334094
R4,29.035752981864213,0.05754642780154118,45.8946840329635,47.74254473126152,46.14741293969383,1,96.66790709014305
R1,24.24381592243901,0.5848425825388217,40.89782815063568,58.12705397901341,62.68833319598658,2,95.6731096088883
R2,34.91445119892482,0.3636652880525785,56.57221592327945,56.974413647424,41.46595199884178,0,96.42747362216733
R3,31.452460034706895,0.016387047380804765,36.305369000974196,60.46355726382539,48.64738698342137,0,84.8312276428108
R4,15.132643296198061,0.8467234175468954,36.97017204018479,66.3842552249154,42.809178074392605,2,80.95806885005548
R1,34.41661679125242,0.599831703364967,41.060415197224124,43.37552537834394,65.37458447805412,0,51.91478090751099
R2,23.22425442261204,0.11966625759096006,41.54690413094154,43.461921090297906,60.302642198540156,1,58.85816809677762
R3,34.70049769797329,0.014854823280304186,55.329127974446585,50.01749040690721,55.42779575712896,2,49.84425592547077
R4,34.48526427620173,0.6285361316758526,52.091996280228116,53.57154596196033,62.833479977038365,2,53.325258641207604
R1,17.712019203694933,0.2589759540210468,36.106419179432265,47.57388301400228,44.59528793502421,2,56.98144754859821
R2,21.968117040586392,0.9175077832104693,31.337692697044776,51.00940305129097,47.6765670184392,0,84.44015431610688
R3,19.15803476978502,0.31587204045131967,47.59536229624863,66.53093630993087,52.1319729183763,1,60.80311963741906
R4,28.559589281912807,0.3252123140059475,54.38197791158929,66.02729429336503,59.48455443419206,1,61.067760496693545
R1,31.542347093244782,0.10476997150899103,33.696930431374156,43.5611175019809,65.60881492963416,0,86.9028638381377
R2,24.439257655884497,0.8595468843893515,56.913218685036526,61.87887929695283,61.79184322664169,0,58.01313819553847
R3,20.116968309970584,0.08696844571347451,45.42175637977081,45.6925015669933,65.75747758711309,1,48.57259153800136
R4,24.815393764024897,0.7813789501958182,33.05670345925322,66.86473352721072,31.241813821885962,1,73.68236727550001
R1,31.960060366588316,0.9330461282687312,58.563726407336105,56.29031593504317,58.44458000072244,0,64.89701872157491
R2,15.206954999280985,0.7765445517132302,43.404402901366474,58.41964436121909,48.66077259282945,2,56.900477859475565
R3,22.825709635014572,0.882111475444684,39.80532244976099,65.87311570532844,40.966910217965825,0,62.15655722134305
R4,32.462832360575945,0.0239412975151988,34.781720968922755,50.13280353152504,64.35645827504594,0,86.55767754044416
R1,15.876211688019895,0.38532308121688064,44.334290939100676,65.82701691392455,61.35921546664544,2,41.948158654382
R2,20.85101773416837,0.47548020198294405,40.51392350005136,57.22478073050386,55.49659817498731,1,66.20414088180677
R3,25.652530711235958,0.4992699203460026,55.02416236913956,45.39166412576694,48.291227283752065,1,64.36477379039137
R4,34.76620176365813,0.8770194360232006,37.93776273413734,58.75478178753563,38.019637313850936,0,86.36577002176068
R1,27.980588639830245,0.35131411406697277,47.2236632142567,52.859019713123104,40.59807426063145,0,53.100975388570845
R2,27.09113378146735,0.7332318317121612,56.43074091586806,63.139170778993105,46.922709712178545,0,40.24410971754678
R3,23.06678816656183,0.22997053427010183,54.39433088095945,62.390295321104766,65.84514989932418,2,82.88989235918149
R4,25.181256441415474,0.6837250078724199,30.55713338965456,66.94854677843983,59.42470925905949,1,51.108234333903724
R1,29.600934599046855,0.9860103328893153,49.54116302792458,54.699949553462716,50.55711333632925,0,88.63487495862321
R2,23.84173505142619,0.6520317917477813,44.146131141764016,69.80425165064506,34.43741977660772,1,80.01485587717042
R3,20.932873580612053,0.1259172537115727,35.84167814553807,52.57997130857568,60.84430464806191,2,46.34777924996385
R4,20.24981881202529,0.5419684759934118,47.47287341036256,43.58443387142054,45.72116272420841,0,90.43054879804787
R1,15.03422464348294,0.7298050406211577,56.40963739773189,50.63515280267682,54.09647235782167,1,60.64473504098504
R2,33.21192952926054,0.97726618736824,47.14793916560763,68.54401774345746,36.78940445994501,2,84.85988647896878
R3,15.144023236224367,0.4796029841835825,35.52747186986894,60.48808316648902,42.28877042005145,2,45.11276640455563
R4,22.855753438386543,0.5544926732624149,30.224275378781762,44.865106587444245,55.3153769853115,2,97.30943374553489
R1,26.489629352876978,0.6222508107725783,35.386307302494494,67.08431302621895,49.41952374863891,2,79.67685991647016
R2,24.28542959894763,0.9158900770385254,50.83597826740249,61.01235216172722,59.12145199542399,1,66.62103549196283
R3,34.95224605387766,0.039412176545887134,46.75243807148599,57.14457181735382,49.654776723786284,1,67.78701115684115
R4,29.098173393782833,0.45415258285062654,48.32293904208488,46.135528780667556,34.5739383814412,0,48.335523436220285
R1,23.221389414548888,0.06684342933798648,30.874506129855334,50.73158754531657,60.29696635122512,0,61.39398539570142
R2,33.18835588758344,0.6552147549149534,49.277357776040525,52.43596669384437,59.9174665676002,2,66.76786673794166
R3,27.83451774692483,0.6488545759222376,33.949737937537684,53.42869276035259,57.6578087332846,1,72.43428005101407
R4,26.811218489895296,0.06407491050894787,46.10361286587862,64.23795883667978,39.15495467136262,1,55.047812305236796
R1,18.187847773527643,0.693487331543752,40.00473313858488,45.64482416409504,56.09216641388897,1,96.94616941050762
R2,19.716749918839277,0.8362702638520407,36.84664950573788,55.029673970973356,54.141879954040945,0,69.89609419135175
R3,18.00548736266733,0.42994864018381773,48.9689781614465,56.612452770231144,50.839650887546476,0,68.4492834154744
R4,24.72782934399507,0.3278396204768531,52.76843676835131,52.51877525740409,46.89444925618755,1,91.15255692138714
R1,30.151942370593293,0.32094224896937296,44.856015855173915,69.25520314813235,53.07972582447414,1,56.262994629395564
R2,31.27381368601206,0.8361160137840078,55.84235764597463,52.99257647180001,30.964949142518094,2,81.5660341100513
R3,15.512879781879532,0.5431962252054549,56.45806881722598,54.04920941859575,51.782255773431885,0,88.13935566222489
R4,32.08497335898366,0.8215163684728862,50.473905037010624,65.9039891909389,50.77602296897241,2,98.4216089249363
R1,28.93836696275006,0.49336109111685456,56.105625725331194,44.868747055560284,52.230970732359964,0,61.346580600249304
R2,19.667406813220346,0.27163211194600934,47.61909347904394,65.98663504905207,65.92860422807053,2,59.38146161202065
R3,21.8319550248654,0.05934184291182565,43.352054392450725,69.48654891759415,55.44602140027891,1,70.08052255403098
R4,27.95826025838823,0.4256426965826783,51.34843961879972,68.25782824905052,57.83643602373996,0,52.9486592099821
R1,31.13813418867919,0.6480654000956316,35.12636348585676,69.10005950486348,67.69672311630154,0,56.21269526792727
R2,33.23828317506589,0.6703502860081447,44.18820693214172,53.006169087248324,69.16484679850765,1,53.80386141132239
R3,28.50800815334061,0.679214437733291,39.019755285987706,58.62551103075129,47.60306708153318,2,61.86175961843088
R4,15.724782070275511,0.8411754396857495,38.05109423418134,62.03787102985774,66.63199790748347,2,63.12739049096714
R1,28.44256780274319,0.9331072728968879,36.97472441880454,65.39421492816633,60.81196538848597,0,74.93564388826368
R2,17.553052051153077,0.8846319557845749,47.48736784501685,53.05113096271078,34.02966834808027,2,78.42509720366812
R3,30.812249969774506,0.9642801432259259,57.88336180319944,59.057175558614816,52.119400270983384,1,42.356102748611605
R4,21.734191745966918,0.7930796988488344,56.79582783706473,68.52064978653884,32.30680391466559,1,83.58586982088926
R1,19.374217975601724,0.8949822787135399,56.13656479714922,67.80881715640496,45.25314244934775,1,43.359550371456365
R2,31.991355034336152,0.5264637909001536,33.61643848786057,64.59000205543813,65.77202136775101,0,96.74423993046392
R3,30.329342415580335,0.4365010404838948,32.7547794097636,45.544264047466115,48.53705453370226,2,44.64349487201702
R4,18.617803305166007,0.0017323488038568646,35.17423252487876,67.31717810150646,47.9343152738674,0,88.32862936524764
R1,19.842286496431452,0.3954345070676051,33.320398355079455,60.56254211143148,67.40680316359966,1,62.09198676815423
R2,26.336686270766158,0.23330674800745566,40.154021304058,58.74667266102326,46.331940552563665,0,73.45021618684932
R3,21.23098848094331,0.5981960301052714,36.60895032280324,45.29869345396464,56.861749363027634,1,75.31805081466896
R4,30.93445555486883,0.20225570355147426,44.17216157146304,43.788951051817904,32.06836304423652,0,58.611808178344646
R1,15.396800126821732,0.7726770810036513,36.08863137815015,55.23909852663187,40.59683581629268,2,43.46547604312252
R2,27.163289578528598,0.31150648132161096,55.041315617545465,63.874974124095594,42.40656217338794,0,62.68864151100639
R3,19.190249899804872,0.36987822294964523,52.230521587097705,45.66981686898942,31.926744582301986,2,51.000694166869685
R4,18.38578503562492,0.8953738639849965,36.685309276022046,55.6647158286496,54.868010151997346,2,63.257123354084925
R1,25.26106381034679,0.9558837850495306,55.38266714001273,42.34085529297542,30.422830124198942,0,98.03320547971536
R2,27.249374171182037,0.23868722942338905,32.91372881562223,60.91849369668438,54.30414602934988,0,63.10165441790278
R3,24.558836066117685,0.2698946428604634,42.21889033711359,41.272797558447465,38.303089891717384,0,72.02509937027348
R4,15.027287511557176,0.2552133702864775,53.718933375434844,49.04536070854879,47.55589292992373,1,49.4664329268679
R1,17.034893551187878,0.9884456794426092,49.9021880846282,41.58520383272405,30.6485312615891,1,70.07948274873019
R2,29.627152835502045,0.22853726166916555,36.91962281960142,40.545581008536814,36.588476348400974,2,69.6642470522438
R3,26.713457032529504,0.06601904781341361,38.81973862455577,45.32213428213667,31.07783342146728,2,45.82683345993497
R4,30.48738754570416,0.49361832635884817,53.59721491541663,41.67262119491171,43.7970180259605,0,56.338607966211285
R1,27.14209326047765,0.08897133377502475,35.8142045335477,69.81562475074672,54.234066749865164,0,77.57682530718648
R2,23.92431108203624,0.8421512399087321,46.12454716489964,47.46813298166897,56.95475598223889,1,60.45324760891935
R3,19.815738246730866,0.9727724901707763,58.16536892379517,59.9588004519495,42.200583873489826,1,59.11086183844657
R4,21.091461936403917,0.45236597139117407,52.646456095421684,53.86047127824752,33.676540342161175,2,52.36128125648277
R1,28.655303905891202,0.5261959818596029,49.36338306277886,66.60156622279266,47.32054436309494,2,65.1846482692022
R2,20.509407232580514,0.4692520739598711,45.37884703552419,57.45930553859132,55.320888754072065,2,86.89054182456744
R3,29.6047674944381,0.23108344893499755,56.12735625589208,65.35490981093656,33.22739621642093,1,98.20482722414474
R4,30.77177516526355,0.02692406506099576,49.6812762432495,48.21795528301649,65.73108443322107,2,86.75097326148881
R1,24.69138584047031,0.9828016638003543,40.52678633698512,48.19959373115701,44.58508593977173,1,81.56873390449604
R2,29.68861484719085,0.8053392555028278,50.335645416174735,68.82408639224975,34.11078504805679,1,82.04507371601954
R3,25.6869498645765,0.07510315468153295,37.50634237693327,44.68044684308779,50.04077405177634,1,94.03623978050419
R4,18.820331263593026,0.5965581781159405,39.2141474752976,41.71031848809101,38.248054990032145,0,42.89977561106843
R1,33.2177583658691,0.3250688694394107,53.4500829751781,56.365094256110226,64.11884276818452,1,78.6285262279637
R2,17.76399281435906,0.748319203641698,54.124443045244355,52.894662628617176,54.485216822838936,0,77.13551326292237
R3,26.539766970375027,0.5868085587432844,38.41715035166713,50.55173049292678,58.76542049201113,2,69.47096124602544
R4,34.65019496916818,0.6407635716306869,38.84561946085677,56.48063900855468,64.84603951427218,1,98.23309742097862
R1,29.77729780699583,0.3042120273056813,57.8854566885005,42.66217742522906,56.6677226999286,0,65.85321012680734
R2,19.160015205048346,0.11670829132807559,54.45121971688395,66.84745762871933,31.753198689467062,1,67.10434281762832
R3,21.529182471182708,0.1151378749875549,36.68324789895975,54.38824084852719,37.31224985440719,1,90.50549757587898
R4,18.984350155993116,0.793339382901812,59.34027491652064,51.7100768817892,39.66153763078682,2,51.140720622635925
R1,18.662297814823333,0.6860114927418918,46.45819393956562,41.028269785886614,56.73160527848559,2,46.596527370023445
R2,25.45847881931865,0.6946528076396384,47.5458853222144,48.5926998763655,47.75002904794563,1,95.47272676243605
R3,25.157750724121925,0.8804603979919327,37.26930960676883,51.16472639211053,63.88147178296137,1,80.94874553234911
R4,23.669569831958263,0.4580230822355086,49.29665849480433,65.3035120025597,52.04593589003329,0,42.58497334110918
R1,34.037398586601554,0.07069901066412843,43.33330770481965,51.65985601865971,52.60468016034409,0,57.996439399572864
R2,31.498571668376854,0.39955135056022884,59.057232206228065,42.761470006930054,48.32536600717211,2,81.51041541260497
R3,20.691198573290194,0.3187360032205352,31.402587306832565,57.727198037524914,35.47702211018095,2,50.58098116238418
R4,31.525713578589695,0.014500014218607249,57.149092071097314,48.39045411292568,50.28675748023332,0,90.03842550575946
R1,20.10628018740505,0.8400726423370093,45.113038694666656,54.92947548587972,53.65762168851876,0,64.74654570226441
R2,19.925244950902897,0.8916880485739639,57.08021909520148,54.16074082308648,47.21125232246891,2,79.60728655516161
R3,25.189501381987384,0.04312061541775025,39.961360373222334,44.66436406307844,61.10146213110718,2,49.72731213777233
R4,28.30775921314514,0.6889277796364885,30.07044154355596,51.4901475583513,39.43761271592708,2,70.79512586527049
R1,15.311383595943743,0.7159414547575099,30.947361482652102,45.34059499633087,41.819215049910355,1,90.97620546590304
R2,17.673506835064735,0.1832338004228381,58.440521781294436,61.68568101673279,68.32670012345503,1,65.5503941640763
R3,30.74364337960617,0.7663279230900343,40.899861469069876,54.62077520356177,51.414630753946746,1,93.02809039474431
R4,15.79873521568453,0.27209806472399567,52.87817302939972,50.22100097958288,65.77396052994195,1,42.43867603023853
R1,34.21709480521582,0.7391127457943871,51.20742906411379,50.29698776680094,56.21604091113558,0,58.016449062939486
R2,19.628042703195767,0.1672402015703044,41.53923591958746,58.023838182584065,58.53835439313971,0,54.03201104074137
R3,31.453998778202344,0.03583078950214391,58.87352348269009,53.24845156011184,44.64153512395865,2,72.43979767382572
R4,30.818933672820418,0.4238766080902667,47.880385712714485,45.45717344661052,34.1272493288462,0,44.44422027859496
R1,29.74304835720511,0.2354482786298272,30.354321383424686,47.29487698296654,48.53646614193302,1,67.886140600642
R2,34.75160021634147,0.4737262886452702,39.01702481046555,66.50519230941332,47.229264226922126,1,87.59636618476934
R3,17.03908928369139,0.3039807074098675,50.23419245752643,43.953843585814,58.62899874736099,1,54.794051512773436
R4,16.227338346494022,0.2845589737673224,48.10264312748633,66.16096618455003,40.20856493947821,2,99.77053507295054
R1,25.444145686926994,0.5289554355911883,40.40499039543788,55.19147898232596,47.91774852591443,2,51.675601521778
R2,24.469822467461306,0.7304610083795053,50.778494903662185,55.65264140982909,63.156454971667536,2,42.31829782929323
R3,34.18248026455434,0.3341159973525054,52.65573813516835,62.90924994993924,41.08476283567441,1,56.36243605192763
R4,21.99471114392859,0.9195931613506804,37.20187016714398,68.25602222856949,66.01695654763257,2,81.5167976983347
R1,23.803409336955884,0.87036516986495,33.055046012122645,44.76246317012377,60.256221859926384,0,46.60515801188816
R2,28.475238253795027,0.4883661420109803,43.1898598378505,52.48606676904555,42.65459344528942,0,66.72357679563825
R3,25.96307184117135,0.5041348365076638,32.0965838727823,64.73228171162502,35.42498234189186,1,66.28364119833779
R4,19.052177575186665,0.6191194409586849,43.33905075514933,40.50467882059964,35.55993732858329,0,62.89659503849664
R1,34.97483421230238,0.517634906209071,40.955894665357334,40.20707548352825,47.107926057415874,2,70.91088209922704
R2,16.896279515618378,0.17902185905811197,43.078581677606614,53.580471157012475,32.09987672483487,2,61.416958170982156
R3,24.993760233408047,0.44995622604613406,51.25250387527876,61.1363641817655,53.53345979370333,2,65.44515419938577
R4,19.072496320205506,0.34517190083550064,58.806949959344024,60.19223351891721,44.71294166483204,2,49.828979702769004
R1,17.354807591111193,0.9533946840670405,51.84961270196852,62.02320322047824,50.6920911155926,2,42.791622148396726
R2,15.85919274528649,0.35525575677700627,41.35568695873934,43.57065988577968,57.129238940423114,2,61.65574535246568
R3,18.947104435747015,0.5554453666060477,35.32998384507089,41.93435657403733,53.932970958706576,0,58.74898368494762
R4,32.83605327900255,0.6422473080458079,32.36465968252146,45.436395317774064,46.83862913138454,1,95.5544021338561
R1,22.932452873148797,0.5447818235733396,43.477791990481236,41.01423223725256,34.76413260068395,2,67.27354021385094
R2,30.031237812469723,0.40711106238984074,33.8240738637699,45.9956726513139,66.82201929758669,1,74.43294762721538
R3,32.37537060801118,0.8596070572335452,56.235777794408676,49.30160984062441,47.16114785300882,1,97.57256042868951
R4,24.900970652955394,0.11255185974444148,59.0926601794297,63.26638982476716,52.72422111318925,2,43.16575061968254
R1,28.04216461339651,0.3681862930602834,41.59678878646349,40.74809511493069,35.78304665673453,2,93.86447983390072
R2,33.250319013351216,0.849997061832015,35.201028142603406,52.30613351314556,54.660479979985794,1,45.67914170815059
R3,26.734295326184537,0.6713356935782709,42.24346476965592,62.646891036236845,65.47949324558873,2,91.98034833905106
R4,24.856430255253493,0.3587820340623652,54.21588501599467,49.509946902687744,56.9010412815897,1,96.43315854170953
R1,32.62484038903477,0.7527217362391315,45.05104802473872,58.417290352043715,39.95898828262979,0,75.11884289700555
R2,21.47292446494866,0.5252177779792027,53.07518555549214,57.600864553623396,65.27494918347907,0,86.99444290056132
R3,19.566690661357505,0.571425970631138,54.94001503764336,63.70905364312054,42.359769373824456,2,46.121931372117785
R4,26.873106030124163,0.053859620177760914,33.40152130777131,42.249416519264564,41.43135198457007,2,63.88280726651963
R1,33.31526559449893,0.34564135478054714,32.567919445598456,44.68143339527653,48.20326264768771,2,90.52161660754429
R2,30.29388664120099,0.15703166276656133,48.964741728236106,40.14073512354239,44.09120735927204,2,96.75577811879918
R3,15.491780393859235,0.3619034425138097,51.67452765280864,49.660364880927766,34.91634451996625,0,55.20956534330817
R4,22.816703177161155,0.6153448557578595,33.58383932711099,55.255057168957634,31.400972453614582,1,72.54998014970626
R1,31.374224714629065,0.16660482945199473,49.667322314106016,55.178008586486825,52.44887108129359,2,86.40238300809467
R2,22.51956206551032,0.3324209695755771,41.363646425217226,50.193331031054576,41.55675883459651,1,95.45963477574337
R3,28.77118981786233,0.03298963080157147,46.36338323589442,47.81872209463352,42.02902663689994,1,71.56088485921995
R4,22.335065331117978,0.3713700017736854,33.205010630895885,46.51953049064176,33.20312967258612,1,82.89098575185699
R1,34.60506463840789,0.8500002045446036,46.93555166323596,66.85126859521515,49.74599902865723,2,61.538816743376486
R2,21.059661837626326,0.1792724459514935,42.22378522702624,65.52729527471435,40.813005619674215,2,52.07711600132391
R3,21.396510939062058,0.24982662112162912,32.55095418005349,68.02661230699171,53.9877024127706,0,63.90624573293577
R4,18.81437816748353,0.9419493237853057,57.9031070191016,66.8050098791959,40.05002169481761,2,61.36540252573711
R1,31.244417042366017,0.9260279929398492,34.080845274393674,62.078313744415816,46.47578675058297,1,65.00156200326565
R2,26.195945277151438,0.568636348563139,30.510857001091278,41.222171142153435,39.0899734704043,0,70.2662951021864
R3,18.275801786988715,0.9539151251418854,56.759317856879676,40.90883479784659,37.21497003728233,1,55.18384734319913
R4,32.58154055934778,0.14358925807434908,41.22865394730546,50.773915181826936,41.39737505130034,0,63.24824776291364
R1,15.838108530419802,0.9133200467113596,50.84717352836286,63.15844895472071,57.93289342147042,2,60.5713557570293
R2,22.17577555263368,0.861851527105358,50.44223369186203,67.3460381604685,68.32728508882872,2,58.85083618217
R3,27.5270944758074,0.22621561889970299,46.47959427967152,60.25470540280276,51.73064274034517,2,73.50571920304975
R4,29.490618362861554,0.7419727532939382,51.71267118374787,40.28810804923571,44.19237908046579,2,78.39272673296634
R1,20.57720168237985,0.8191117462868721,37.592655123469804,48.279828772284304,39.80099468339623,0,68.7761976305531
R2,23.187749807534864,0.6634251247847766,41.57616982566993,47.987842353582714,57.824733249846695,0,89.71404642800249
R3,27.185028486672387,0.07541754039502335,50.334520238809105,46.012249513467964,64.12857833514968,0,97.18625312950968
R4,29.71353636461341,0.5173451121622019,59.06924541587817,44.73590433637626,45.1642767848884,2,74.27663992717066
R1,16.285745084245804,0.8139051614271654,40.045022316560804,59.2064400840479,64.0643416690707,0,63.08429323958862
R2,30.299567580472782,0.8826876944495861,39.55161367202841,68.23669491407412,31.70434591799813,2,44.20236977853634
R3,28.162233577309962,0.5651371932882726,49.099017866438274,50.11164254180132,36.22096061031809,1,82.84188287334317
R4,19.84603326532745,0.6953356366667863,57.78000326140035,41.67162416437609,51.64527834983334,1,44.869254887736005
R1,22.50207921099787,0.2032196715727158,47.72221240411356,61.616039617067926,55.72965077160421,0,74.85343131895038
R2,17.43238131011785,0.7402918390797792,42.737661155935754,52.200822843255686,40.88424509066687,1,85.69688894953495
R3,31.66383877063137,0.7372464238160615,57.048350253211275,47.69836320755546,48.85746485758937,1,64.42712270151972
R4,29.23506292844089,0.946441231774864,46.3961167684855,59.927865156845925,63.26758976191738,0,68.17148572715372
R1,31.291300042755974,0.19525633748437166,32.9319834075503,57.59849761816203,42.43042212450436,1,68.02979192994756
R2,25.20893732877978,0.2788002403755233,48.73990462418418,54.10905947714236,55.8671120682431,2,45.40469548061913
R3,29.30379168692322,0.15417364919778753,54.68250057476196,40.409897666910375,60.684693840881216,0,68.9353614389498
R4,34.644575406342575,0.5641415746114717,36.85352893910222,61.219505998153494,67.65259883043129,0,93.20062319398576
R1,34.583089512070536,0.4337029998065255,50.98938974545304,57.630452416329945,59.17994343926371,0,40.959114829274796
R2,26.343291654462444,0.410551612986354,47.07976265069094,42.676282622513106,69.43515011985767,2,85.19942091603231
R3,26.064996886915537,0.5191510197427133,35.16051030389402,47.81244464399964,66.63247645449479,0,97.34511267137923
R4,24.91258775333713,0.35752550812620465,52.75447958041693,55.89269807196122,62.91339799243496,1,65.30323419458318
R1,18.691849936358672,0.2206798077130483,56.42031821236451,40.8384607743075,61.573432410419144,1,81.88740625942087
R2,26.199635769887358,0.6277179334875678,55.50473223637264,63.20321681239264,60.89486148705099,1,57.91759270270401
R3,27.66568016103156,0.31741895817789867,52.817275875965606,56.31539356540732,34.72599125532883,2,58.846090129561496
R4,28.664236859544253,0.1929356900445287,50.717090013252246,41.65312330943518,57.72595012309438,2,93.6831855195862
R1,26.962574179604278,0.6183927950727076,49.723008431579416,64.48099443111327,46.30832914852388,0,92.05765197693239
R2,34.340537382233435,0.7686848667529402,45.483299001594055,42.778167705069386,46.838275058120594,0,61.53087069051975
R3,26.144732832635054,0.6950552975038975,50.21047475145045,63.54879251934334,40.88959943061602,0,89.50632765347589
R4,23.53492505341677,0.20651197797081355,32.33465968189866,55.98305826521968,69.4296877979959,0,70.57921124765201
R1,34.76914542826512,0.0030608506294863558,34.173624991423324,41.60953688212549,60.27854225084655,0,81.53497816526144
R2,32.372744512906785,0.966198207183954,37.44300235000048,61.68098234865698,63.17380209706273,0,90.94766139739978
R3,24.276865419072802,0.14578972340581298,58.56315015355418,60.645172968500674,36.24229175781868,2,46.972035649409044
R4,21.174738063670155,0.33033628129128556,51.476888478485954,56.106992906385095,54.08743785376514,2,48.284544936231796
R1,34.26894023902109,0.701579188380235,41.78700535669529,69.62688613268007,51.69647981650313,2,42.487544448896045
R2,26.219069247329443,0.586049708427134,41.16948673414201,45.514407922826024,67.34841155174992,1,78.26745703329956
R3,25.22063302362389,0.9357084757354739,45.08215491715702,48.42131953922788,42.65185786901455,0,46.27185672126343
R4,27.833962671763757,0.27264452187578503,37.51860019169457,60.14188381729504,64.57323250991274,0,46.44087276260715
R1,15.84653379988473,0.22291861774366817,34.97774176029229,43.4807923065588,63.772570327340034,0,82.68456592904545
R2,18.85364146730117,0.7338959457669381,32.57600148943203,50.58774615833001,34.32927423994857,1,69.24500548216774
R3,19.711805572716457,0.7170084254168939,52.532961974318944,59.670966433408,39.950986246487005,2,63.44429968495709
R4,16.320713656710172,0.23742984635999465,35.94821797706315,47.60245684188998,53.50202060697654,1,93.24483664394216
R1,22.665127565496736,0.24871894619031987,53.90485916763022,66.95003015241724,41.5976310535858,1,80.62294977639502
R2,30.827434190406862,0.05117201759279577,33.673186249432035,48.27767876535449,36.50749130945868,0,54.191913185940805
R3,33.47874358782303,0.2112823509851317,56.8922255260051,55.77673666489028,46.25630677894928,1,81.40557076918245
R4,16.31446902151749,0.5181835029301431,37.97162547072058,64.98753879466477,64.23174482705676,0,41.847344951068294
R1,18.54153228564363,0.680661235853313,51.0499347610565,61.64978832445768,30.05160533679794,2,77.22310588630498
R2,27.68410383526873,0.9556366879085805,31.23228640729096,55.43177569405013,62.79008498064537,0,49.40687465709543
R3,34.02350753848332,0.7828322799789379,55.08023717697596,41.388145962863376,62.06979194483334,2,67.16551833404952
R4,15.002260316333157,0.994262552436285,32.986552243460295,65.80216852956953,47.857837713102455,0,87.22842338593446
R1,25.870847349802375,0.8168128842830615,59.02160815466686,42.871682893456374,33.03830267011822,1,82.91418705982252
R2,17.8041957125261,0.29738314334977,32.88803571391772,60.44024437370655,65.8322560497157,1,66.9936116956851
R3,25.518504062614323,0.4774872610762857,59.34970511729088,49.61887661632019,37.262870046143384,1,84.37834565483917
R4,26.870152112366,0.4322159674034032,38.55550273520146,56.43525616476673,55.26617006724261,1,83.8363158045259
R1,24.914738989511164,0.09434063346177957,47.705286625664556,55.00216481051095,62.860084501782715,2,87.18451028438436
R2,22.741905758727054,0.6160144570199996,36.94290916231656,45.619902852009645,62.40752521630014,0,55.74374037939597
R3,16.343760937039754,0.7907934658562287,33.77379755222381,50.726446651182435,52.98147560146998,1,87.48422946757941
R4,32.46690065766994,0.547293068387536,49.18734836121471,55.84857700336994,55.47677695765235,0,80.95804752606381
R1,32.699555780728204,0.6613324501641173,55.76852210685852,57.130046840131726,33.25576092509882,0,80.26896295574393
R2,19.954830830033238,0.7204326888569055,48.24348839217865,52.45231454021071,47.030971728678345,1,48.31039764879675
R3,25.208530457497293,0.1191899990920059,49.41986606404637,48.2365375162221,46.214300184809765,0,91.14671504193629
R4,28.896967660574894,0.4939102012092753,50.40842113026814,49.648053050020145,69.15686779246815,1,78.39086172925283
R1,24.062538923205565,0.5817219607435768,59.97642123501485,52.23209423510032,33.46746539791612,1,87.56709012055134
R2,26.14765445106988,0.5252346641840451,49.058200056123354,54.91436524049995,35.74281148985753,0,63.69629374552018
R3,28.484407781061243,0.6983697820032906,40.473053760807645,68.25811385962845,42.40562989948685,1,97.12382533443986
R4,31.3567221159941,0.33698148786704385,51.96145849062312,54.324585947036766,37.99692956924411,2,84.55536352722362
R1,34.60087503497671,0.6970302667028478,42.70842526170781,52.083545991910825,39.58316139266124,1,55.49956463916239
R2,22.137308001380546,0.227773854233417,51.40820010078923,51.11754946876211,45.683924866699414,1,71.94460811615161
R3,16.601945357440627,0.12365211124020525,53.230837983143665,68.75355334972994,45.58190896161666,0,58.61391258596423
R4,33.45753407008941,0.5337047872661826,39.301634941600895,52.94640426063349,33.853052761882296,2,54.263859553918245
R1,31.41122689020653,0.7719528303423813,44.473925835745895,46.55468494136372,37.114924095306606,1,82.12006646468949
R2,26.05184232408897,0.6519926726308889,57.26238545376627,42.76082292626493,65.77393727581592,2,76.32723364086766
R3,27.500830013332802,0.842311977106566,52.72231948999647,47.20361333531324,69.20555847727056,0,84.93580182470603
R4,19.463378392663763,0.12932357911400727,49.82871281392022,55.31481496568396,64.99518219391456,1,72.22266742896818
R1,16.188388530499548,0.9160312531202204,45.61250360227881,64.58300647823461,47.68993594415235,0,41.061165066294265
R2,34.36344264724186,0.8644196408068402,56.358920964548034,60.90612830500038,35.14636587232402,1,46.992087553467194
R3,29.267735704616577,0.027791626198612085,58.74900513331731,46.37800893672623,42.89869254819473,2,63.559855797663275
R4,18.797987971290762,0.841622283897959,51.25925189541219,40.34231955010418,41.13555870995182,0,72.05577708723155
R1,15.169420771708664,0.30211094025568375,33.520904922962956,54.3534849017972,63.978793815614516,2,53.07819689591538
R2,32.6662320894392,0.23937231784677282,52.28133464856972,41.94760005389723,62.36313902619997,2,60.050634193395126
R3,24.01916040206124,0.9541198777849575,58.99119242433318,49.899817594914865,50.59126121100852,2,87.39278723792397
R4,31.404445884909894,0.7210654126345302,30.34877576216428,66.52347986257182,42.13704831567992,1,40.773268152053866
R1,29.825432757814475,0.27820586829982297,39.64041130513287,63.002793164942304,68.27022537552541,1,51.58398717909744
R2,22.372153645362243,0.1956979767720578,56.90699897199207,63.56206413937748,63.534484330698874,1,54.53413580298867
R3,27.394828921774916,0.45448512747410463,50.66633742028087,42.624200885482246,61.94914478301931,0,48.147264319624405
R4,27.9187916873769,0.47307364652294615,30.289338746505592,58.355359126701934,57.357474730993786,0,40.00216314796826
R1,20.48926976833676,0.705893575313957,38.060420386844285,66.93153089600028,48.33000996730665,1,74.53262914664029
R2,26.274758566162696,0.14286386772039095,32.009709911267784,59.990016756387305,43.83793624088158,1,51.25628818859188
R3,25.14063321394962,0.6116453844077262,39.962089683735556,69.06516165054614,32.9072477535763,0,92.43182689850264
R4,21.898997075780635,0.8366805386951813,56.04052707217842,60.30069148147307,33.33667308080835,2,51.99602646715537
R1,31.653402969109866,0.11962901751940536,33.54937173731618,55.838880279545194,47.48334896000709,2,54.765598483719344
R2,33.88381769002648,0.20722216863699694,37.20140840275746,52.27348971687394,35.11303943740773,0,67.20725403321251
R3,28.111264639960883,0.9126700606430055,48.2460232357895,52.09158302565764,43.60234782221001,0,52.550993415076334
R4,30.99867730160173,0.5740578524296843,44.11290752560106,49.428187499695284,68.44758429931707,1,73.70616447458337
R1,19.416150185953565,0.09237581284876373,30.300120742988973,52.10517564141769,68.89335821990936,0,99.00515962400787
R2,29.340084668246718,0.18939311662614633,31.35252494917879,63.28546633390669,54.754478261529044,2,65.8781140274228
R3,20.531728437621375,0.17354697004155328,53.705673690207846,62.212955908778596,46.259543103144864,1,88.94319227214424
R4,15.611092474129148,0.5702293926857652,30.98924043451693,66.4973795192369,35.72275644527778,0,58.75790454435594
R1,18.58949831224763,0.6930388554434866,30.714505652191903,49.67688065599955,40.66705494210682,1,77.68813618310844
R2,32.013642685569536,0.15801660810637408,50.59650063677687,61.29222166783153,39.99341885908869,2,56.91522191322738
R3,18.93402064007294,0.14340647526963146,30.536658024595507,64.07576989114793,36.889468496498836,1,48.638057789850485
R4,25.872529946418016,0.0031681839805485223,47.543317499549204,56.86771442009308,58.794924634686105,0,46.73483166906604
R1,23.887220249726113,0.9812407548451848,57.15724830750091,53.31387273733533,69.98193197398203,0,60.506856299559054
R2,29.579545046984574,0.1809537143337503,38.12999447373403,69.18705952525042,32.50193277967917,2,94.44745462833548
R3,33.682281029662505,0.848949572919855,30.17836808941214,51.57927416155183,33.97096464315138,2,97.95316109383731
R4,18.885503073220253,0.8163546572528875,51.086713376974544,46.7568430552694,32.6984485204615,1,59.42164370673471
R1,31.73871966376568,0.42275419846959794,39.06853926778493,51.11749750305246,30.326329236285076,0,44.46201628062568
R2,22.44040634401081,0.5816733084193308,59.114261122073074,51.902694093654304,62.841761349058885,2,42.283330862181025
R3,28.457497263336634,0.4501534053480065,52.46421567578487,50.77401930600538,37.089817060812194,1,49.58583464351022
R4,27.390070736784992,0.49185253406358653,46.43980074233242,40.31451948799061,30.20554397675483,2,54.95818579435071
R1,34.13800559545152,0.37524497396838663,45.99287128539682,47.35880586197527,59.60310730687205,1,61.68358617059225
R2,17.604734560753084,0.24972144880391445,53.2067109209845,50.77998430750575,51.28685984333553,2,92.8357561837451
R3,15.816082995816558,0.4644300484661881,57.69875467829147,69.86487913709934,46.93489974763445,2,66.52973267554805
R4,28.531756959695066,0.4370395531180735,55.46247481119749,46.08269046661737,52.91217707263589,2,46.03614116213128
R1,20.479758286675036,0.5601456757275423,51.35816664188846,47.85329889351083,48.991977975817804,2,58.213130734558035
R2,19.701685582384815,0.16693307949478786,33.13460997308842,66.22422751264665,31.593322049569863,2,41.291714814306786
R3,21.251492206145155,0.7241491151751055,56.60758946030378,54.91201001809173,65.61921969133333,2,93.94092897471978
R4,15.594045472515546,0.664774091316294,44.188518311718695,68.36462891456651,59.96658418535344,0,81.70618744846702
R1,16.08438988649698,0.3760625542435684,46.90852104360467,48.8993651876169,40.8299825406561,1,73.12267791055967
R2,27.482042981381884,0.8259557354082899,32.03381296155994,52.189765012072904,46.5044561893842,0,52.67442017338244
R3,28.95530315260295,0.35077412786330564,54.608077447999335,45.03576611501055,60.47283882296907,2,50.68847428601873
R4,34.3568475108859,0.5888436900831775,34.897299806938534,42.66773548654022,59.739463784938614,1,99.97023585768665
R1,20.784373793692257,0.4403417494528591,33.364553002215146,51.28170822550152,44.57798161351245,0,69.88144602272418
R2,20.96324893875137,0.5133410967725388,38.896417263543356,53.19556551117849,33.416342372051496,0,40.68422861531609
R3,22.441793417743455,0.3358040683084901,31.14989572609048,45.307356977405895,31.92876439115263,0,62.58296236363802
R4,15.830667798167875,0.22737098536790823,40.19242702683158,45.97008147053867,59.383122814050196,1,75.0183510057442
R1,31.012421023147052,0.24344814070326848,47.27286625026029,51.8204122354845,66.11844890616419,0,69.16313810660147
R2,19.09553545051154,0.34097939944230427,43.94692794610978,42.77374894611333,55.9739512499842,0,94.6771497185849
R3,27.963181739970675,0.9232422786128104,35.08022837298674,41.43057106353564,40.283252878700125,1,57.35868256329505
R4,23.289016253019113,0.24956091890341203,38.90548961066813,66.29535678529106,66.73287748270673,2,89.30330016892101
R1,33.71291773655389,0.7746364963710023,50.13078826899049,69.11343551676202,66.64783156888309,0,45.92531179206134
R2,19.282429650129824,0.7269655178040892,38.15518296961251,48.59307862721582,52.96163550741353,2,71.15165046915033
R3,27.17812557570259,0.10217473507987873,37.66923147828666,66.89628815696835,61.792182582372305,1,49.441767958920614
R4,22.683244257512406,0.6672706232761705,52.367985922268694,65.08322863579896,36.13294136235953,0,72.12698242717019
R1,19.811496104472067,0.7845738181176998,52.30431236676383,65.33792065356084,65.39644283613866,2,68.83517940078512
R2,18.323539260777352,0.7684726196873165,32.960772420849565,63.92839330064933,34.799208763929585,2,50.70331500213081
R3,20.687938241347677,0.5823450950727318,50.5600060961741,51.81447509768541,62.60859474783699,0,41.29737138630219
R4,30.811267858945797,0.6594783141755829,41.82528262107387,57.40712805761352,39.455983684229004,1,71.10371665747081
R1,18.860019975453362,0.6268700315180954,54.9906129664142,67.97970170107477,53.16662888618758,1,76.0388898969565
R2,25.223422491863346,0.40376344748944126,38.955539066718664,49.20070837358915,67.26046215502986,0,96.107476304311
R3,32.27373602716369,0.11874288414390843,35.445266798066164,56.71293289477176,61.15157038376789,2,41.09890088048121
R4,22.733003548109934,0.2959505216945312,50.49774888036582,51.812922561062976,44.61983858403691,2,42.50142407240367
R1,27.881091693476836,0.1077557090107859,33.864603829261966,65.00821054488623,63.35066014473582,2,42.39240632545518
R2,24.66702948232914,0.015382665246584937,36.933515673710644,44.400066898374284,38.26420718691467,0,81.73380193554698
R3,28.79519762660088,0.19896754116996918,36.80524609719182,60.607715637912335,57.30917145877008,0,53.07857249347896
R4,25.40026877110202,0.09266358536622044,37.98274137620181,68.81450573717623,48.95190096335182,1,70.10735306371826
R1,20.692249592063003,0.13206733799451442,45.52656314603148,49.851193067804566,40.369851000976965,1,81.38765736538281
R2,23.857972950400388,0.7331063273204754,57.45914012831432,56.33263313032132,32.643010858585846,2,47.831999291369584
R3,16.718481474480765,0.7123823929507147,40.38573063487467,67.33854035993375,57.34231285868334,0,79.61491081081175
R4,16.683997679829787,0.3070341853899633,30.11603956930786,67.73324849809117,55.35997873459168,1,86.98061375001275
R1,22.625714223599196,0.9540065038380606,49.23579354081399,53.897985152516725,49.62706816862871,1,62.424850772940886
R2,21.01981778221355,0.7843378437265647,47.21445834654984,58.805495479244684,55.151802566769035,0,99.92156836127009
R3,20.131575340773743,0.264045699389439,59.00089708891294,60.12566945175209,33.79704678772035,2,58.05777875205955
R4,31.011834198223337,0.11099208921620352,43.613029862456266,40.272751796464185,56.242161645946496,0,54.316293280339
R1,31.321338141582274,0.2705163499912927,43.380393557242435,56.337841834097276,36.01895086293399,1,96.92610608839763
R2,26.338171242450397,0.6816840042021618,57.0051217002939,50.73299349760765,68.08601594732482,1,87.82468590995424
R3,34.04211030571388,0.6703843785751767,53.01163216520776,43.115120320301266,68.99041478804995,2,59.30570550195685
R4,17.08064542610801,0.5611562176203724,30.51036199840027,49.5044448516901,36.042672569505285,1,86.1539573395332
R1,15.980451664790653,0.6805955293433789,44.454332699380664,66.77247142328082,33.11651260127735,0,47.4760991911752
R2,32.313290881752756,0.940237635274862,35.45622394616329,41.78581313109327,53.638969475862766,1,63.176202297236046
R3,20.452600122729613,0.15370370150679724,58.09820487484864,66.76696545428393,65.09306198653132,1,87.50672282736505
R4,15.743964253140243,0.5917759956062083,34.76907727441152,50.53609350770628,67.71537160020753,2,47.97705007413399
R1,16.847432101864317,0.7902312422927749,47.33012119472243,69.41521817630093,45.48311703244565,1,49.98832553253002
R2,31.522657980305905,0.9364305446362623,59.23597989077258,68.14577442412146,47.8636612615125,0,65.6397344605988
R3,19.686503132628857,0.7064056686508066,41.92561273668295,59.38581377277973,63.36833635638261,0,94.18497950691017
R4,20.71376159877811,0.7684701842812877,55.58134579925478,63.55349957141999,53.236063457392966,1,89.68387892506114
R1,34.632257896779834,0.14223405031095349,57.573795831702945,58.45912282708532,35.9763147329248,0,60.04833863542756
R2,18.780991436844808,0.9690001520556077,45.09765165409571,43.943440255825905,36.644698323947004,1,87.78240646729213
R3,34.14543340217061,0.05719332044675185,51.536926355326955,61.92765194126218,59.81731623518592,0,86.69391059682098
R4,24.92688036098891,0.34506560123641894,40.490251815481166,54.68594056604997,57.09226446179977,2,53.51402731776791
R1,17.239632075626385,0.9577386023244536,44.06515956948367,56.699907418267614,56.50277742762185,2,42.88159483333831
R2,22.512710717032686,0.15745168579446445,55.98242043046842,46.783414561399674,35.850481607531826,2,98.18808871543152
R3,18.34573970827015,0.44259471267326767,59.532057674667854,64.87439990227543,67.52100361069913,1,62.26209285197896
R4,19.54701572668574,0.9951510594338698,38.51471375060772,42.54848270174625,58.14605193814856,2,64.83874016213741
R1,31.01599575161691,0.47292884698344484,35.158243389765495,46.562506883175956,51.05108103122568,1,59.9414468111802
R2,18.129464105884928,0.7514787009556999,58.41526691541046,61.35148682282047,51.80516205698737,2,97.9931971055911
R3,19.64836644846207,0.6342599666508792,52.74634410953777,63.00939850282495,64.13481145375883,1,62.44860750457706
R4,28.835250429335517,0.5433249266084025,57.565794173553606,51.10245807683088,46.00288888900856,0,73.34482625869748
R1,17.854201544421745,0.8927193533693077,40.43533420286278,44.366979769212975,37.71677392989192,0,56.20603172135249
R2,33.64696084055311,0.30937213585045686,48.24252249012356,45.7390864900218,58.80378112232137,0,92.81600161700102
R3,31.631144812763907,0.6335549131388578,38.77905706593806,61.34313504632299,67.01557315729264,0,84.64456830375414
R4,22.387188084006745,0.21671307468854895,36.37627715292941,54.47109226565805,67.82066907042389,2,69.00932467174614
R1,28.726861721807182,0.3193073811615512,55.73878967914057,56.40727798608024,41.032528963758075,2,69.27692005623645
R2,27.120566353876754,0.251038370661947,54.39766794452945,44.2079124287475,61.558215641942795,2,51.28148023659078
R3,17.889993878296885,0.34675974512064633,59.77299634047755,60.27763800352906,43.50698214354992,2,86.58886813392274
R4,29.02296718447037,0.0036117293209932955,30.04244941693986,59.23604143735761,45.88545922266478,1,41.7522485902127
R1,18.438770281834877,0.06553301253175448,54.372599804523134,63.63156824316132,47.39631822200275,0,86.37436236859544
R2,31.846478207888907,0.639446906593009,54.129723165401735,40.05723186116651,50.26144053702812,0,42.61702467699406
R3,29.665323716774385,0.6423375632392034,30.82772860141203,47.09921149357789,42.6761201808596,0,74.80613626383904
R4,33.13531787739316,0.22234019152431028,34.5209392885125,58.763584108785736,41.60906613235774,1,88.27083949274908
R1,21.067569494122544,0.5217627832008006,31.28491513402332,66.91001001303385,65.0944157115128,0,82.17323727718188
R2,22.116880347849403,0.10588135304789015,56.189115182771616,40.727393442587,42.16226074944319,2,47.040418536313915
R3,28.74492501308275,0.9707272331074571,58.26089208631518,67.47822609178243,42.04900658031656,1,70.52742295643573
R4,30.53109833512422,0.008256110001886308,38.730643052203305,51.000605606265005,41.50496457583377,0,58.21395906156467
R1,19.838735560791324,0.3170647702466255,54.050500608779075,40.022695940935016,35.020624282597645,2,69.06959477821631
R2,18.227698569174347,0.9460114404522004,41.369930966494664,57.89845983608196,41.55638848946604,1,81.43737628991245
R3,33.29753081297875,0.11442262624025468,41.9251043781904,69.04406568399307,66.87888063410625,0,86.98226144579223
R4,33.832916008086514,0.27122236651676324,50.88528051337812,47.68421289352148,44.97725595166614,2,47.46237071634384
R1,26.472174770620338,0.8828246562319113,40.80743015483334,57.770648766372894,55.74835038861494,0,42.60743981108386
R2,22.2571257413761,0.17429486490351698,44.29242953164223,54.25602273923593,48.72310450632761,0,97.99796714142227
R3,22.432508660370704,0.029551624651370956,55.11310612624693,50.75545195896595,65.8459604905572,0,92.00520514404224
R4,21.24804401611094,0.5350667020587966,38.92603700165947,65.1647880615657,47.37165142352664,1,93.97013442742711
R1,24.394237164651113,0.43112255843485925,43.094098159816085,62.2855496272533,38.76122647152975,0,47.209783887444615
R2,21.778681229941682,0.7988397798625786,41.047303124534366,65.16260902840588,66.55649617412362,2,64.14228721798624
R3,24.322304928483817,0.5421904677533972,50.10741033717604,66.38704161728593,58.71389564326919,0,49.31000821916129
R4,22.02642422110745,0.7846393159749266,32.4285836150829,49.603264850633934,50.8539330315575,0,87.26579254507587
R1,31.758262247577438,0.8732493918259988,35.823291870696806,53.04498397033075,47.85981066050886,0,49.02271161210275
R2,28.96992298040974,0.37396605663605054,33.2376022797825,69.86838214833436,53.81192604858399,2,81.23480459769509
R3,34.420783955569206,0.23330912345091703,33.32422611369584,59.35896084882941,30.010827386897326,2,41.108112259774124
R4,26.00931010339056,0.1979120034270293,49.70044313359598,42.09227497943774,34.42795079187034,2,93.60745043314944
R1,15.973407044920782,0.3781385530719621,48.61469944098393,63.864009469964124,38.32582683042312,2,97.3836193155891
R2,17.930487113293417,0.7964942426282745,34.05318831292615,42.84434919044296,62.999987160427196,1,89.78481937183427
R3,19.675919752836975,0.5620118516795577,42.111501637339494,44.095855865769686,69.42379876445747,0,57.373481322136314
R4,29.782375126403355,0.9193872990435529,43.16803286728648,46.09811550542443,41.10280381217777,1,76.76082001598692
R1,21.394491961020364,0.8339609343695489,46.728312862800806,58.92964973822113,69.95322203505526,1,95.47210306532259
R2,32.63554599930883,0.06462102554223936,56.650606333425024,58.37425637072192,34.372512174359876,2,99.5604824434761
R3,29.676098706515244,0.5444773827446235,52.077484826155356,45.895022457912106,31.723556639784213,1,50.31953406331584
R4,28.875787789620837,0.05799540232871403,48.64799478117901,54.844626063885066,66.84944310955885,0,86.33199265903423
R1,16.883628595289196,0.5782693320947302,40.39615308739602,50.14425820364314,39.06598767186349,1,53.19549213819661
R2,34.493322583185446,0.8010928841881404,50.33018111225256,56.60599054294572,42.37285611835039,0,77.90132039271074
R3,34.53770028331598,0.8677359900967366,41.29835136616681,44.861892897463996,38.210250662212744,1,87.1748752915091
R4,18.41177932457423,0.5137349996178481,57.23021348404296,63.061946766246564,54.34890828093259,2,50.53288200540132
R1,30.438517635448758,0.7989188039003703,56.100478019034114,47.1927093030245,65.43282925978961,1,97.34892653896934
R2,20.715240529802124,0.3188394384217974,47.62811035538671,59.17072763243474,44.955440238432516,2,48.408043950955786
R3,24.375003320694,0.6869419552442937,48.365586100614266,61.10885052533618,40.66210086655211,0,56.424652537968356
R4,16.213757611986498,0.9080583418143682,31.466006079504666,63.144950209657694,32.21913310551768,1,49.21692354755644
R1,31.468962200195982,0.9413729536488653,56.526500696976626,42.577523192387005,39.316703817297125,0,57.059814626287015
R2,33.94908140032126,0.3196728696387463,46.45882202492131,67.68554788067435,66.53523152970833,0,62.605057967489145
R3,20.298036721115885,0.5739899704861372,41.01115131778581,58.387110700985744,68.46485605836685,1,85.26131274929865
R4,21.7619592080353,0.3591458303553826,50.60236312992582,59.56401067059766,49.738564906324115,1,89.89762825659847
R1,22.01461831828265,0.13375166644131609,44.723404430393785,65.07597561784208,53.35444040851456,1,64.69328806994625
R2,19.95033814903908,0.13489308411792555,36.81822544262485,56.43563229376235,53.49192540496297,1,67.99683027613148
R3,27.11795458851059,0.9987217226052197,47.032459506441256,67.1908977629821,39.87952213155729,0,66.31394963323318
R4,19.13516681816516,0.9136961812421736,48.87021200541082,60.336642580651485,31.571438296504276,2,96.53662502393911
R1,30.375403477966714,0.26225762972872624,36.76636841296211,47.51784660274184,66.58587333191377,1,89.26251444360867
R2,28.68613362960974,0.7269995053179288,58.061141876715794,46.072255448103384,43.54399561399558,1,69.18602617041047
R3,15.445491628907691,0.7952335463286702,39.22389363149565,61.43850717747307,50.83247782930269,2,51.1064661771157
R4,25.733966718046688,0.4269854654786187,31.855992304591705,52.21187632221751,66.11480447254522,1,51.255041969827715
R1,22.862276216968937,0.6208437454057933,57.53523004930075,51.645101039453564,37.18005408803094,0,52.27112253275185
R2,30.67788520839805,0.014263188210592914,40.798316888499016,59.09641561340199,69.04908844533061,2,81.29913976881353
R3,17.36242070941608,0.2714102888758826,38.23430537573138,57.31879549122448,32.78589325282422,2,57.34617135943154
R4,20.06171348229696,0.9618363226672725,59.53541329433932,69.90755109584819,52.629426591578024,2,90.76195505723871
R1,21.961036480806577,0.05385400983793254,59.84986908763588,66.8148474685964,30.638102574343268,0,65.63337340563997
R2,16.0545966545098,0.20090516146952297,52.71729712888264,69.32073815630277,42.70969208488048,1,83.27689900450311
R3,22.851437797993185,0.590619598020723,53.414289669633504,64.81072549976467,58.28866825681755,0,70.32620001165043
R4,32.69768227455975,0.42994043293748796,48.02874695933068,64.07214881915195,69.89010244953678,0,72.93664921914518
R1,28.298563234426414,0.6115398511540358,34.787336293006234,44.516716904412064,43.96968801687226,0,61.10269248726852
R2,33.97001337242412,0.6560831453202567,42.93378177030838,58.90258486222485,67.41806790357225,2,75.03738487975174
R3,22.287055095217134,0.8588571102770869,57.64101686816335,48.12459492866068,69.94469397562575,2,54.908517288131016
R4,19.351854519123094,0.5799583663353797,32.08210005179681,54.787682211495245,60.80599901335208,1,96.14929938460534
R1,29.91963077261213,0.0157438239178882,37.253112338421104,49.939310219712866,55.798790298155254,1,52.746518057902136
R2,34.99501178759937,0.013774916314563068,38.340303036336266,67.18666255994536,55.08918528216401,0,76.01394776023999
R3,19.33626531995846,0.8954929254579077,33.1980014569797,54.001726173470864,66.4160345121887,0,63.568746784527804
R4,33.11956686755906,0.11753677303043542,40.70022347556356,60.0050523696088,43.913720642700206,2,96.4322722980385
R1,27.64647590632452,0.11493877088832982,55.0471200403438,61.946070372536035,36.011916452983506,2,70.64010314469539
R2,30.444081922009147,0.49538996176833916,31.859514733982728,41.80814110432339,30.293751692245912,2,99.47690141017245
R3,21.66525960884574,0.4121683230700922,53.82322545918624,57.556722434633116,50.111182849832424,1,88.8595004728731
R4,25.561161663104787,0.7900352170316014,51.78769997851077,58.61340262501997,59.01016132428451,1,82.77684095746574
R1,25.482232964339296,0.29723294464960004,37.61116392154941,58.23003729128641,48.101381890875565,1,47.68948691528944
R2,33.23723538643302,0.2868759487471446,32.382789840474075,62.40217822218793,64.12620255802449,1,91.01358483972496
R3,28.353396421851265,0.0234206471217403,33.48490243225355,41.27795301990498,50.499409119154365,0,48.62363024337711
R4,29.706610295883237,0.8304463215119765,48.63006565301659,43.89501162525173,33.50074966370872,2,92.0938671083145
R1,29.651950520609653,0.6205637628064906,57.3750755610821,49.81231131178487,33.648900879712826,1,95.30270870177675
R2,19.313558852368796,0.2012632607957282,41.317751455379394,51.64057387111058,49.68494855571318,1,42.99474457651053
R3,26.57301600603773,0.8569418386634404,49.405385807163555,53.29904560063658,66.30361854350895,2,73.6740238057205
R4,17.93375095643165,0.8886279124895364,34.144250251450096,43.88598936691043,58.04227082913378,1,80.88876554810115
R1,21.191856605555202,0.6666380697321398,57.64858529261348,69.2700550824888,57.18116553705775,0,72.76406189551321
R2,23.362377343582992,0.8828650649688199,40.07337617708193,66.87561152254243,60.4427435504235,0,55.71706655393688
R3,22.742489922312586,0.8799816735972625,47.79623439079729,63.17423624042963,54.25171369942861,1,84.89986865615629
R4,30.318856220015874,0.315096741906734,43.74371537754358,58.91674890172462,43.69203072010646,2,63.65547501779797
R1,28.89795532815429,0.3798387151771536,56.66207661405335,57.70915686156473,31.53149703220273,0,54.59112091216018
R2,24.406134103213518,0.3686052401572094,59.451786037219236,52.95067048932588,42.045158765564665,2,67.19329482448333
R3,27.311975584832453,0.9188045134445387,31.904231296674798,60.92896656482988,34.974302575860044,2,46.15490705980121
R4,17.079578939217527,0.0043546160656458,38.499163440497014,61.043695567635396,44.455979627020845,2,88.56459756655983
R1,27.679429484780734,0.5674043807218704,38.07324083749469,67.17829469753326,33.14393497297529,2,95.77754685068149
R2,23.62521251316158,0.006434874919964417,32.47195541074556,52.05710047710539,30.514455163231148,1,89.99772042004861
R3,32.131847433342685,0.8296492683267952,37.69704438184235,44.23721283304491,50.929337279632215,1,69.49777854997737
R4,21.53590332401715,0.022126593384707238,40.994281807865065,64.87817304979532,50.060740838987584,0,50.07108286705878
R1,21.994760200087953,0.6625327677715085,46.960565894791024,47.07074057934548,53.46991429888047,2,48.42305013349716
R2,25.448960478209457,0.07963784091155046,31.79047982952313,56.82288511255575,52.0918907193144,0,98.40636855307042
R3,24.10373614301095,0.6266210256504242,36.31408985637239,52.28577481146815,67.11013313714062,1,70.43475674806922
R4,20.999431049219837,0.9670772998493703,56.617596257214785,55.46310727533269,52.3596755260456,2,65.13687870057285
R1,22.09414970762053,0.015906012964657212,44.37973928134194,41.654275522617226,49.4812824408205,1,87.47539901806847
R2,30.4884197596132,0.08452464854520447,41.022669806630404,57.42060953564773,60.63355900742268,0,92.44385161391993
R3,25.614385271495735,0.11328282851545235,49.08780936994289,69.94179991531334,49.07642657783149,0,63.46253049619864
R4,34.49090377081933,0.7322754427409074,43.38401975632934,60.92438419849263,49.081558297603635,0,84.50472969680305
R1,31.339692726718347,0.5262620696603874,34.022971322324985,69.66704093554111,39.01329664053485,1,72.76701641385989
R2,34.16388699070066,0.2693291162849367,32.60305086944588,68.09630126777546,49.36186071685213,2,90.238076313621
R3,28.454435866011764,0.26192210408702776,37.980804970905496,54.41220136801075,54.68605525111488,2,79.7481418972761
R4,32.06733119548192,0.6834193421869471,32.150871497352036,47.67524226557977,51.68297817868254,2,91.54656348547088
R1,28.929142444577447,0.28375077064449306,59.55028338801979,61.3777064372333,51.6228475422601,2,98.23300369697107
R2,17.800322800018666,0.3036625349227138,58.17852337726866,62.69015943567701,58.36196758800884,2,97.75345518727293
R3,19.11569672314208,0.4992920515227295,37.76601738767037,48.04156044330872,31.859527150252305,2,56.80512594523679
R4,20.651246594545835,0.040280808596340534,33.90860554619835,43.712411956227186,64.34074088496948,0,72.09158735149981
R1,20.530110499998262,0.546185713246739,40.39712000383876,54.914650322780545,37.64034222697586,2,55.817378944293154
R2,29.241681631551334,0.22807752422213934,45.86908677034988,63.82993499509969,34.667063483449844,0,75.8119283055362
R3,26.827795761107343,0.10799133775783454,52.33791531805742,66.12087144117675,64.48625511004082,1,56.889696846414715
R4,19.605293778030497,0.5705120904902676,31.21872436045365,52.96785695689223,55.05950839734362,1,69.60293744171442
R1,22.825439642130355,0.07482752658538072,41.976256751462095,65.65415492108623,46.98610113904019,0,93.839387291697
R2,16.785541278888644,0.04595850005603208,31.761147740658355,47.45280128996147,48.96991592388089,0,46.721382816785884
R3,17.6847184004855,0.8582470945479327,52.02537493048966,57.96206740214156,46.51875832315385,1,99.30392491698386
R4,28.0000454181148,0.9148263113306156,55.418405308235414,65.84570844328202,49.70680141268413,1,53.72094081423995
R1,34.158508790429345,0.1884817668797243,56.57079857086292,62.78465679997873,51.70309506369769,1,60.56603938891713
R2,20.498486452243448,0.5975174212912239,53.26361717792477,53.399868619036894,62.798378493107705,2,81.4872146956495
R3,24.28420211945813,0.9129486702215318,42.27095126002729,56.20794159127472,38.755504763199156,1,88.29998328948724
R4,17.845865137689195,0.2291257520515967,45.08195674780543,59.58895499620665,40.12934824721551,2,95.19499666077517
R1,32.26084079589849,0.28246201095969947,35.86973471239567,46.60791978841954,66.70640381997578,1,90.66403127714486
R2,24.142271438781925,0.7759300401467937,46.60778945616232,42.273162346601964,31.62685786856486,1,99.87762087312035
R3,27.30409587688076,0.5131283774565754,32.07700994634571,50.51116151830645,49.877972499833156,0,71.3567863984483
R4,23.66839709659839,0.8976833133271264,38.23896706231203,57.84066734133337,55.59877408049194,2,71.17903287658429
R1,28.024136953941102,0.20813509276911113,44.46429465077023,50.762951991538635,34.90079961675593,1,61.30469876179582
R2,16.778288229920403,0.16198809136918946,37.44831444496307,66.17649423160113,31.662187216505405,0,47.04956612512593
R3,18.565794497081857,0.9928795613452288,31.89760923576334,60.9957763869039,32.349966015330494,2,44.12471392770502
R4,22.315818811400415,0.26577009519828154,58.21529523179302,63.06804587882641,42.497779080426504,1,93.61231743715135
R1,29.400664520693756,0.18538011909803653,46.154277299231794,55.224785579946875,47.19142312106217,0,86.6183891132771
R2,15.600229726088976,0.7777176019595218,52.84198239328905,59.74073840133006,43.290783399052025,0,94.19795711236888
R3,30.85794557206974,0.9721125046884741,43.55397489495057,69.8127935551444,57.87523118398873,2,63.85246477525486
R4,24.765827294902103,0.6408237341197359,35.819431879364814,63.147436522122746,49.91625402999834,1,97.51499524433576
R1,16.03400564167053,0.02520480320538654,41.32039454739339,45.17267695679376,59.966201254875,1,57.94831007610498
R2,19.53574769960379,0.8033382612855459,36.73659280612911,64.3774548140309,48.25756015562837,0,42.84475876817955
R3,23.66640390636352,0.1396518179024756,37.546414538607884,40.914025232311886,40.80277812175112,1,91.35102838120096
R4,30.92761910845406,0.7204237386630131,32.36473728539398,66.38348809485115,50.691207091846564,2,52.724242294277424
R1,20.1925462637005,0.3604175732647301,42.52374653238125,52.49229412294649,56.94446173099934,0,65.18493889501343
R2,21.427247607022544,0.9435766041854977,56.43256538758233,41.85089808046293,58.538074441217844,0,81.22307278848493
R3,19.991482503510596,0.8579725010798249,48.49225989322528,69.98936999098116,43.09714580683927,0,61.111955430649246
R4,29.86221572615976,0.3451658589289327,32.964758519256755,66.65070357687853,56.35466734131608,2,43.72583190041455
R1,19.63796360704742,0.05308268553439521,30.790695624698657,43.327164763588456,47.06442274668969,1,44.265330667766875
R2,28.711090299243224,0.3926217332694074,51.699326000048245,42.767489386485956,66.17701486409518,0,67.99038799605741
R3,32.17218099360233,0.13185439441490043,36.801732309876115,61.807407885697124,67.82198938134324,0,71.46620473446647
R4,18.852107816639368,0.09831209066811508,48.06395740831384,66.90846497082987,55.184610391976676,2,54.34681586590462
R1,19.236643917460754,0.2211854339266367,48.51215088268936,63.64365840745877,56.69354056167587,2,71.27882749428095
R2,31.728809919574807,0.5772424856998304,43.351890777597156,50.50256062604895,43.487133030214665,1,93.55328512366127
R3,15.588671273150307,0.750403791722502,42.14079608788681,69.09737187108585,65.19776901504837,0,74.52241563026769
R4,25.677686359213766,0.7922661632656524,33.26482328114696,62.38111325233206,59.39103454734865,1,61.80784863226771
R1,24.69445097376467,0.013253557185886833,43.91603117617976,63.64910797369014,63.380711886044814,0,42.456096516390176
R2,25.982947404209547,0.6464693536444389,32.688081854941686,62.88507725443171,31.18472867553698,2,42.43678855340788
R3,15.321947855873127,0.6994373425943411,36.84419917532687,57.49125250848557,37.40886633590222,1,93.41981191248072
R4,23.19873947299475,0.884246534538217,32.962511210249545,65.03374489800811,58.58953339459058,0,69.29439350423479
R1,16.54718373283021,0.3162657157095299,39.02301718976528,55.809050515406454,57.60456622295273,0,86.40729677087032
R2,29.201807093715164,0.528090168679163,55.73929443221229,46.74325174744779,38.99310014772371,0,46.53778642867197
R3,29.26838105316248,0.9649092576903561,43.55281983177356,68.21160012313157,49.99305615655267,2,41.042452458489336
R4,27.525387405356398,0.33005885119558553,55.6168928181459,43.65463571593288,66.52573277958689,2,47.180292554789446
R1,18.65908335165534,0.42550340990856894,34.54017114414355,48.75922149674903,31.30476926064645,2,69.03666147643548
R2,20.776301858982457,0.0015226670440722234,41.26076908216566,42.774244475432994,45.1636558577565,1,50.072552573026634
R3,29.741719485087543,0.061943622139794985,50.85090264754201,61.17073204105278,68.82544051796575,0,58.51425220525983
R4,24.44722018007446,0.9512740449210977,43.76971890601767,65.75904088468721,44.49689319244709,0,72.62071197584413
R1,22.74547656476377,0.16870368573056171,53.10021229135225,48.17143291269282,38.18898651169043,0,62.263693873843465
R2,23.816919126753223,0.46929288322589535,46.07911862325783,58.10024334582394,31.182487645091726,1,87.49137166739078
R3,26.027226323890957,0.3097228991087757,55.0258657726678,53.58215456699814,46.80260643375584,2,62.23766682428088
R4,20.180994372199955,0.5009892018162507,34.71172624171742,61.21752494423724,44.50596002080873,0,56.613522985072436
R1,30.256511584549763,0.8778966373104267,34.258813548915725,62.51270194040279,33.0817419959853,0,62.93028607359642
R2,26.978702745348343,0.2543170010780127,35.18694447711724,66.1647413220429,63.05357361071101,2,76.0045679687023
R3,34.05039368567974,0.37047579590233937,42.05894565034825,48.750495221884854,60.282202487051066,0,90.04878372634505
R4,17.973224630094563,0.44946512334619537,40.03898849973259,60.735573541238594,44.11781791648386,1,76.05590872735812
R1,20.17434271124257,0.40131431889645586,30.69297762495803,62.852596829207144,41.17175879962974,2,69.7352283932077
R2,29.916184391137882,0.7154369474451722,30.114142601139765,45.49092505213056,35.77245135191429,0,96.02721842660202
R3,31.72826746162437,0.4819899764428448,44.58908308882525,47.541287363414675,68.858550293306,0,67.2938206933421
R4,19.657085911290608,0.5416750255679942,31.138187295133925,44.27450935172759,51.84749160892422,0,56.438116291264436
R1,27.739115221878404,0.7314554775081468,30.00824185540154,57.14836027759611,66.04586598388957,1,86.56434627592
R2,18.214859963451318,0.017131824912980265,35.344745491549,69.24518362476407,33.55336265948167,2,52.70592084628602
R3,20.66254956746047,0.35991929899946884,43.768154805053086,68.08329576681042,45.08543308853248,2,46.26094018657204
R4,33.27447108255981,0.49952378078719817,38.45328861058627,43.42162949977441,69.70582841411448,1,63.70672368934132
R1,20.910608419638166,0.3509910396869169,48.08513669132381,53.00368719206868,39.09740035892286,1,82.39119923087645
R2,21.710911793640022,0.32315443194925464,57.65559127746613,47.040280929244076,60.77553221140303,1,87.33600991114925
R3,34.15410646437212,0.11023355103339505,51.55981775251515,63.79810790206736,65.54755860162228,1,57.097972081884265
R4,21.064959440218335,0.963027598699211,45.45277534641122,56.30851765634726,50.15219506337593,1,49.6823571470856
R1,23.76260575257989,0.37383298519226693,40.00126200615868,55.78991624500938,42.81687551896615,2,99.65136380684271
R2,33.7076737587941,0.21048566720614903,59.53435235067455,64.8254947731482,64.3792084226239,2,77.24055535491186
R3,32.2223557781251,0.16137325618209786,30.66952585223494,53.157621426952915,37.79842005034966,2,89.13550449811217
R4,23.136899876338568,0.13578148246397093,45.40463583405188,44.43562846394231,62.185400907909674,0,62.70900188262243
R1,20.989540872506097,0.03784829197236361,38.734442123147076,56.4216605781531,35.5163752149877,0,95.57180732677261
R2,27.772822672320697,0.07752808819868295,53.59209496450114,51.01776525734874,36.85945982558148,1,51.945584632592606
R3,30.69120744625507,0.39420778377585797,56.99602053311868,65.73718753458196,48.600173324010065,0,92.56608400845334
R4,32.142533507403385,0.6916336512165203,43.37375635953732,54.967081327236535,52.1638541834978,1,50.051307181993124
R1,25.605574803023206,0.9918885805429526,45.70275974189521,63.78662470877482,60.22361588920087,2,63.12677121432232
R2,33.62026883936932,0.839299359500556,41.23252452747437,61.51115732257075,40.19783860117472,1,75.74144709796198
R3,27.85953169681624,0.2650663180896129,36.70542144715965,53.34045032498803,38.357582172594434,1,52.44765062490761
R4,32.688322209315736,0.600650610512079,48.2253154289192,57.2818394855247,58.11770231379939,0,96.12196278526373
R1,33.9429686036653,0.6278793888929836,36.297705605710235,56.230190177593705,46.05800428703142,1,65.97481723499234
R2,33.16700955559077,0.1551523588638627,45.13327588319801,58.74458115414452,31.546091623705983,1,83.60443303425355
R3,16.03512048980977,0.1378207542754183,53.714325396757886,58.078729915428156,38.409884247842776,1,41.406357131330594
R4,33.56021812283929,0.5598332806586023,32.13500957772394,58.82664348871002,34.67740775313555,1,64.8906932291352
R1,25.463788459453518,0.48744004316567624,52.302141444540794,52.40902287491574,30.16607997485266,2,70.76084064371433
R2,30.410214060437788,0.08150604288010266,31.083531287356514,63.89982997282834,46.54465559193558,2,69.39333581013769
R3,30.05849179095041,0.6129445465203093,54.75083378528666,54.16714249781161,34.05712348334015,0,40.031240887826435
R4,33.91744797009628,0.24448988470623978,59.5364535519663,55.489568289381,30.27076461817581,0,62.775736582266155
R1,33.88760639430579,0.3998876582384634,56.904288935862596,64.36591940539192,47.40256244898805,0,49.65341988676238
R2,24.553876271066482,0.4467262626098104,49.88533986582867,54.62930202762701,43.0353201449294,0,72.13120106358113
R3,20.51822888145697,0.19380270340956718,37.467556148679655,65.89583946782348,56.76390341987302,0,59.856439820529644
R4,29.95438312451957,0.6470277154878906,45.313086644251264,54.053688001974855,50.945609730461214,0,77.34935754189885
R1,27.455628420750863,0.2801340205456022,56.70096042452953,45.86800431553766,52.967894483197696,1,44.92547921037696
R2,22.822897405568924,0.9296733127055319,34.651193810726824,46.12019274835273,35.07632676856562,2,44.109558806862765
R3,34.11759759357041,0.19432211741735161,39.01516419664004,63.350198611901234,63.80586384553356,1,55.86009913018093
R4,27.046003445114277,0.14395916477691095,49.7374860148481,53.62555474633168,56.49337203842411,2,97.42287197568076
R1,25.9645060970046,0.18747081828538914,35.95774704055137,54.49647526713448,31.45718872021966,1,77.5905734178334
R2,15.23461867025986,0.49508373628151037,34.581900486521775,55.05858903552392,53.323221843778775,0,71.9526081046433
R3,23.149908681500087,0.6228103623392534,55.8441997409158,58.452296886669984,30.751786277242687,0,93.57158512122479
R4,31.643140144763024,0.8016378571324906,54.80122440301729,69.16075669729018,38.22533166061894,0,88.86203541306762
R1,27.737730190293142,0.26888464219495933,35.12073978058469,58.23699060071328,65.22931465058056,2,46.068179441857794
R2,33.962003963383,0.8476982673459726,50.275325465022284,57.35775975277747,33.30893198244473,2,89.1130955237834
R3,18.760125972363873,0.041824918614782325,58.255132093987456,42.800126025463214,43.00007938505124,0,76.50768529837325
R4,26.89160338929058,0.6009167674089924,31.09174594752457,60.28234322436323,39.48467148005767,0,86.75833896572192
R1,30.057561445014944,0.7354437803075556,59.425523825322315,65.52422018753167,43.16444465205971,1,59.283483021835394
R2,27.977514119789614,0.5269927264139304,39.94465671417177,42.687053505379716,34.31512804146839,0,87.85172414220798
R3,22.199949174354956,0.8894796198164239,59.37676468037752,40.461643111861214,61.634301906121436,1,91.2416771986855
R4,32.794731285179935,0.08658504354989216,47.971158351533674,65.10429325618281,55.18529607912703,0,44.36669381146669
R1,21.61977684847269,0.014728419999708309,30.844370361943735,45.5526320822027,50.167693985234266,0,81.84132876571475
R2,32.29600979664791,0.8639213256259258,57.36492385542638,55.16374625631815,45.20367971439287,0,65.82573683842043
R3,32.7026139192419,0.706892338653185,40.277659657351336,50.20966551382999,50.29194493445999,1,62.04387203588844
R4,27.81786010235495,0.025403668649684463,53.720080565679886,55.867860301407,43.46579979888664,2,53.01119981346216
R1,31.458186214434885,0.833488306188202,45.59595927121934,53.868247287958425,48.574441296024695,2,60.97880382256815
R2,18.485657774629676,0.4892774746278604,57.57601931737838,68.63840999707733,52.604686737042925,1,70.30971083807503
R3,21.015970244021236,0.01030171646186695,45.503133310492764,53.1369420742305,42.59692350747211,2,72.15872930356778
R4,22.965463354212403,0.42817808993495865,57.175677814943015,59.22342255273145,47.03562857778118,0,74.58627791631208
R1,17.016022622454457,0.41742690021755346,39.31692045877191,62.6289765096048,66.4559742326008,2,49.02426281981927
R2,25.924655830361015,0.26773718662735635,42.308975507393235,65.1607741021098,63.30424110598736,2,98.61542365627133
R3,26.86223398530187,0.6125004625093005,39.043878503839494,69.45241874808144,32.492955344499805,2,87.97091153630623
R4,27.752842486109525,0.16953519897903468,48.03580043985639,69.74443425755359,36.90866918104153,1,46.505339164800105
R1,23.843336603551393,0.821163305932634,36.90446107752305,43.52348410432595,47.94801173424842,1,83.44374495352454
R2,31.773527501669196,0.3919468819310751,54.528816160019076,63.39882889263414,62.979971012076035,2,48.47173609994526
R3,31.657965186271078,0.7959644463103175,47.770388896871765,46.09642297015168,61.61068049739164,2,86.74927704093119
R4,15.386404899155032,0.6580015230786492,38.26986268430271,53.49297106509371,34.81165867116936,0,47.72118025610489
R1,25.28292726892095,0.18817351343353084,47.74049695312456,59.98778786734876,38.029326871225294,0,85.35232066281573
R2,32.80756247657668,0.19280974424299835,54.973674137212846,44.03612542553522,31.506101076079634,2,98.10953775375971
R3,19.262078086246753,0.09488822637765737,38.73080642276801,69.12869717480638,53.715790663139224,1,71.68840612705964
R4,24.070536514276025,0.9628651588568959,53.70230012843147,65.07662341500011,36.688728380947175,1,62.53028772168081
R1,30.463201054951938,0.21791540700934242,50.4687509765599,64.89808411751277,66.7605010937589,2,42.31629005903875
R2,24.51518325566827,0.678899801611625,54.28247895930737,47.342291922087966,56.50368013785736,0,59.77936378143126
R3,20.3344967053158,0.6237311084153004,33.835629599467175,42.881104454578406,54.20800417269412,2,60.39606066461537
R4,29.92993498622357,0.47234181419733046,32.122315640727614,62.04440174125474,66.13480761859421,2,97.69702929643438
R1,34.50968193049107,0.6584326269832144,56.761827813354216,52.89478105641059,32.98952996829306,0,73.05559982510196
R2,17.81007370323432,0.8889812430005775,39.18803144342806,62.69235883000044,55.96761063641046,0,84.8664690089224
R3,34.11372784078564,0.30488151023081744,35.19162810579044,50.92215952885634,57.71578531731972,0,64.12500246412861
R4,17.637370340905473,0.733852660971802,54.781178687855274,47.56795905306999,55.78304738228146,2,82.04502060296461
R1,17.01602638364443,0.8684087689579094,46.69063448420262,52.137837838878454,67.67724889072284,2,43.57888984917627
R2,27.534161487309547,0.4622456638020157,49.3996397140729,43.42144378279929,33.86565545344431,1,46.25893814405643
R3,30.00180578234874,0.08663199549299294,58.429454555404455,58.121645503130814,48.6409075245608,0,55.28215069654026
R4,20.092845745579783,0.8248004262006877,50.80755188809343,52.72571620931139,51.191924804208426,0,85.38814505862177
R1,19.73576437723655,0.6573964590113784,47.83316059185004,44.70759116410839,33.069105732164566,0,59.08691780842972
R2,22.485629441847436,0.1626319770454211,43.51922856534556,54.04046242586564,69.25699534221383,2,47.879103960663095
R3,22.727050152537302,0.039600704337068526,56.825364251819295,56.98184966265427,40.55706783281413,1,84.81949509335534
R4,26.661647973036004,0.5594360913848614,58.16921119288982,45.00261932076196,68.54443939755555,2,59.10757859688562
R1,26.267683819797412,0.3580273836111032,42.87684688727391,56.376770259575196,34.68256599168232,1,65.04035924350258
R2,26.592132590983756,0.5392324531699554,41.93950933271657,42.572210493420336,68.09656126214628,2,83.30133990979095
R3,17.153225650283133,0.33940743226334635,55.18940485681876,67.00523665284229,37.98667903005129,0,60.06706267831859
R4,34.9672113440175,0.2889934512756076,46.794923813,64.42275133992787,51.52400619644738,1,62.58793940083727
R1,24.843906889018946,0.6067437922403617,31.523731454131795,49.23445957346651,49.5501111861962,1,62.29261568720041
R2,15.387800496210973,0.8049921190073782,53.22921192536888,46.269752732987165,39.4052585728873,0,41.020922171958574
R3,15.967956620779383,0.39757252368469975,31.60157279102556,68.80743253494887,43.23115015510327,1,58.38103581962177
R4,18.5530139747867,0.9629728394596024,45.18652259866406,67.32762845178839,52.368354312364104,2,84.36799486821155
R1,19.863082237238125,0.2800368133390755,57.704892586334154,42.715967440986624,62.22204135416336,1,52.06554857354335
R2,33.79212636635798,0.39173871752634937,36.593180887771865,46.24448540782785,61.89153778741723,0,53.82045846040336
R3,20.440692503069187,0.6261055535642244,52.76693968542885,40.951382627794,66.15027694390855,1,64.95107485344923
R4,19.21576234214195,0.024283116805445926,56.630588262069345,59.83766285845636,31.29522136108998,0,86.12507481067053
R1,33.11071104434332,0.9120859859378764,48.13509882338775,54.139302265614376,52.99113741215136,2,64.10525353866147
R2,15.58635285625363,0.3562210119634922,52.22889167506102,59.298311466109766,34.54338375532633,2,86.46753345589627
R3,16.202138651983304,0.7370250025050844,47.8651656983931,67.1872170663067,54.525302626541915,1,98.05134510946617
R4,32.44403443840819,0.6752264924684535,57.520785705503656,69.84104605790665,30.92526199205052,2,82.1661339854329
R1,27.182161976605208,0.5043847499707149,57.05340738692447,45.50405928087521,35.025008109019765,0,63.10281380344037
R2,25.15453509595962,0.3408326303174648,46.016986821721545,51.5717292957781,36.9045950989708,2,43.482649409745086
R3,21.73865049145281,0.013436115239563562,51.577005273884836,65.50096648019844,48.07394294597089,0,82.21217486377893
R4,28.33157122184421,0.1388421273252174,33.76527851491755,40.2529149550517,36.750042444911145,0,95.17422905315493
R1,32.43487847957478,0.13904073791509497,32.661494814430974,60.34668980189142,50.36078920561715,2,98.0937847433803
R2,26.6576297942039,0.4743005935774556,32.73622829890799,49.733925998116305,57.46830233571421,0,48.83068681844054
R3,33.891389823267474,0.13959289075503645,57.83008738612499,62.19770564279182,66.9543448185704,1,77.29867806291733
R4,24.341660291248836,0.5617811274122965,32.63182319847195,51.40398478477664,61.06406843864072,0,46.38988598880349
R1,16.410339146003565,0.09387894064527913,30.084982474360192,50.78676956331305,49.21293933299569,2,92.04184535713514
R2,23.48359360193677,0.054009938834923665,30.189542960069936,48.627559622146144,36.3400180084846,2,83.96011073838768
R3,25.01925983901596,0.11921163809020663,38.6852636820085,66.06203828623207,37.46384467167297,0,84.3908887356763
R4,29.795554224381846,0.5624916911802089,38.49103356104166,47.25026083721122,32.7093242715363,1,78.09149853294666
R1,25.619032945653146,0.9061212303557441,32.55901382521441,49.535583874061345,64.41916268173345,2,96.6537450815745
R2,18.021863923508775,0.886696329551409,49.83380400782464,42.42588909536851,35.91096367430141,0,70.34695619160995
R3,17.496826103595605,0.8056093287952786,48.17570914336754,51.86836427165163,62.205363121595724,0,93.68551067081002
R4,15.085010163644741,0.26896030917739755,54.616517400739326,66.11230084209961,67.93185167497057,0,43.926242556552516
R1,29.561626502970103,0.3284615038720359,48.63347816797848,58.99722447081906,42.777900114712914,2,55.25723002762558
R2,22.170715864631866,0.3560399482139227,57.21371137377936,41.752381602773184,32.82972417104968,2,83.34818236014898
R3,33.80354076973764,0.616182946599527,59.98360041075162,67.97058069236952,49.29942556864428,0,71.76546086950015
R4,29.18455519375769,0.5186539717630302,54.596496473276375,46.96184407539981,32.205849121314465,2,61.21557632358609
R1,34.91907511792357,0.6828309809087653,47.26446199589098,60.40239871118683,46.970752662395725,0,82.85407620223776
R2,15.901861902089745,0.6026689676136137,53.534436464104665,68.6067763929143,60.39250407788789,2,75.22966968490765
R3,17.64369920599065,0.037772308175998526,31.115467449766864,40.26460108883177,50.7930854648439,1,54.83122351499806
R4,15.443476690629932,0.890803851391533,57.49784498715947,47.58959259156445,67.24237584956678,1,67.78325611583026
R1,15.964558268674203,0.42676373574755877,54.59879202746364,58.67404718826477,55.450754389422855,1,68.99113479991217
R2,21.50728134072959,0.2487556759304369,34.97092963505323,48.69827236725075,58.151615511985305,1,90.90941596127834
R3,18.11018088658213,0.3013024983607482,45.54085231795913,65.06138330514277,46.61828788106658,2,59.578006809403206
R4,31.429649841979547,0.8956242515679123,43.62093602758368,53.21177838310605,45.911214765464294,2,90.30477294228668
R1,15.606002498885577,0.8742027874012017,32.91441834773399,45.93930226011341,43.00412126056145,2,78.66464131443274
R2,15.934333699635882,0.48490544023042714,46.777971112220186,41.55281969699109,37.742567593546646,2,72.62918251529553
R3,22.58406688771316,0.9206237732589075,51.99619196765143,44.80786937649556,66.0457289684076,0,48.68622222249745
R4,26.297412105595974,0.6138473229460546,50.091948767948224,56.07025676284401,48.20903806370599,0,68.0032105797529
R1,25.050134883433635,0.3294555411415403,34.25020557181948,49.3112563210243,57.702463087609175,0,76.05260845799666
R2,22.26446786098078,0.2567729170502032,53.902779914987576,48.31165139863767,44.483839904881094,1,61.68007845825706
R3,29.07845764442854,0.8062222930702855,51.24468344592985,62.31860983275854,63.69751190952284,0,46.753138637357
R4,29.07451216529701,0.8211104695229486,58.37215615251888,51.684232253481625,63.0451895370728,1,49.10762245995987
R1,22.315329244489885,0.801530729998178,56.181977486300035,44.948740942586596,38.83834244528383,0,47.05509131980204
R2,29.9009068310081,0.3768370744422578,47.98142404667542,60.236482805488336,51.27820379996249,1,89.45983826178492
R3,23.66955061301112,0.5185978381794557,55.49433001901039,44.88363480010473,56.0693043040618,0,60.69891981911961
R4,15.19580420697132,0.006324995313919279,51.33558469122296,43.56388456846017,49.00262732629951,0,44.23704395190293
R1,16.61114026955594,0.15262698085251936,35.40478779492169,64.82084717650508,67.78711901346743,0,49.048720221259
R2,34.1249453087419,0.6655531858882722,46.17488694321904,58.39764288121521,65.51971633021947,2,85.32763099955596
R3,33.891033812500154,0.3813938146556376,32.910256793463354,50.3238485261634,38.43137803638693,0,50.02489266713194
R4,24.850227899502368,0.9559344028044698,53.02482033939147,65.8617387384302,40.53586408926921,0,46.925475220946986
R1,19.470423147717447,0.8458755278628824,57.03237868050933,53.5732634809943,34.933249723757,0,78.37090794685795
R2,24.36923113739082,0.9020485801963526,36.14647267753479,46.074031217495694,51.00748220460535,2,68.59545305833612
R3,32.23017070622606,0.9820060842118181,47.71137316046548,51.56257330623686,61.34688032009855,0,58.56704448871808
R4,26.12257803005204,0.07055308424514573,53.510080952460704,62.769254445401614,47.315197627318526,0,92.05665854872385
R1,19.865632327140247,0.5189617008782518,58.672028292428735,51.24959352125093,55.630087403383186,2,54.079392729372515
R2,22.539402178083556,0.21326982771079306,54.23230521031995,47.38503833306784,66.26299400640576,1,93.68151014598506
R3,29.49790496315293,0.6193434940854354,58.636598785234256,60.906984936606676,46.127151494428645,2,99.89821075185445
R4,32.97576091579457,0.20005419414183778,44.86881885497506,57.18136578065283,57.313955018394175,0,85.34595766483426
R1,19.404297417310794,0.9489503238826497,35.22662746203265,61.95024615457335,30.04174820799712,0,96.03875019493147
R2,20.315706158921028,0.19334728464170836,38.55576890764836,48.880979589796524,35.72838201651305,0,69.46062123787897
R3,25.752848113923662,0.4185202383106239,47.32358093445333,48.48269105194228,58.48327111220166,2,87.47377131134022
R4,20.75888360304191,0.8695789852198725,38.23907228486678,54.212784337742775,52.515818007057845,0,78.83250754592976
R1,22.231239026568595,0.45038464797945044,59.23780377080601,57.58357200517621,51.742030943171045,2,79.53812344435553
R2,26.41369974541194,0.07853389946543188,51.8101148253958,55.54462651731694,31.96716616270318,1,74.57997628041755
R3,24.952246222528075,0.21217009963056344,36.533401751060275,65.39621589825038,32.10410801721909,2,93.80489490381484
R4,21.23900670801131,0.5643038435636467,56.158703442283425,65.30861752192811,62.11431223063909,1,68.92920087364169
R1,25.204667442042982,0.55338062318611,54.967384741471406,62.29876445278799,40.8751042866501,1,96.67519701630542
R2,20.11717155103139,0.37307121828302425,30.356297908660604,53.36962255725105,47.99286991910165,2,71.59149059190656
R3,27.88324488899413,0.13523818146853084,40.53426476667382,48.68681954789635,61.63874229314059,2,52.550050535746315
R4,29.076262987862393,0.08414547689440943,53.255082964929684,47.966044829232224,56.154088657440155,2,61.84673325642545
R1,33.44306187821317,0.8998240048570827,46.348477500071525,64.4925832374895,33.778324577371286,2,60.63204032548309
R2,34.57080117585114,0.12569630555974476,48.166495213425605,49.97216112677567,36.94592932389929,0,82.43918656524164
R3,31.654977011818474,0.2282514335116984,48.76834172902082,65.96418180446416,34.21826036282359,1,69.1040935388055
R4,16.343985433425523,0.7427375059421427,31.26167267036243,66.67639461125323,55.779517141638195,0,67.36408748372644
R1,27.687445685024656,0.7515408321298249,47.281148479771645,66.89292429910026,68.38492739603505,2,55.23952845574499
R2,24.73772996078391,0.05801802024066671,31.249635515038577,51.11643937448984,35.586159907755174,1,45.4068921436545
R3,29.645356263836305,0.09386247563698757,41.09519931793957,61.825614333119425,41.516023819811444,0,82.44369580053015
R4,20.698245402337342,0.9056344536775488,51.14179870976382,61.75583294242914,36.182333601449685,1,83.4743972780492
R1,19.056298996006838,0.3500108129596713,46.65515767494489,60.77259286945278,55.67506431424486,1,70.61148335069578
R2,25.714704804409276,0.6980341338546933,56.47988093302243,59.72294850934544,34.97273807968695,0,70.23033382312666
R3,24.15416936808499,0.8223740539840088,58.305554296047234,49.27154114266761,67.97240758233386,2,79.828784275418
R4,28.80313481697396,0.8374415487225779,58.750040746708635,63.083101934949234,30.31834706637612,2,92.70105963653359
R1,16.913648945983788,0.5030626591097712,39.17480635346282,51.63015334916278,46.984445251552735,0,81.01721442927827
R2,16.351865631986374,0.5392604920859905,52.634874296474074,42.71058135303941,47.695857630679775,1,81.00460164619639
R3,24.190201224957413,0.24679547236809118,48.62786006814607,69.28608016360653,34.06223091011956,1,90.96802116031098
R4,31.43406199786377,0.6007215651897725,44.12939173159522,62.37729086158582,45.589540202272474,1,81.93406280426062
R1,32.35134854289035,0.5155281932594299,37.56497579746658,45.13833988409269,55.83713171556629,0,94.80491851532423
R2,18.075337903342575,0.04382487025071946,32.59866913220907,47.90387903372165,44.32006691343955,0,77.27506667920977
R3,15.712875192499743,0.04289167852209952,44.5861959635764,42.91212928103981,34.589283754339064,0,60.70327763613648
R4,19.342082595899054,0.8513856232473503,41.01710442638294,54.490858830716746,62.984834206088955,0,53.906343407121234
R1,22.37416091308459,0.7250877676846568,42.638790047088214,60.7287748614674,59.52432926001806,0,52.90807685257769
R2,21.22770598742008,0.4471136326136512,33.58368446286435,42.829209334802826,34.67185142029899,2,47.932128833384134
R3,20.456785033361744,0.7324012324998974,38.43346854073347,43.02748423779624,57.4430567234434,0,65.9815010475521
R4,22.059656516523418,0.2185995034999263,30.549423737633973,63.965280534978135,52.76091893336958,0,65.94197327497585
R1,30.432807453580708,0.08194103810554276,56.356031985003426,61.66414159319834,51.609025402148546,0,43.34165405232964
R2,22.91672032370888,0.9615463510076151,50.0933872893704,54.17890980552779,39.846773440418595,1,79.40919251583497
R3,31.385000685635948,0.29115844433337146,39.976478018897645,55.26750438636478,40.245427876293874,2,98.4115229764808
R4,18.19046777649759,0.1212060088500817,31.050620119604297,52.99127856321068,66.21549909518114,2,87.33086926019111
R1,34.763534059850485,0.7588650168031449,49.70382694292657,54.52817665323296,45.495494719115804,0,65.20678210909264
R2,27.2265652436651,0.2488952633307624,54.94010080900297,53.33205936046278,59.7784388795683,2,44.86787715960251
R3,19.24368693306991,0.8684511950749202,54.368195113326514,51.467154834010536,57.00344136794278,2,50.00757918374346
R4,25.7221982151354,0.39547493901297803,42.13609469066237,50.40267854633443,59.63701095531636,2,77.33914002921541
R1,23.015810077927256,0.4845962083528633,40.27114213986483,67.45437506706875,40.20695605553418,2,53.95666665906919
R2,31.870584985271968,0.9098894939180258,37.20530781901098,42.45042185391579,61.135779316208385,1,56.830465249429736
R3,24.679593218843305,0.44323729019707137,52.20499698288758,45.195242749066395,34.48290852228614,2,47.59372177030561
R4,21.626633441710624,0.9718827904391591,43.61369042214143,69.70714899678099,39.12129233193551,1,47.95200322288458
R1,27.716507854882728,0.7499921453477896,49.23479227509955,64.66451343366047,34.88723531381425,0,65.65145873067009
R2,21.109749413262072,0.2225494938741005,59.01013182923133,66.32427409093569,66.39144685320707,0,52.270010112141186
R3,34.18037537609461,0.19727229808140923,57.29798055918806,53.61631988326039,35.40975071062142,2,43.01589140815414
R4,21.077902246667087,0.990940315743941,35.97678582244855,43.190175132990845,33.461155345924126,1,50.618737983082056
R1,23.88971520307048,0.24977165302982995,52.3231187753045,42.220510989879756,47.08025993285416,0,92.95754813545972
R2,15.126978801578904,0.6174518964789086,30.364154854164155,40.49343032508676,34.89228096362809,1,97.5896693544535
R3,19.62299566469411,0.2773704941457691,32.524877186838445,41.59215310635954,38.27670374151753,2,45.18039503707828
R4,28.99332151981632,0.5632363922633395,57.01374035389836,57.02089364421254,64.22419459272147,0,90.28707546166859
R1,25.337692027269096,0.8870467058779248,32.762201463033186,67.39744531924296,54.89984392773996,0,71.97009192703516
R2,33.02011284930667,0.3018631370303938,30.429508494759457,49.27170231876568,30.25130235017461,2,76.40355892205926
R3,28.832703733424232,0.3265370602802371,30.344061286339798,57.19124755160064,35.59969928211081,1,87.21066655349802
R4,17.23979420346746,0.420692843615011,54.00964074343242,66.1960330859275,54.77443987878536,1,99.14036981777828
R1,16.61504378708283,0.657726081817999,39.24191436866161,49.371918896864926,56.642638332933075,0,61.92843186927825
R2,15.251969898439373,0.02445750729470486,43.11735172536979,47.744243412019934,68.78212819030804,2,97.60447944754034
R3,24.71269207721256,0.9383652754587989,38.2665068764729,43.86912789012574,40.722613666432466,1,43.18686001813315
R4,28.202222874032067,0.5127449694396558,42.984984330589526,65.02720056708847,60.3078967806418,2,50.57891453978396
R1,22.976596574442564,0.5754520208422474,41.276858955687416,50.62901604074566,48.12705509975353,2,66.72921157000889
R2,26.522396160849716,0.47347730383741793,34.966050652998696,41.481845876785684,54.26710485488093,1,64.09842920933897
R3,16.139026479076357,0.7939552102345107,53.533930395576476,58.284474193691594,52.75589500528609,2,68.38262752349625
R4,18.448197811792976,0.011992457795515943,31.40678073040454,58.99468788371313,63.036035477330955,1,81.59281560159818
R1,30.230039504981363,0.36751130305542146,44.960630267182154,56.58499718901146,43.28501352666132,0,84.08445405167609
R2,19.36988898706187,0.4165392309519166,47.82018430742124,68.59717617748693,55.087062610623676,2,63.92444672138349
R3,27.942249347559073,0.6701142298029984,50.244185851777104,66.38983771387916,43.63047190610893,0,68.08431007189625
R4,32.78395876158167,0.9373136432370638,52.96513796200232,63.84700389439857,43.818638185560815,2,40.552458086394644
R1,21.679394811684585,0.1885649223718605,47.39485625920186,60.68954307143136,49.96607044999179,0,91.37089719566224
R2,21.24615633154068,0.4099515679925422,44.356573640382514,44.92336415105618,66.49231878874043,0,97.98887222281678
R3,25.735544715321545,0.7812877233419518,53.4940938196294,66.96987130071076,39.019327430415004,1,78.97258373902338
R4,26.011455487273594,0.949687293805,50.59817521841357,49.343027973539385,46.701752346479225,1,95.66276302924211
R1,15.655632400117781,0.6364473351031072,46.853743055983344,57.44901512018519,53.58229257966196,1,53.51788854664346
R2,17.52810880938774,0.03143778145331233,44.69661548752877,59.40027669302077,48.252620312279646,2,80.62975828793472
R3,18.115029935594332,0.956653878116162,43.01825038552312,68.9650016786342,60.752842858922534,0,98.69374261589414
R4,16.968696727894624,0.1619879151578396,58.39169940494132,43.18269550543086,59.283048032615355,2,48.40452319671668
R1,24.359199882249996,0.9955221242085481,45.22178663815528,54.88446283303154,65.25718798283012,1,99.14231421296907
R2,24.295351079626595,0.5375058276632533,43.68325221072065,41.979603137621005,56.30029145080407,0,76.28184589993359
R3,28.86847252395351,0.12498500135990454,47.10121391896067,47.46532581642575,50.592380534731134,2,76.47241976101694
R4,29.77523578555015,0.011728607609104436,41.41786531121529,49.27576227980638,54.048065879857326,0,47.59789593077933
R1,27.87572114711086,0.9697059744367234,42.58973410555639,44.382648243956126,49.48935218908986,0,75.27540549538153
R2,21.087108116270386,0.9464263868707172,39.249731299484544,54.903498199426814,66.86696909349205,1,88.09587471024699
R3,25.348145076963853,0.6550979730758117,37.25981300207782,65.3353866838949,65.00470656559284,2,90.45011513264438
R4,31.665141556799913,0.08640354777612502,58.33014634676867,52.651811508392875,62.89453629471173,1,68.4316441360845
R1,23.91312801125822,0.48564451167085565,34.05329651610482,66.8921354603859,39.30125152981653,1,53.06996110247672
R2,27.540391156154367,0.8042311383007635,31.04894228464572,52.60034537356209,34.18913888181915,0,81.01241437014238
R3,23.957825528919223,0.1610608101063824,51.23296008116078,51.81863206582017,35.16706203315034,1,85.47207536001291
R4,30.03870617023255,0.8987237592151541,43.53213719251137,44.55164879837435,69.18934552655531,2,61.73390295827917
R1,24.950726106977058,0.4356038736485164,47.46133123661204,43.424020344657976,55.69593252930328,2,82.06434710013225
R2,32.25264709104989,0.9668395530850067,42.04320873938426,62.073283310208495,32.75095340011074,0,85.17216964862018
R3,33.988842824442884,0.6684239217436542,31.449346172577968,51.61614092141224,59.54399255437971,0,99.34781840561809
R4,20.279814930327404,0.7288977976640247,48.97455671646514,51.3081709263351,53.158764478352595,2,44.99399164653211
R1,31.954824577165446,0.7118071417614171,48.03197875369803,49.82779484057014,61.722141997274676,1,68.853907913087
R2,19.04765278099434,0.07303271337089778,36.130673427646315,61.73107807959325,68.98977615608557,2,88.0338549147469
R3,15.326708744111105,0.7316527832262073,39.719396927654174,68.78898448248219,59.95141101249244,2,48.966097492113114
R4,29.75553466410443,0.117148679500512,57.90563029913464,53.19228206445793,43.49753599971585,1,67.45325200891133
R1,24.493850184150155,0.02540414786103673,51.786131266128066,49.61428544039711,42.55628016099408,2,95.23102661340653
R2,32.50428242314809,0.5093377207641082,41.28042659033005,54.30384203528895,61.16816762400545,0,96.99873351261186
R3,33.87609922762388,0.6624249661477831,57.57751961809336,67.61987931092622,62.97869346377075,1,88.4712884363538
R4,30.092381562693323,0.9364153546447178,58.10498695451339,51.38011913480703,42.94531470958174,1,45.974457774849576
R1,30.829229315070716,0.6311867733751068,53.36256833329543,47.15154223574564,62.503866075063975,0,57.738794968010545
R2,30.475905448450675,0.16699910607897683,59.54891090623916,58.119718323863395,59.7017988956653,0,53.77476976868328
R3,21.453450870695136,0.12138859246760592,59.80093064247998,60.711131688049335,64.76673184323286,2,48.916875737287754
R4,33.46380547160683,0.9742275930184641,32.41386005508838,51.88153452569469,55.73057526394821,0,57.75109916893429
R1,22.956954180013817,0.44836764012096586,59.652550564795646,59.685636814517096,36.30665155060888,0,44.177763165175115
R2,31.107166784288665,0.6088439869339487,40.20210496478126,51.99402704457022,33.3320442936447,0,42.80177772599254
R3,20.27841498342093,0.054072228591828475,32.976326230397795,43.12039260691714,67.91187302788933,1,70.22156717835053
R4,18.811411810184786,0.4061626485008405,38.26764995777418,65.48239243967669,40.573669109645735,1,61.441169124701005
R1,17.903468818702223,0.9218838649631496,50.60877175481532,42.833012648410254,35.741972623351025,0,98.04952642161473
R2,25.63466633808258,0.4569972032160037,46.34474532614242,50.36043820033093,41.970995463373015,0,94.88937531787158
R3,24.953202925949086,0.7765579788516541,51.456971053142965,61.89693662634274,52.495974688324644,2,92.26291456857835
R4,15.075150636732937,0.057758370294825,36.389613275275934,46.53887210849673,52.95407480487157,2,49.57617533780568
R1,25.121291344570206,0.6973407788475653,37.454093234728234,60.41488363124116,57.84876245645769,0,99.53971653576612
R2,21.788318568262124,0.5171866424650755,46.10300920551351,51.40702838860261,68.89296240201,2,73.92910115977958
R3,26.882524080297728,0.48393412559258986,49.98844708741113,67.28085145132165,30.658038061922447,0,96.6371646109018
R4,15.164678955645465,0.11084716666712058,36.172162160835704,53.78787770273931,65.66581248226547,0,54.46727597360807
R1,24.30033242319032,0.629083413962275,52.152540252055246,56.259351523032805,37.30460600229873,2,57.23073938515413
R2,24.659002416555523,0.3000214537710423,48.82556709066468,62.0278099679543,42.24450486649549,1,51.06985149086971
R3,27.41914529771453,0.05637376254290183,41.8512944178366,64.381969410464,56.46073257954849,1,77.75880999357214
R4,28.58742524299963,0.06437153360129144,39.11150114317519,51.02440302861464,66.42182361738199,2,44.37107052465356
R1,18.42161823571027,0.6692608161719807,33.580800383269796,52.642409951658536,42.83295588885534,2,82.25672874317198
R2,34.37691864680062,0.15149505877889968,49.732039439339474,58.34240889061698,60.426968601495204,2,91.11787607498005
R3,23.363947488054144,0.985468715910286,55.43082985588691,48.12074827711718,45.671466119617016,1,74.79563422235151
R4,17.92162088767528,0.409148686840622,30.88643172516625,65.00695019285018,46.706044222264524,2,51.60767778311423
R1,20.638335985269645,0.9035087530062424,39.36699894441901,67.47926773753788,58.75133479501747,2,75.47128417342547
R2,21.31473187297401,0.6990423553073012,59.267442681639324,67.80378932945887,48.10158130878286,2,85.09421162534079
R3,21.95650255070132,0.9114789349254536,33.29866308300499,57.452953878366586,57.01114898247436,1,60.10309743151073
R4,31.283593875173516,0.7640407755819522,39.88570637214854,50.67502130381996,66.37646257235653,0,87.87544687935889
R1,15.589604179017744,0.6317496569917276,46.55587219692141,63.981420996559535,52.92729089640046,2,59.48155271257255
R2,26.36618867332453,0.22780080346257114,32.55733226391233,65.81991422086756,69.5406461139577,0,93.0300492771306
R3,27.849955010663237,0.13438174000478087,38.15016887714305,54.77278239826681,37.67335254941986,1,74.819938713986
R4,16.11998702849145,0.7402953841686338,48.227367341990444,46.036613224797065,50.06806455679532,0,75.22419080090421
R1,23.416796990638815,0.9890602413082844,31.835602378520097,62.75610589920783,65.26842604842723,1,65.24903626879679
R2,31.939626321194442,0.9360670644430923,45.94899763142533,47.539021719493334,41.503211643465065,2,82.47652256028897
R3,33.830404729779445,0.6597984970897008,39.37620739240875,49.83332536326869,44.0845460695899,2,89.31550213486025
R4,20.732774956094904,0.6759326921090492,50.10027280442265,61.58073859132337,57.05136195721642,1,98.08697148367736
R1,22.386297035235952,0.27975503833910176,51.137296148646286,45.63990883454037,49.71988168961459,0,43.87073546498411
R2,24.15528444171227,0.7414804729079848,44.537863515858525,48.24505116049552,50.39741961726438,0,64.03143996566722
R3,31.005685662880918,0.9045248677446556,31.828174145758545,68.53113336492795,31.326559333048166,2,66.90100057798415
R4,32.48315846334951,0.264415093208195,37.24778165770087,49.48220469212228,30.07762933756986,1,65.47574721879654
R1,28.06328234933271,0.5252629798928832,52.54964407551901,48.66016160682469,46.242037795456845,1,77.21283105425704
R2,24.985258631632693,0.19576781205630267,47.30375938920052,55.19365590633536,44.536614698785534,0,49.89942515843485
R3,15.169809885712507,0.46551779705185314,37.21851594335502,63.35935216393905,33.400545158838575,1,94.40413248065632
R4,18.29639884270797,0.523029182152906,54.55959257154451,60.747074815718975,45.49131426414873,1,54.689019683814614
R1,15.11979904407831,0.293656151681576,37.7057438524135,52.80267848197162,53.488840791753844,2,80.01068637698144
R2,22.608190121364622,0.9428286702528045,37.08951127406331,44.07275338001487,45.16404857442794,1,53.4277368546717
R3,21.257073807707364,0.18996206616207367,32.32649374331873,47.41533069003764,61.92151814581033,0,53.991335534903065
R4,30.849219128327512,0.015423515524877751,32.09947927915139,58.912585063775666,69.77119081982272,0,48.57983026290958
R1,28.864527823587103,0.588397904537826,47.28099083251592,42.31169646447349,59.895784877453885,2,45.03805163610023
R2,33.11914089908498,0.535466282979731,56.91613082493346,66.28825704016583,30.369820708530955,2,78.47342539177697
R3,19.353440876947886,0.13485246232432946,38.017440600596665,51.696440039659706,58.10079152446702,1,83.76870551958248
R4,29.28538006224087,0.22584398185203902,43.15078760345207,53.41819678631116,56.76693937791764,2,91.88350364689362
R1,22.663564059774163,0.7612397748077441,36.35187946217806,45.343773103600995,51.48777647533286,1,85.89132203652255
R2,24.869995988087616,0.5858295928771902,51.24568218133417,48.10103804152161,39.00429530460257,2,99.93469106618804
R3,18.318389060147325,0.028518654488129513,56.232374706971896,69.72957985892853,46.69895988987314,0,91.76897150831095
R4,26.559550885527997,0.698876354144996,51.97768895119549,45.639989999756935,50.81143677244729,2,65.92767554210158
R1,15.576612602982618,0.5667728040403893,55.78817919379219,52.62755226045117,53.257767690218785,1,50.44840766585729
R2,26.33261824442674,0.38983750793363225,46.10755287435643,48.96677913991296,35.527349267700515,1,44.35354259602319
R3,33.58147066657954,0.32645768570914835,48.68166410219263,62.09652049743541,63.40199909548137,2,82.84339367380952
R4,27.361575716426564,0.7541423085834071,48.70461168513714,41.75019664355451,39.89803350354648,1,72.70014245259344
R1,33.36386844282945,0.8179651449063378,46.394779001532456,46.43615717063757,36.669916725044594,2,53.325202488449484
R2,25.068489181344365,0.6916035432910121,38.47527511340604,57.52846873075007,48.819955017528684,0,59.11686232220991
R3,27.10160046369363,0.7171490816282445,51.98415030131616,55.415223950855825,50.74508324112123,2,98.86131104752305
R4,24.67156898159444,0.7099106794168085,46.28549928273645,64.3951707703862,39.929531864839745,2,85.607235881559
R1,30.904353365317032,0.5414512011908981,58.53423523032883,69.89036002681577,50.51566213573021,2,41.17150889797994
R2,30.77548157668402,0.6745313511459166,58.81320969250494,60.95027244777704,56.631398767604665,1,73.67647117711053
R3,16.946386000105036,0.7682308760824256,51.59091407719482,49.942461057986065,57.58198087787485,2,68.17941478754611
R4,30.492584316865084,0.7156010894888422,30.252617492878294,45.3969415503329,43.79542007246664,0,45.18863312364677
R1,27.830093802655913,0.33194262385138484,40.37094138281286,67.893767163314,38.26335822223235,0,71.61270452163478
R2,22.81328790403408,0.020875620881467438,59.52737554366203,44.94424545961171,48.707883252548775,0,89.56934795181832
R3,33.236780234741616,0.41618750947920125,50.44436989467374,63.15794921801212,51.386048659662364,2,57.50347702252732
R4,23.97527090540563,0.18103203128071854,57.22173291533639,54.29805560465662,34.85675767527166,2,41.41333032711802
R1,25.340659706427036,0.9788631202034118,51.442816431786,51.93007557676667,42.33356909091142,0,82.87731070552884
R2,23.598581512276713,0.8529007464451652,53.74496513590567,55.49308808901928,54.358289743784695,2,59.43085487917175
R3,20.515360928614516,0.8851780038505195,58.596258634111024,57.498506258803815,37.01680683394287,0,73.88609098158761
R4,20.37355792964564,0.6991223092430938,30.87305813139836,57.85510756320656,32.723097740851024,0,50.86314538144018
R1,21.07881185263545,0.5427838322814912,50.53550090273356,63.34714904960108,48.93167465263441,2,40.433517836346766
R2,34.7556823109644,0.6757385915668366,51.22217939165388,59.91789371040518,33.428253552236974,2,59.827320625624836
R3,21.07544388279196,0.387912857734932,52.47325794420717,65.91709560821496,64.2263324570549,2,73.39173942460532
R4,18.230338101301836,0.9518014743576061,58.06641369165648,44.78361071097652,66.66128964455692,1,65.42539091408749
R1,31.0707757429739,0.8353906151676986,42.75883456379633,65.79941115037211,37.36279108170229,0,90.89401883158774
R2,25.631770407254898,0.8551052195083753,46.851471945971554,65.73847811733911,61.197352875361794,0,57.9047227053733
R3,23.589171489653218,0.7213225425238985,51.55531114724694,61.96652555046805,60.21966692892222,0,53.53725660577709
R4,25.15191321356128,0.12233601961534701,34.93802729316862,57.88967140773712,41.49379785637055,0,93.34089991892911
R1,26.163952555704284,0.9501530902692755,44.54661031002294,66.46647776184787,31.61639238903223,1,47.88086353934195
R2,32.03640070747319,0.6855716276967171,51.887908601589714,45.1096586145753,46.958538413005186,2,71.52468826091015
R3,15.292633955667739,0.1814550537067282,54.682606489603415,47.823254701715726,53.20246008825259,1,75.55812906774264
R4,28.500821062228805,0.3124038427068123,57.50231939565299,43.496865302051916,55.30930842879123,2,90.44845415844247
R1,24.216580138015765,0.7010884710667176,59.20372963348382,55.117139951073675,62.16277487822445,0,53.055524136531005
R2,33.17748865151754,0.2768576569296092,31.784547294754137,53.082748612559726,65.67378339785327,1,54.16651480985748
R3,18.04928958400465,0.006809229394265981,42.9733325984948,54.67266847498766,47.26897980339811,0,74.5417510690372
R4,30.698318561468405,0.31260143492842707,41.52528929729965,54.59494165935914,40.97812272179824,2,77.6220833450887
R1,33.968267783821936,0.43827960111420317,47.58367054143346,66.66393039729387,33.5899101736796,0,41.26039185076175
R2,18.921725736437345,0.5256216958114498,42.68238984885649,55.44913902421405,37.81405375710624,1,55.5496651709082
R3,33.64615889509808,0.9524505658042854,35.13040331418303,59.34840109199703,48.13605299078408,1,70.58131287589417
R4,31.901163047355983,0.4653882435007446,49.795362540286646,47.21722524205174,55.72624751408934,0,47.33396779462183
R1,24.884138771214452,0.44135799505553386,30.294328815159783,46.398290380986644,42.42673032277468,1,87.98227896194774
R2,16.777644286426135,0.6004176801322559,40.775647710536845,46.42939488628175,49.02335499985365,2,97.60004691829451
R3,32.496740438651706,0.28103393489398965,57.098808496658904,55.08384657351509,42.619271309340775,0,89.0158355877723
R4,17.553983255857478,0.9041530638634396,57.60719578231428,50.580511221652955,51.13039200823648,2,45.68418686756375
R1,18.363198721687397,0.08899508446966764,41.10850620377708,41.161430518591196,32.14299958202557,0,69.57566100288014
R2,29.68106566505268,0.11051885204950274,50.08529411807616,67.26263203141525,61.43602878197501,0,57.25546899737963
R3,32.98802914252403,0.6618155852292787,31.716246816266036,69.66652803081308,33.5191285325781,2,82.10874134603883
R4,15.68166140150915,0.8969680351080804,37.27768691345842,46.15404126125658,67.62920438736151,0,81.16290626626606
R1,20.98811455119107,0.9900015994474779,32.22811969754959,43.12050753287004,41.308201399207086,0,99.88029371846383
R2,24.796607468826636,0.5010185158721527,56.581720509955744,52.83245854601154,41.97036985260617,1,53.64534044351276
R3,20.492604604141285,0.5774807554624766,30.427976470194864,54.55739445041317,53.83180385458369,2,84.12905974619369
R4,18.2775589698541,0.2118789301335957,43.860447198891684,40.52835797066333,56.124827508229565,1,96.22254024590458
R1,34.582936801272254,0.908531181942587,47.37277875969141,65.39393748842419,30.35419764484591,1,73.43108485488446
R2,28.24323732855457,0.15093287378479925,46.918566313305334,67.95059189754119,58.009649701024465,0,87.5429229893924
R3,15.15464747158287,0.7492907172972426,52.81873335088191,68.82373023193074,49.85924946856642,2,45.62934091875583
R4,30.55739453002629,0.706522272330238,39.52136769594168,58.47040593674832,36.45944929912821,0,53.85802266601604
R1,28.296210832756937,0.9608282540100936,48.0714273749326,68.57831760582988,63.28440516082217,2,78.19051951379669
R2,31.905470746103234,0.9349608268585183,41.81941148747454,46.68591717502058,61.44968594348626,0,96.24847724745777
R3,19.803004316516358,0.0550753317941447,42.85290494684507,66.46643567698113,46.93365796745475,2,93.4475547321584
R4,25.018044898125307,0.04385655427220825,52.75882806294505,68.69782416520708,53.63278736975237,1,78.73301638232108
R1,15.16866748465344,0.9562726298390403,38.57555994984588,63.29430662418038,57.40993767030858,1,69.6703219838389
R2,34.925184370222155,0.6170056696490502,53.182286373537394,61.64774768144648,56.75902660059445,2,75.1919370898552
R3,29.977870192218393,0.6543325421311013,59.34961752036909,63.55554726723476,35.79208634005759,1,94.46685863323546
R4,15.093083378859609,0.18457390088907677,57.96916923813265,63.809724852669504,58.735801543995734,2,81.61703395375739
R1,23.40426171421982,0.09051034200379682,34.096345052648616,60.61162047191845,47.14425399081357,0,74.92515383198503
R2,32.7079128691301,0.34205406677688965,55.22162602869393,50.59115862314082,40.74522886097993,0,56.57003116892285
R3,17.68674520239427,0.23744165994475575,33.838151023627326,58.47903071943277,33.08445646740318,1,64.99326927896381
R4,34.139813014314555,0.1623208883174606,31.545806991594237,46.71724623970147,50.6219117118255,1,75.33521942850356
R1,26.871154698430313,0.8314426185320327,49.68390042958747,50.35487493103709,54.46779202388595,0,45.01681724400677
R2,27.508635479788015,0.13882324432557602,46.81628173080667,54.710123469277995,38.62351232852483,1,58.87501585525875
R3,21.94478858292398,0.05077833672452203,53.10857467244412,57.195151740398344,60.2053593002226,2,44.60880742729467
R4,16.906659741295627,0.279213776661681,59.26573873019485,56.07193789895,35.284524011115145,0,94.8597894842934
R1,16.48611396975,0.1451369679117901,33.51479946793719,46.890758027271566,62.6713333453019,0,80.24452158044555
R2,27.796976866323767,0.14342628110514222,38.197458821686354,44.95153123454887,47.275355185309834,1,53.94581210377673
R3,27.530730134025188,0.10327375772787217,37.48793663534933,61.52588902602262,38.51872781614149,0,85.91040322564314
R4,33.278254533658895,0.807379173286713,55.991768683915694,45.80972648936357,63.860477438667566,0,61.88923792303072
R1,28.528346264597666,0.13242996390173678,30.801169395401477,68.84386633430526,33.075452751086786,2,84.49318987614463
R2,32.543708483813674,0.841406268912157,49.67877566920673,47.53634062432123,46.3376554751143,2,86.35307463677097
R3,26.286380977912252,0.3260394014274709,39.63926887339882,53.961222915600906,32.92546610554932,1,98.0317459684191
R4,33.79076241314732,0.31031578110161895,51.14247286309127,67.70674736488185,67.67109257571732,2,76.0231929211891
R1,29.24199210676865,0.36515216819220564,56.60300059048434,41.33452845074201,60.58723547423689,2,89.40655910311774
R2,15.935488937271408,0.8008909848072827,35.071505179542235,40.107511986767015,60.13801333601308,2,63.99921373416562
R3,19.418209926986307,0.4504784228883867,46.5362064185156,58.98931025012642,36.26815628756361,0,99.74773549377517
R4,31.68256031414003,0.9276208933023484,43.845535949149436,54.61258766826036,36.126220109215666,0,59.72859569546365
R1,19.627693629332253,0.7064906457437549,44.03960565623416,67.29543519998184,44.88126014457525,0,62.91563124046943
R2,23.043921691138856,0.4228443048360404,30.580827906283062,61.627930561163495,52.07808800823328,2,80.88014713809844
R3,22.772912931270792,0.9433021025400437,49.44257484095699,46.52131124319603,33.26035579849914,1,58.27915332833459
R4,32.88889142259311,0.745677296371628,36.42594640568278,45.527727008618704,66.15532043510089,0,55.33953426147379
R1,28.88809484919139,0.0495032587385279,48.942385421955514,45.353163527809336,65.20614486726843,1,72.04486620458222
R2,24.73478292897551,0.5226440672315407,34.65471907509822,58.04305151473589,60.344612437735776,0,92.70904760425492
R3,27.577202671016316,0.31989054301182673,52.44082164488741,57.10312930121984,47.926685377529644,1,61.41293922837875
R4,17.557148051867724,0.8923701663459298,42.05892099112534,53.26198747158206,63.860666728003594,0,86.1024448669206
R1,20.62681284951512,0.7160775906160667,49.94073821985454,53.54746852496222,66.41621504078506,2,64.25799405317201
R2,24.444294876886662,0.031870623860184244,33.03903370007951,42.37306820833226,30.314737651093864,2,66.1358536367543
R3,32.114135916254455,0.2422161822555986,53.82693972664835,53.63663715761015,62.14516876907367,0,97.62164870756087
R4,28.74115281118511,0.679917353638886,59.65114116070708,67.44820442521132,51.37020478683252,0,93.878429839608
R1,29.665136170573103,0.5206103282311845,31.10732122744035,60.44011909813172,44.005288115642806,2,78.11578854979237
R2,17.122676436734242,0.008411087024123298,51.17733594211676,59.13843562737772,39.584305442977026,1,78.12103541406361
R3,16.781637343116106,0.28336536570954074,54.59921998242422,51.70886794577068,67.90564714567172,0,86.62671860410663
R4,34.59634912358413,0.5533601543173814,32.5669442821538,49.29164086455944,51.08189178020209,0,88.66035225782657
R1,18.653580851370492,0.1890293311729665,49.4152845648738,45.24899679100698,32.852649132579415,0,58.7709410501155
R2,16.020544962515288,0.7040971544549126,48.86640570773811,58.49427824056711,58.464337501471874,2,59.83144229336188
R3,32.20853662487377,0.2088147187323488,59.79375821173579,63.00701495543739,67.98075569575877,2,75.85269790390386
R4,24.77361796063439,0.3792675833344731,40.70410446342777,68.53202559048292,48.548861120968716,2,42.4735418266299
R1,20.139824136005664,0.2908811677404287,53.65453433273038,50.09729097794556,50.324499475791065,1,43.84069863204465
R2,15.831369277760283,0.6153136962032453,56.3819907225169,41.65058758828198,63.28437490580778,0,59.97127290021078
R3,26.616120984842468,0.2981898907999254,45.81745221245178,54.8854211036949,42.60831356326172,1,67.0590703614968
R4,21.57068290465366,0.006293172611036235,47.68404195902513,64.1569357663253,33.785555195893174,2,66.93098268616905
R1,20.0819438524695,0.05010229783216602,39.67344599291435,62.63156797408941,55.15630273040585,0,62.08309819965454
R2,18.97305588323392,0.06117695979015103,38.95603722185152,48.871863135706576,31.205351218763454,0,77.85239773847846
R3,33.23114154166788,0.8013215530327852,44.71314527341049,40.912310655499105,68.96829116054127,0,48.30016644684861
R4,31.17075975982451,0.798803483911256,35.73176176025727,68.81152042007545,41.11887594891721,2,93.4307578290955
R1,28.254747149877016,0.38401228446943336,58.13543512836655,64.2489753789617,44.943450375110416,2,68.2547112084048
R2,19.93732727035347,0.6595616013679014,45.08888287258095,49.26868247132532,31.98448993690372,2,71.55505443045917
R3,20.390826606655974,0.24044527480333,44.67750206078538,63.704187156221124,55.39746885698082,0,94.28306150160506
R4,29.211137975190912,0.9008106548839554,47.068995407233714,57.813408446138624,41.09103289693877,0,45.85698345052799
R1,26.8626914338822,0.714891458435352,44.41450993214767,45.03392458419877,54.430483587847654,0,79.23396235005566
R2,31.118779283889978,0.7148023199052419,43.906538947596246,52.899523677874086,35.37709162578358,1,95.89645568722848
R3,27.705593671866097,0.8285985400538245,59.87868322600581,51.149947320085175,64.73663936791439,1,80.36280542458303
R4,33.81715571327621,0.3166349995912645,39.30376578316322,53.91952218039968,66.32861469064616,2,52.30125228738795
R1,25.631640810668003,0.5191532570106256,43.24452236936689,69.14583426539329,44.17310257179004,1,42.48909085823754
R2,31.075989516249287,0.532697631066802,35.29860840974239,56.36949932947251,57.79038198073071,1,76.23196655066037
R3,21.58144245158489,0.020030959328435904,50.363114127021504,68.98518839941448,48.866881068749706,0,62.0836978620153
R4,29.400155335866906,0.5650619412037937,31.11422573974773,66.38032347209719,47.02817016928296,0,48.47623763178372
R1,33.91046080141613,0.3631538948122619,53.845621421449536,68.8913298019124,35.055743799233646,2,89.85241027816778
R2,32.53346396240555,0.39694189395722834,46.27306905680164,44.71739490536977,38.243586293233136,2,48.93969720965772
R3,16.341878765064866,0.04918279341879794,38.72556668618835,59.808098030464535,58.39627324286941,2,40.622155144436626
R4,30.60258265232011,0.10116603139701985,47.883558449447,45.01745140200796,34.701621903978975,0,81.34713186224235
R1,27.021972279270575,0.3022222135977577,56.87174490946053,48.37856888270468,60.28255824258346,1,75.95405642188541
R2,26.686086424251805,0.45765748760497427,32.83025336829087,64.32126361667224,55.320036204625765,1,93.15123702200398
R3,33.0400397380042,0.7174279849834908,30.241270574565966,66.47353710026695,40.51911356196074,1,58.06642444223928
R4,19.597406539413385,0.09746141408250009,52.824680159604625,62.679744429506194,60.68878516820652,0,41.771567385601934
R1,33.94134136538638,0.6113330477456044,54.68470166488057,53.138171912136,51.95355221939793,1,92.97432482785916
R2,29.246482248491255,0.6629510002138186,43.35044467663352,52.891432517875586,51.39859994287841,1,54.97330375844637
R3,26.6924786549829,0.4709212112859822,32.56196007696973,54.04488087775552,33.962034915185015,0,53.32664459475306
R4,31.509590967915127,0.12942213221146093,48.129516526808544,69.0063365278429,53.23296696385563,1,95.37103391110693
R1,22.313160688293145,0.30574448689699885,54.4314698967418,68.96944083970078,44.04604578596607,2,87.56583294708287
R2,21.819654809722003,0.2008536489623447,57.11896354893901,60.08278024962432,56.75031556006654,0,58.28289270432511
R3,31.84430325837235,0.8239791122867952,36.58579800718775,54.62127869796936,45.26162728438656,2,76.17843157116482
R4,18.948114208216335,0.46812508339913406,33.75290599208666,59.05985225202596,55.42557045569169,0,65.27205013167078
R1,33.332518309355734,0.9783494025188022,31.116315609638864,68.15555912226071,42.6834737569743,1,93.01552899916211
R2,22.161822095435756,0.3019871174244677,37.43730121695387,60.14956321818725,30.685099209851575,2,54.55647128453036
R3,31.958033534814028,0.07550405652600778,48.94437212804386,65.43850879198085,39.281416492324624,2,44.216277423635056
R4,18.18163980700036,0.07778705856986645,30.901723498446003,48.15764173725118,46.05285497090343,0,84.81707473525003
R1,16.349610676756498,0.6947582732265268,48.39595447129618,51.93964330842894,31.322617743732877,2,68.2858663150124
R2,25.682858809498292,0.2914565284486651,36.21719484954061,50.635802166628785,50.70025455660331,1,72.23139073035371
R3,21.513198603658502,0.34734295582149743,32.27690190772581,62.25191102196426,32.85073581613161,0,59.597236768062814
R4,29.236010440495956,0.3323341178813758,35.792646885630916,59.572917944173824,51.333585009293856,1,74.8370882445187
R1,31.995619763569138,0.022728853085512868,43.18073229427499,58.04679242075791,53.519611052343215,0,73.28516240714373
R2,26.616650603604413,0.9495644394647929,50.93471038470966,61.49392244402175,47.71144655078798,2,94.0132013051676
R3,23.213058174090868,0.023161712757848396,33.59157130486187,52.36883428695103,53.02180310471262,2,89.7252441282789
R4,20.712785899451095,0.6371476608903966,42.668329505165985,59.36596931830407,63.14253921304128,1,45.42063510583866
R1,15.808751264237745,0.5677341447576609,43.60079676780017,49.75746330298902,33.41559846421883,2,95.82135917317723
R2,22.83445506513068,0.3810601222685479,54.74412950255045,53.84279646403275,49.697555264318204,1,53.27872718032556
R3,18.433123717861022,0.7318938750815533,54.66446017572328,62.6042389584522,59.61939213963014,0,99.25063784590236
R4,23.506517548366674,0.7333622376711713,54.939127183041364,45.7692977776232,60.637534117396235,2,55.22373126786148
R1,21.367582017714994,0.5625414930124276,50.285844168978855,68.40073795950202,51.348622188644796,2,76.31745690241561
R2,30.91816859552462,0.3844811792429931,49.4565854024954,40.32403116667772,60.96927703621319,2,52.620010447549326
R3,26.16124463338103,0.7133982779812735,34.60773580818035,45.318245560261936,57.60356782680404,1,48.377617300626696
R4,34.16316688691327,0.1616097512213469,43.63487536683301,46.40213547874389,64.0366065566804,2,82.9387814595892
R1,17.049367823510348,0.10265916987735246,37.54460165074568,66.92954680864011,67.84005923898872,2,93.81352558847681
R2,25.69829307031112,0.2019047864105996,56.19501174498733,57.01409563744522,35.64443712481557,1,61.46184250084691
R3,26.95853225111869,0.5932520272700951,44.39966900591292,46.17323172583741,54.93378537200525,1,87.7231990652925
R4,29.30332612917946,0.008270305086302776,44.82870270046813,66.38811643492231,66.9756632271677,0,91.33895553053443
R1,30.505900821448474,0.7507586095625218,48.90439026760827,53.11989826252932,67.91712387793567,0,59.626682213922344
R2,19.21836544289941,0.9050305735032882,34.928876025453754,64.65048186274282,57.737854981715245,2,85.3752499774462
R3,22.875722065519614,0.6267458065529737,58.896231055851665,55.16588844331957,38.76404492795285,2,45.330339743669
R4,18.900872422644255,0.9554829833450684,52.079410227542056,45.08411948313443,37.48598442727396,0,49.23507091847008
R1,17.178916003522552,0.8936358530785834,43.410093627206436,67.83466943241326,45.62996616636087,0,83.14308369558204
R2,25.894273905452852,0.5437215350931146,30.311435078606863,44.850673919545734,49.32786918865348,1,60.01182259055937
R3,23.546504472879597,0.3197551594786291,41.4329876412088,52.27891723784896,40.94467272453459,1,83.53177649133644
R4,34.2876674195098,0.5886972248919289,51.47355509212518,66.46866989203852,44.08172175893755,2,85.88309584503313
R1,25.78921965428819,0.8341213441374377,33.20081444228039,62.30299168413303,50.842933297562965,0,52.0656416033807
R2,20.274650820951,0.13666189432330778,48.86327785918989,64.23949867692416,41.31545238970044,0,82.50164982090638
R3,22.709290405764886,0.9153820552770091,49.651736380602024,59.53126914361967,51.847911006109804,1,50.093451776724564
R4,29.36552978762166,0.4893785553494049,42.794846154993024,57.88336115302445,69.99746681185252,1,44.01489491600651
R1,28.29850121906377,0.21987296423627734,32.2970959146256,41.87627823722247,42.25294480105248,2,65.89595707066839
R2,26.364563278345635,0.01203241357079865,38.870824652466986,67.06056402198229,49.66311802606771,2,90.40153824787993
R3,17.98188802950835,0.22116749850231254,30.418743790888957,44.771946867152984,68.5606762550792,0,45.69034835063536
R4,30.497341434652505,0.17812536637915688,40.546432973518016,62.5125744692927,43.69678151867063,2,94.57425496538687
R1,15.563010579374144,0.02046607384409449,49.37995252953531,45.23975415218417,34.67932273403979,0,75.15863696741096
R2,34.39258994776604,0.3600250874294504,44.11583554743744,44.95420175277615,44.95254784196014,0,55.80424901082212
R3,18.506148093576403,0.8087501567220212,31.127194713936582,52.69179741653272,54.318418503747544,2,91.4512767199926
R4,23.418407303258682,0.3080692885593017,53.06671892241252,60.81021571134859,35.56412486813819,2,91.24968285084807
R1,24.27946908134446,0.3668472641058125,32.19983927764139,53.8292326838911,48.89118247644261,2,81.56161078160909
R2,34.7517987476711,0.3307525590439149,52.318970951055725,54.53014119783171,69.54760708054322,2,42.62928914232688
R3,16.220088811788774,0.8233487836894804,50.03634477066785,64.89502272480323,58.76230654979973,0,40.55958822772279
R4,18.107128648357442,0.14588910949738154,57.813654383799474,55.68019938635494,40.252034251810215,0,57.46917635302097
R1,15.293840906471463,0.4428848150029904,31.902179105046965,41.06175338606,67.11208623904554,0,86.45406421629598
R2,29.719509300491758,0.8011100422760623,40.806891479377946,66.18989947620231,36.47717011579848,1,47.96949176701685
R3,21.27529637033102,0.5013084659846717,53.72723225778401,60.73191864765006,59.29044072246022,1,91.98741596240689
R4,24.147273660498872,0.38624434859222345,48.42016862543748,64.01422925200725,40.803927349568006,2,41.54817117115974
R1,29.481440083605975,0.6136362053977991,44.7536132794829,45.0264618161232,50.689914001786164,2,68.21255534687666
R2,29.77116203254011,0.49426459093396236,46.80969226785787,65.10297767260332,53.70598322385004,2,45.15395218861778
R3,16.985375266477018,0.605889151897066,56.069298037198095,63.18369935663385,64.07959664341777,2,70.14667600428297
R4,30.93300647750188,0.5494402688859186,38.70715478626088,52.86836865456692,62.77154817682951,0,60.04950317045899
R1,19.242221560044015,0.06479348163682352,30.97346426540437,43.9031342281759,50.722018806354455,2,50.67161339714032
R2,21.792552435475983,0.6529956289730704,41.17958229964799,53.17735751521063,65.15638175879573,2,43.16420080624925
R3,33.53370534525723,0.5476831577469252,40.20810011423829,55.36591933197715,64.11161048161901,2,53.28560642090275
R4,31.719372515627676,0.917239395219681,31.548741695022372,52.442719555811514,69.73500963063093,1,79.57855905127401
R1,34.44565562981419,0.6483792884180729,49.195764439722424,59.355958437624324,34.607304025562,2,94.72474837945026
R2,21.427114396589733,0.7188676917956099,31.709138712596342,69.33289958294847,36.400003616303344,1,57.445100462355946
R3,25.44757990101598,0.3597549967779501,52.40034509392833,51.796735097690494,36.40000500735805,1,96.14765093153241
R4,22.99044531866174,0.38431908381267654,58.45613091214194,59.05353484242603,34.99290355374519,1,94.99724008815919
R1,27.023686282866223,0.7483577588823433,46.136907658094735,50.12527475549176,57.89861623528927,0,72.2313299212617
R2,19.80196887750744,0.9410154309218525,37.86817532180877,66.41827407484998,38.981821659762225,2,69.30632818342991
R3,20.03901534069785,0.2964502469210234,33.477468402778364,66.16819445574588,69.32439723020985,2,48.437983737997
R4,29.17137940653611,0.37225017105848024,38.28901334815802,53.1621445511605,52.68341373414797,0,62.3628371017587
R1,20.99891988521048,0.2867375383835298,45.31380839741456,64.21213274008134,31.198210596807982,0,72.50722623144745
R2,19.658208907023436,0.2741447759291943,39.960890099043965,58.872160933793865,69.90011275328845,1,69.09238914982524
R3,21.24854054733944,0.41681002677795886,58.550723984137065,69.10228785055432,32.965525716062245,0,57.44326344548563
R4,21.303402673992494,0.9911290209066743,58.54713371555327,47.47245609702772,69.8297561085264,1,65.72160612935457
R1,26.435356745837282,0.6122430334687472,31.330388106601927,42.645693459198064,58.0075962593154,2,96.14081436049491
R2,27.498599678006208,0.4572512805650675,39.657370572222476,51.08559136711112,47.69811301628192,2,43.17467632811413
R3,22.54424916414176,0.015967736995074033,58.173902796441446,56.04025073119175,62.64404651963786,2,81.15425662647355
R4,28.027286643336,0.23290151068626563,44.9875346227796,68.27236105132361,50.76735202152683,1,42.806481941392256
R1,18.873976013096623,0.8666587567812843,49.9706083585756,59.68887522551087,40.692511691901316,1,81.03600672523464
R2,33.381730760961545,0.9180329801324685,54.90621276760109,65.0875617508778,69.56678534826895,2,97.87459799554242
R3,27.579793913961907,0.9433309414665081,50.00718738239907,67.91409056666078,44.62982295610626,0,81.21210723589616
R4,16.785590418472463,0.6975882809685033,34.008203952574384,50.44406235653369,49.04385454216315,1,41.2777277860737
R1,28.180504880205,0.36157351445489905,57.41854305040269,46.43399827616223,37.361223230633165,1,45.526796065485485
R2,19.92727603975181,0.5136270484921194,43.604158726017985,51.23381178062522,59.34550616268527,0,44.339538179864576
R3,30.367222508335637,0.5870605585842963,41.76245157559894,46.04760937561483,54.77746316831612,2,53.69848345729939
R4,20.84756435923189,0.5393949388687617,58.34324713207626,57.71756073393645,68.02089935555776,1,54.41940161031196
R1,26.227927339471282,0.7650477303083156,36.010594485553874,55.49770934617573,35.28251493037678,2,83.46487326447445
R2,20.854036052365768,0.9339752951018648,39.921991717554356,68.46851134700705,50.492002463653364,2,82.80985238428607
R3,22.854716353215803,0.8079825687633128,37.757262554381114,60.064067986734585,69.70555925327085,1,43.349229875573805
R4,16.130261071562845,0.472005308786537,32.02236480898609,56.30405644095157,61.656739092803605,1,40.202914970495996
R1,21.73367711900969,0.2938360584286033,30.946000528473924,53.93639017789991,64.47244802077896,1,41.532557193102264
R2,23.219236493391772,0.08728542272552886,40.748271415130525,60.7665165706708,37.503140302519526,2,56.471813220474814
R3,33.6682310234187,0.09963498539082816,30.26334233590404,48.921400301080546,48.68347033562336,0,93.70669422334396
R4,19.715734529417468,0.5909941881564851,31.034756857406595,46.36214881065145,32.72747927428068,2,44.006055736650616
R1,17.119114500654828,0.90962199944622,50.12222501212946,68.18890436746631,60.618034148718706,0,53.42683782779959
R2,26.331876241379533,0.6847326702315623,45.195689133491385,50.9040884806066,51.37185225756225,2,44.87829825521224
R3,25.61496173977036,0.6241436651979516,40.11071261687716,67.8197348081745,55.82792690315308,2,83.12968614831243
R4,23.382694726570463,0.19932124100759796,55.27972924935254,49.7365304140134,45.348951767063994,2,70.40064495966391
R1,25.613805237747684,0.08158188626001239,50.36709016939759,67.15116210713059,47.817578734645,1,96.78539176020291
R2,16.73509154878287,0.4955948898680246,32.05883131837966,45.704049230516176,44.90630440354767,1,70.32618895087178
R3,31.00359482748133,0.8833929547116163,33.31823309396499,43.90343153789917,66.98204443004448,1,75.80600807070866
R4,19.136851674030403,0.8547102187096366,33.2984047143955,57.11053321173106,55.39838205652573,2,46.03867298618513
R1,28.39609170477417,0.5632002552518331,32.11718569443656,43.55070338430636,52.95028070482162,1,79.42388348446315
R2,21.93706981905175,0.6254009518622767,49.42275641538494,46.0918007252314,38.90498626733192,2,70.90006427485474
R3,31.7101182867173,0.3915887261206086,37.535587902407464,65.36570801223658,55.89075612691608,1,89.82276396634347
R4,23.43336113531613,0.2975351856575065,48.8323695723678,41.841451162043874,54.68617028191718,0,84.48186136724422
R1,15.052248456228764,0.6459804797703133,53.89479231863375,69.54893123633424,44.70843357698046,1,61.59731655926353
R2,25.941195254014183,0.16100202523973284,40.549828172537886,65.60893855041792,34.18519553010246,1,63.924622476568615
R3,16.831451479898828,0.8838122205672277,47.184691825248336,64.14098311614413,58.44704515653338,1,46.986132193835914
R4,26.588790448761998,0.7205590774478152,50.95959724813525,61.611601247977646,60.45463931848995,2,56.12038771878999
R1,21.59052884459752,0.07757865331898528,46.727576434952184,47.44750758151537,66.30779327443548,2,53.71404118880713
R2,23.792931603422566,0.4573487552169443,42.786458187450684,59.89122379146387,68.2126826254729,0,87.31876513694078
R3,25.752754101837965,0.6391792674840034,44.336783566394075,67.26601936909631,53.608754013943134,0,85.12555570352495
R4,28.447549236182745,0.9668112847311151,46.854477967266604,51.91599571830806,43.98929250039073,2,44.26995025182024
R1,23.469632382520523,0.27186920333327314,30.809398684224895,61.627902724486326,63.242349564630366,2,94.75771411024917
R2,29.820667377532715,0.9480081573469941,54.45063925896004,45.319973392042805,40.57288364925224,0,65.03743619230912
R3,30.88734176793605,0.46095103103483126,51.5313620735471,54.73021820650253,58.47787995326289,0,58.853815457678664
R4,34.48135288181893,0.38127409572394877,45.2753320910634,66.24077869481101,64.17406019676277,1,88.20195443783739
R1,20.751319552783876,0.27194551836772696,52.56789346259123,45.56827815838009,47.786621405448614,1,89.34570913542126
R2,29.030330011794188,0.7411682844022404,50.131210571691476,46.38577863848588,40.48029209710142,2,78.48058545402704
R3,23.553820195504485,0.12541689463401928,44.101098311004456,52.655244344419486,40.4814987498114,0,83.0206450827769
R4,18.857862048088393,0.5063125514640282,57.283225891063665,67.55935687070433,30.217425552403597,0,51.1165087947748
R1,25.130819375773797,0.9192190428654706,34.60572220760552,50.44624841835412,40.531688458990814,0,93.78112480394276
R2,22.633878509871423,0.2051132066383785,42.832811617649085,61.097666088961304,48.62399318296248,2,50.39942216058744
R3,33.01536927704583,0.11804964954013408,59.05430247048959,59.27323810288981,52.396545693067786,2,95.24292902186947
R4,28.22310781698128,0.5718407017957147,38.5757082570449,59.52403127054058,61.6232458986384,1,47.974529495953696
R1,17.323253424346156,0.4237721418841567,44.58528004651512,45.54148836624232,50.53241715394754,1,62.47774996864717
R2,31.007907156290536,0.4396500648049997,47.36221896342899,45.25613805968941,38.420692235565504,0,61.15201902592956
R3,29.078778977784523,0.1315521655956451,43.7857798603812,45.12794830962864,67.27860444597258,2,98.10961470319683
R4,32.782324331316154,0.5244045360725171,50.091387034592955,49.96224758472124,36.349774735708735,0,78.7964680102938
R1,32.42404618074867,0.7801638230132766,37.582701551712425,68.49714284974829,31.654226993218103,1,83.5580161747445
R2,17.864502872478063,0.9218736763098553,40.3464871480755,67.74233497363788,39.275521735025805,0,53.862322838324424
R3,25.005835608988768,0.43965958806237604,34.81247489161617,42.27550967196638,36.76356407919651,1,54.90158761098069
R4,26.02958083241301,0.6132598393437754,34.46565027804371,46.21350297164046,40.37325814225131,2,80.69940285691149
R1,32.26252599983233,0.5997305732541148,55.935444849680536,52.98817932084541,57.35856364654366,0,46.59917031766136
R2,34.9856718647626,0.046333199186333385,42.97938276209524,60.02902476433323,53.97037538085047,0,80.49297471728539
R3,24.420081791104174,0.24424281298417394,48.789939963064754,52.93508059114198,61.0386946235835,1,46.64021021809832
R4,26.711376174363267,0.43231636270977514,40.07173332558945,53.32134220864326,68.7189453128415,2,78.07628672032646
R1,24.236736135831894,0.31004145660679305,56.036325760309296,68.32419794475122,59.42861899945495,2,54.92826835839185
R2,23.98870212973401,0.7353022489019887,36.63020946573491,58.131735415989326,45.47391731740315,2,55.20805577496869
R3,24.72890380076636,0.7350599400292583,42.61721856306572,46.52325994609243,44.51558227820986,0,81.97649618366476
R4,31.58100553948945,0.5575379142035309,38.29120755001284,45.551878753413526,48.76587038280874,0,49.4136993837345
R1,22.256700258614206,0.6534180545448702,40.07446898907817,46.32144190008701,44.690182754937226,1,42.15074594102774
R2,19.00348831721532,0.33263533300244064,57.28759079040437,66.67865904042598,60.511065647081054,1,70.74344031586635
R3,24.445196681552964,0.7920272482231888,45.44912982889805,42.53366831457684,59.09283555136663,0,58.753166330513906
R4,19.62252158870428,0.644356010686322,41.1715166334407,43.2799397890547,64.62809931234935,0,99.43442629821037
R1,30.169768474141534,0.9414299919951237,35.11300460549205,57.601891164613306,64.30717033687338,1,99.44884029314196
R2,27.510959238133605,0.6345143934301657,45.43814273773611,56.207311248854666,59.41578992902425,2,99.43421905137708
R3,20.603524108801984,0.49936216219428864,41.03926344473761,51.234049653284146,56.73518321104872,0,42.60329434015905
R4,33.88964374842206,0.7440760496679117,56.28087891716021,59.635227491441846,64.8080411887717,1,58.23364166380605
R1,16.163821292318175,0.9540720131023835,38.99911943028497,68.91350278719403,45.235868076809616,0,54.12437272362848
R2,24.214439390049627,0.9395420705658807,49.858673984371904,58.54743396508425,30.074913302216167,0,50.30734962468729
R3,27.324685787972502,0.4971742282840669,33.216700047788535,48.07807444282571,44.97454441449193,0,88.67982003922066
R4,24.33278576473935,0.5148179097622955,45.42713576982175,63.842805682682226,38.25855102880717,2,44.11910867456256
R1,33.01940834223405,0.4522307695987038,59.11059798596119,45.392343010564815,64.11813172579699,0,57.221459091845304
R2,27.93907501300156,0.14182071781036953,44.47860622210315,67.34577481002188,49.27519038183489,0,48.4904557182427
R3,29.55367382224354,0.40634432907783535,49.674694794022386,51.68926058949452,48.26316358250127,1,72.83701155196894
R4,31.644257183917087,0.5312444057797452,56.736312484943596,66.2011883859791,46.31423541275554,1,76.6934044071063
R1,18.334502263825204,0.6847582528836982,39.18560094939592,54.263735272947706,43.17754273532039,0,43.2866834040291
R2,17.479774855318567,0.2205828115143561,46.98549504862454,44.02036539431664,64.12104489099218,0,90.25783153817667
R3,15.016954046560366,0.26652135059071125,46.85698166207428,64.41763309418194,47.744235112333115,2,78.85013120668404
R4,16.2093991509035,0.11485843160041553,42.672265673277465,67.10555191003246,46.75789257665453,1,82.09839146805663
R1,21.51000114092746,0.16883914696131253,33.00054041852496,58.32363299094071,41.70721559541954,0,60.6709905928457
R2,26.2201946469419,0.6949198122194125,48.60614627652734,69.91777917037227,31.285848695756954,0,87.9786262753574
R3,28.353137437936557,0.811378854705595,38.046356987834,41.60593724278042,41.98288057006252,0,99.01852586581106
R4,26.154141137331585,0.05315882228943147,31.87004377946422,66.08307248661457,43.598433792102895,0,44.21932962455467
R1,19.671278272744384,0.6637256526601107,41.37143319929997,49.915942033927855,35.96023813697887,2,96.24651595605124
R2,27.110875279357263,0.402798041116466,38.63072167539845,48.88995380742544,68.49478638190928,1,41.2242921912393
R3,32.712258001938,0.7706806163198772,46.88221664302863,57.22224706260369,48.241532069305144,2,69.14177749487976
R4,16.882330198184288,0.9369034059457011,30.183526216133615,63.888719187125716,67.48364605206338,2,50.371153954197716
R1,15.761167455978873,0.349120262037525,50.767399821139094,40.18597498157725,57.38462506493207,0,54.0765386184497
R2,25.817642419234147,0.484041541105795,42.99953492005508,46.073310298177404,39.02090643370187,2,76.75871202412137
R3,23.261486223159,0.8389417998940645,53.59579223043172,61.136154764112575,47.26131929345193,1,77.45672452784612
R4,23.31108642138655,0.7136628444329266,45.77606280188011,44.1402708382857,59.461623622894045,0,54.76416822802693
R1,25.943571982555177,0.7165289591865837,53.15986411911603,62.43735108267953,52.94895208973087,2,82.49647848429248
R2,32.24929884062041,0.536266254162778,47.680056113045765,53.43748469052508,64.47079228408384,0,73.05213487579152
R3,20.15341927805863,0.7580832589670901,57.841036972214724,49.04236047271475,39.9030334747579,2,44.365970843137895
R4,34.26081617516752,0.17279267295320266,50.67187252891476,59.01452530150465,49.66431947849682,0,47.683027733675324
R1,30.98680288023091,0.29652077743109473,45.72554854935793,61.68714752596159,30.702738374589767,1,55.96483160287754
R2,27.761581731685293,0.6508417515369622,35.901134003401005,64.0709050079495,40.58638465869949,1,51.127744068487914
R3,19.25644773794319,0.6318652525535943,48.923764190748884,57.67532739089238,42.61765066184903,2,92.15771590243516
R4,16.748639386533487,0.3735814701946184,44.764715057815565,48.673085935830485,44.80294973734699,2,70.50587220061453
R1,27.9982783402389,0.142902673565367,47.513836707665035,50.93966318578264,67.25793132233368,0,70.4912647201509
R2,20.555844570088258,0.05460885272661853,43.4954738670299,42.1116841282199,42.15406435439709,2,84.17155620677586
R3,22.60222327303131,0.8180111571538702,48.47829751102127,42.86195852602927,54.803961425058716,1,64.7153170708463
R4,20.65122224054382,0.8551990219256929,39.42963221035974,45.71351146492745,61.085126838236796,0,83.47122835274087
R1,31.320538655359506,0.5343122689440197,48.07907142429365,68.97704607327708,64.56734000166098,0,48.99619766530048
R2,27.206264765843812,0.19908660238599607,57.595555395822366,53.43351267849884,43.38452055328652,2,69.32537929029579
R3,15.245664613225685,0.14716233241628662,55.81354901203904,69.10327989415958,48.95982007890752,2,44.45262076939927
R4,28.689873469696117,0.4496986621219906,47.88229584670646,66.01878774954518,30.052018476570904,1,79.96938831816021
R1,33.547146961679545,0.601518421130984,56.15269017326119,61.32581060956029,41.12430291830677,2,95.49418699928147
R2,22.53735084877411,0.7525037453905188,50.5796902550026,66.45064777666491,39.81489452708172,1,66.42363706358617
R3,34.456102466258045,0.8902364558348498,51.440909060650455,66.64758358674501,64.09277859851696,0,87.52894611114445
R4,22.74538225959777,0.2578793267081254,58.24387058679953,40.51844397732566,34.36950012143525,2,62.01450668462933
R1,34.39363009718913,0.31311812106745174,43.60648983936306,51.25544729130627,53.15206229392351,0,67.37588455603502
R2,22.03411285805499,0.10109252764682941,32.11442653060343,55.8888771902937,54.494323742154194,2,46.828790911163466
R3,15.307054117617579,0.7031041227301703,40.20786857183945,43.55216401158311,66.05342503206927,0,85.07537222875303
R4,17.739665305620747,0.10626225509759835,40.946166768331935,63.19125239937192,59.914991126112625,0,88.35880292321627
R1,34.91419917732419,0.6790551212510123,38.39778289159163,44.83058858696164,43.72712508973986,0,79.06235641770428
R2,27.585367766693743,0.5557819083706375,36.44483255011165,55.219796321112284,62.63741286711894,1,47.206525023234455
R3,30.034837663645384,0.7191079183565015,50.94227328531892,49.442412743525644,69.8940471039939,1,82.22470395961338
R4,29.446688935343765,0.6518005460853928,54.33233873944256,48.52755570559956,64.43562640696098,2,80.91692568012886
R1,28.397745255329404,0.3222610194023118,34.28061243006966,53.83453478475268,33.68392418209341,2,94.27773126576422
R2,17.260241912642652,0.5804630924144826,52.78596493391505,52.17459805339848,41.99367604705208,0,84.70048571167376
R3,26.37366261424153,0.6511603380170449,42.378877265700666,51.609808307190704,63.410855964711956,0,51.58192647130175
R4,29.175131902485937,0.9820035551416381,55.931993899026665,42.9060416169573,60.91289901980779,2,86.73726971675416
R1,29.478256695635732,0.8021678948134249,46.60299565832864,52.48536622350285,41.85577808958328,0,91.67799330941872
R2,25.979222063586462,0.13328773325317644,38.08213209985755,48.5786771462773,44.89741448298098,2,73.64505028485021
R3,26.074619910272972,0.29880932667196813,34.63259728164678,56.260102424776946,61.41227591789026,1,89.78844510115168
R4,31.93781110174864,0.652427344646655,39.850247980011474,64.51703024246893,31.888444082350972,2,69.45263091630052
R1,34.78602811332176,0.15999632297295474,42.78781817659926,44.71921953283531,64.97656071139298,0,94.19357692221952
R2,30.669907796288474,0.6645396190649943,51.492922108876584,62.94346414466688,54.96761392754378,0,91.21830943905695
R3,33.82944656477535,0.9637603610120153,42.55365081351353,52.59033193950443,30.619903587758436,2,85.33218109086638
R4,34.948423832475996,0.9551489627484968,47.640561972980855,69.52645685692703,63.075693015363576,0,42.40079211683751
R1,25.22125325586032,0.3490776428408108,58.80441156739718,66.78191847413375,39.242512500029605,2,84.03385945069246
R2,27.51907286751662,0.7909305847144843,41.65970474168997,68.37809138389684,43.59438327533326,1,67.68881742643126
R3,27.677790305569218,0.753892329255386,54.15937090946911,51.47422195393369,66.68749768537808,0,85.83890548264762
R4,25.29010556834543,0.9479345283988874,33.0157214112748,53.55836795868537,38.65747836330998,2,98.73725012667126
R1,30.539730770316766,0.2676424276559819,33.919539281904534,65.52953540726949,31.347855156230054,2,98.19310889385297
R2,31.577227179579324,0.531970786711895,43.44211265703433,52.38113892829286,48.84427044745963,0,71.6075792050827
R3,25.097155897914703,0.2575482091386472,33.95081371114525,55.627374645021625,42.16151593461012,1,81.57291861409487
R4,20.702619790527983,0.9494060809350395,37.979768268934585,58.00174503919594,59.204841122408,1,54.64379894312437
R1,17.191239588678894,0.5127275961674733,48.06388662215342,64.94504567366965,51.24226886848308,0,60.40386001468875
R2,15.737058602914033,0.6115374654304092,37.18506725624931,56.41544191058186,54.91251879590294,1,48.47742033748639
R3,22.7037178516111,0.4711765950316146,38.231120700610234,69.38573920985597,44.757072735958815,2,48.4462790031483
R4,22.675465845980863,0.10310820851654268,32.59581837625581,67.31926023126621,62.00763713851713,0,98.72619640008868
R1,15.072173118711937,0.8375402434227764,57.56224124286301,53.000267555734375,53.234380864414454,1,47.18075343036719
R2,30.28137949313145,0.21487110951650057,48.41886342608568,60.95284235390647,32.023136768764736,1,45.606923297642815
R3,27.080140170066144,0.6994327108662448,41.079074120895044,61.92913856349769,35.404403071138134,1,97.6683992666248
R4,33.47263451249717,0.8807605563992105,40.198718012444125,64.03872078181519,47.87138990328738,2,49.82346379222688
R1,30.09592626383163,0.0460551311646773,42.06668435598446,47.86658828701806,49.59083776863997,2,76.38265647498545
R2,33.77531461223588,0.07611788476849402,56.37173845522747,42.9719363632835,36.20729344924907,2,78.03299703144793
R3,15.376590839765838,0.16711912284462838,44.85415650081353,45.24784102425881,58.07622473553555,0,93.00717721178006
R4,28.57212874039834,0.9500148258008524,41.98504832595532,57.3314513753039,57.14717337594564,2,75.39679830270767
R1,28.53153035491931,0.9798385616824489,42.0610364872128,69.41267268401916,69.08901738147325,2,81.49260129871291
R2,27.921114225681798,0.9519033275654353,59.55398506721043,63.92092539120212,36.680794670514516,2,44.91959399910581
R3,22.449290394125853,0.3868780417328872,52.34848599642895,68.44843597115465,43.256211957758566,2,92.89853378308922
R4,24.34776091046563,0.8784057716933044,31.10257289315789,43.58820076559527,54.56506617027031,1,40.97312487159132
R1,17.270745056178374,0.2704322945553137,34.62586530422845,44.94265585233303,36.23935659947959,2,65.89324663614651
R2,16.53629863704221,0.8060020427776657,48.58141005716679,59.62211232905374,36.18476909580862,2,91.3378072249006
R3,29.87908546576611,0.7291416035156747,44.53023794182463,60.427131372120826,66.35505163993463,1,91.42365260189057
R4,33.65195664899345,0.4924422980809875,51.51107487694485,62.04536626004602,68.72036204571663,0,72.50143541451826
R1,22.27830232833501,0.7807887912404143,44.15444559665066,60.630585691535735,32.09510255717928,2,82.58476189049779
R2,23.342293405661277,0.9307239403840256,39.51408174704805,46.858308490321114,56.12576881425344,2,49.476718488925314
R3,17.754717058119954,0.6633141799063553,30.1816268810093,57.81574514783922,41.57437583024595,0,85.91620176543164
R4,34.58258677859398,0.2408538727632018,34.72849324242728,41.92777435334224,45.273042744446,2,61.563901009492525
R1,15.03618296472146,0.5737129114844022,36.27007196877923,41.30687632974134,64.67489641260529,2,99.95346741067016
R2,34.53702395825313,0.4320185022394466,32.18927249699432,59.1529169393871,44.66395430483991,1,54.86148329787993
R3,25.381558223193625,0.05781764796398747,33.09317125834119,61.06569791981653,46.96489459153306,2,51.810053343897295
R4,32.19397434677215,0.03678362317274286,33.94590913827268,59.68277239134918,66.98848804388689,0,40.788089066086016
R1,31.28711350871622,0.5065353497146378,45.7231934212602,41.26220763406343,33.37136961782345,0,74.07306482091778
R2,33.304270493686765,0.3730474013426035,56.903862653445245,54.53091680336599,46.06399590373539,2,55.04563973176063
R3,17.763669576485142,0.8841535283949685,46.371583615921466,68.6410941069662,36.27984992920199,0,93.03213953588879
R4,28.274996280081844,0.5274126550452377,36.19565030536303,41.52517681425625,62.01740111139259,1,53.53999921957828
R1,24.94317895546908,0.675026767831958,49.59233908495544,53.2333525945521,46.95179389834729,0,49.59511734604638
R2,22.0973415841138,0.6207800509211946,55.29866712111685,40.144692278884065,63.02087660851891,0,44.819218986479655
R3,28.738598372162507,0.8794704020816608,47.132427991156376,53.86709588087498,65.2216294292183,2,70.1483556144884
R4,34.593511472820474,0.2538772051543692,55.80389142483301,58.97449670705686,63.26266938356803,2,58.61951361250297
R1,16.00676871847749,0.22729482219167574,56.14521017379336,42.04392394042148,54.803163343683174,2,71.3089353098647
R2,30.088918594677637,0.09614608510633671,37.68457964632782,57.90209317277912,65.89951167057417,2,96.02484610882355
R3,22.11828284102282,0.044854521895242416,46.82162934333759,45.739675822760475,56.53773819613112,2,77.7354494264817
R4,16.36687503702088,0.06631831055680315,52.131976534262606,44.2902130108588,44.05513313352529,0,90.27041747713648
R1,27.76795175567814,0.187471981215648,54.32778084059797,60.140040205521686,57.528363736993875,2,55.042705470521504
R2,31.298809089241622,0.2561939443984147,40.57741597257612,60.262607709686655,55.74805505598242,1,97.41400860703442
R3,15.910082494569762,0.6190391254237496,30.538778996377285,56.823956304393384,66.71612258904831,0,76.5789596079227
R4,32.82469587274619,0.11568504222793541,39.27966418461704,40.17063406835198,32.547711932289324,2,82.48997232963967
R1,22.170714811145633,0.7472777440477946,44.0973237995674,59.7492496923724,52.24841704816772,2,62.983138002318555
R2,22.26075226409003,0.0863302066850703,40.46816470332042,61.78503985330082,33.32360005234535,2,53.36451787150966
R3,32.147041581342435,0.07283698938486682,42.974406823495585,46.34498815924033,51.61194539240535,2,72.89484726039086
R4,25.988395860126452,0.02525160824765238,42.173808500145796,44.15287250950516,48.119668403329555,1,66.36200685828088
R1,22.059408518141762,0.9724945726127493,32.284359797750106,57.47918655766418,38.0039531744872,1,98.63526362252276
R2,32.7349420907278,0.11828140795984754,41.9532846532647,55.43718523466088,54.45064437110739,0,67.4473995352047
R3,16.543748470405163,0.2827749961719589,33.402931288735516,52.22156395865417,32.65255094978011,1,51.02937274747929
R4,20.477196864013152,0.8053185382478192,37.56268494834008,67.24509466010659,56.2006327061691,0,42.72783535302768
R1,25.148606084512338,0.36945085962151414,38.701134882927285,49.94492300042299,32.22136398329316,2,40.71780659791988
R2,28.945567351360474,0.3320679149057122,56.452859133030984,46.18203291915083,64.00607992300401,0,76.49716037896326
R3,22.53696921498838,0.045900201124916995,31.13329660108666,44.886548878220694,63.742057489330335,1,73.2662110672319
R4,32.413454753604746,0.9301344540974379,41.73599716582662,41.26146715472624,53.70231366901501,1,86.40210131571351
R1,33.372440718070536,0.41893847839712517,51.71626649837212,67.54990744566277,45.72297936683529,2,44.19034949334466
R2,16.766570372717375,0.596137817441907,59.47605253034908,61.220191855987814,59.838737525474066,1,91.72614897622597
R3,27.6635199728669,0.7911347113671633,32.05556038675438,58.25969234353836,59.82455937978149,1,82.74151686738857
R4,25.36886854796425,0.2448495471879183,31.323493282312178,45.140331263238615,51.355573601663906,0,47.18922078216267
R1,17.640452447855935,0.9469175804399406,34.53417864402215,60.08855167274215,58.209488669961466,1,71.52052035054305
R2,24.555712439923767,0.634925037390738,40.55701808874667,46.945558797441734,67.03320079211784,1,85.73402544148443
R3,25.856315887174844,0.9547057845308798,54.474211583105046,47.038034681863,48.201578092518815,1,54.34243494557762
R4,30.920888837893514,0.021965883946183484,45.66744065228752,54.795245645520275,40.069969785594296,1,56.414021518984754
R1,15.580815167604838,0.33677486775970744,46.869983174661,51.228614465681,43.636236417317704,0,74.35670735504404
R2,28.387514939133112,0.23369904105412076,58.09565686306538,44.628804666578844,38.44749553046556,2,55.93648818786578
R3,24.63281010058997,0.1959294992846905,32.016709963433506,53.86322162419387,31.42968973724374,0,42.33087624189067
R4,17.56899522669282,0.3627741948840223,34.144164132885166,68.93422402004504,36.600194832732555,1,72.04015870870248
R1,34.93906322098992,0.20006260714399204,33.183515261865345,56.312823082524176,52.98824878283725,0,96.96896902981419
R2,24.99399781174772,0.0341823880938964,31.686094524175246,46.43114898310943,47.19046860870653,0,55.10407955875512
R3,34.25442603356585,0.8734770571924487,55.96340018637512,41.53810806234613,57.354764227432376,1,94.58617095298898
R4,33.84520115710161,0.22728114679546974,36.59402931824904,47.585240273610985,59.69012988978419,2,58.01493202917432
R1,27.921956083093626,0.45951309986313793,33.98985107984333,64.07935167583776,30.93314477080678,2,54.13642799938738
R2,30.864194150541476,0.41992651699137407,47.99246358011703,52.208434400855694,56.60612094310238,1,53.600417103646414
R3,15.768201055043235,0.14588349426708858,31.663964303393893,54.26095457270334,65.06529032689437,1,42.81039232114368
R4,28.376304891709843,0.24902787322566966,41.4897383355882,56.82608580245375,57.695827387217136,1,83.85811705173543
R1,29.34699937329583,0.2587673509334457,41.87736951343747,64.98251899174494,41.791776534547544,2,79.67398782355161
R2,31.980265225318302,0.3855433456350398,31.691534702982693,61.989033738178705,49.49625436353837,0,86.6930624779122
R3,21.290662861674676,0.4359686070159934,49.22764863256034,42.411199010874064,31.394996516721513,2,67.23568964912654
R4,25.51391921651227,0.7811214739508576,35.776948870932586,50.839580135117586,48.74690557930644,2,59.08238198632387
R1,34.529137560222054,0.9306518244038509,45.20745621453934,64.64554569202002,69.96399431377907,2,52.1809466389172
R2,16.996767870538726,0.2654122241469502,45.74673266870554,47.547400438025946,31.288316036651867,1,57.26176639936915
R3,34.38939379884401,0.2645824087291815,58.65505336710396,50.2694551169236,58.696129617563095,1,92.6095914285059
R4,19.62789782554328,0.33125871935636153,50.06374006249065,40.359177601507476,45.35566049206781,2,56.82659179538061
R1,16.228949700952526,0.6154106158958926,43.879145163275965,40.810637647931905,42.282845590183435,1,41.66209670856727
R2,27.75895426883857,0.40953845940950495,46.353979056943544,56.917851855291794,61.542672599883986,1,58.46786842868606
R3,17.700238743985302,0.09278751416669961,45.05754314245744,57.29180972305742,68.78017396940305,2,71.11418035027444
R4,16.906293261668704,0.8952414976488188,56.259002891727405,55.58611056992446,57.802283917633474,0,57.76615045886034
R1,30.01028315211049,0.5034965369032397,45.96571696829152,42.12281617825226,69.48424278103525,2,65.49041962429106
R2,27.745005436646366,0.8674499673582081,33.244362880583765,68.55223435750888,52.69767898869011,0,43.99311525825608
R3,15.605797034340828,0.312719317024875,58.43151296585519,46.33421841448522,47.720859438977435,1,49.81061965159817
R4,15.289890479160528,0.523803028112356,37.33419558271511,69.16019645436162,38.33601063736375,2,75.20191701963724
R1,17.52613815551615,0.47621189683429277,59.88859084854351,57.38563704569527,63.46499842005961,1,70.2114134673466
R2,15.149808018120368,0.2685950702191008,52.403825094778725,59.976506422258645,52.24851143455629,2,85.50380443750579
R3,20.409778169914947,0.034176541531586224,31.682372501037097,69.84628897069136,52.82729704471531,2,48.66363138026344
R4,26.03450027398455,0.5624116889685935,44.53508122403001,41.771156174410656,53.07637361839425,1,79.82920865311382
R1,17.87168398666519,0.987914871798564,49.665581238719156,43.86749095248472,52.246899897970074,2,56.65772504736242
R2,34.56953207985319,0.6076218838223721,57.0055960528593,47.920853631439854,59.234122884436744,0,55.82535018804834
R3,27.569089824659525,0.6781204231365574,55.08309159529365,42.941517180464764,56.19504939177715,1,42.685066526026745
R4,34.37885199915786,0.3078487456514164,44.60629283969718,47.53816854020984,43.26514741740235,0,41.207248242035114
R1,31.450596793440667,0.9760546784540811,36.5515081713442,59.83305290059992,61.858484718075964,0,86.08564678010906
R2,31.390629448972323,0.3054782260259511,53.87880877021722,56.90964973172484,41.081198993305144,1,51.40384805281529
R3,24.216913486823394,0.6228662000381543,36.95154864489519,66.20636963755382,41.68511709789426,2,76.89253870628274
R4,26.48848538563867,0.31658465291144144,47.684913691893755,64.96948571193245,44.44185516157802,2,94.59219509836701
R1,20.224770161298473,0.877582097390057,30.57019815514336,67.93921486622354,46.71237861440325,1,70.46096355625028
R2,34.992624002138584,0.6794142734933714,34.58447587858464,59.180146054472104,63.363328605275385,1,44.90563825317586
R3,17.591018020120323,0.3151842356635629,43.87957730222721,49.652628144034225,67.18752438356256,0,65.05533483858689
R4,24.585222313315487,0.18842826143035218,56.51212544301904,64.64267101818974,49.01486423445938,2,91.07349734941559
R1,22.110348542684484,0.6493235462527371,52.51869625812963,48.31750895843131,53.55749192122654,0,53.532633306013324
R2,16.04128978493893,0.9010799982474422,56.080350342225714,55.988964634636666,55.32083912272989,0,90.20938038420209
R3,30.359330904215028,0.44174787338513266,43.51016370933684,46.517553874650694,51.87752702245561,1,55.05743725212295
R4,26.580631611839255,0.612128971792352,44.15370361101446,48.381245693366864,36.07840186242624,1,52.1518811597585
R1,15.246128611061287,0.7845237583444875,36.93275258249465,55.26692636855509,46.34032419493964,0,66.47187310251482
R2,34.37539531065427,0.530305405267931,30.478467777118972,40.105120328708544,42.441367339848064,0,64.61010802235491
R3,34.4237683066199,0.527116091514749,50.80940291102849,61.59578641259424,39.082044097027186,2,62.064286922401905
R4,21.325663661217465,0.20839570847766864,59.95204869448777,52.91689275884339,36.71767442381588,2,86.70168285755435
R1,23.0410307003085,0.2505885352064563,45.29022616225607,65.9130348205228,34.6002850622975,2,91.52465977126414
R2,30.504996115134542,0.9833109193816638,47.8633490627474,56.37264983131034,65.4974422419367,0,57.96606796398383
R3,16.522093730287132,0.17697342764898438,35.05011669718413,57.30875205072746,66.70523547244076,1,93.37811199964588
R4,21.49817587565642,0.6342652366705918,42.18650657336581,60.189614864556795,63.112077240251494,1,49.260515742547
R1,28.580969472347686,0.4667073939886397,39.386243407016764,56.283231143927075,34.250642964124346,1,91.36250701801882
R2,15.85516267463339,0.8607848155583617,57.3033461476961,55.38463510460119,49.120818108265404,2,77.87711172727091
R3,15.342221755496428,0.5786721655654002,34.399657285592696,47.425864136162105,32.40225187390784,0,90.21003045798665
R4,19.66291649533565,0.28472795280438135,45.530726723595976,53.573985525220806,66.57027843930857,1,95.79271235286342
R1,20.029793652841846,0.38125070387735605,34.197511586263616,66.0844407336921,42.20384458281788,0,93.65414023697483
R2,28.95422209104386,0.3130193938969821,43.69352660211234,56.086649722184205,36.14161443851725,2,96.74691559376416
R3,21.398146477888677,0.7086280556952278,46.43793756422176,53.64290013526626,55.389545056951185,0,68.79431000238338
R4,30.235473569109033,0.7840807769394504,49.13320784589979,54.87125754905072,30.123839292629235,0,95.64350921060998
R1,21.149224165022602,0.8355617014982835,43.94726088198136,63.796228974557756,56.45748131401088,1,70.43475450801377
R2,22.819033599572236,0.8073969610098206,30.550223154506472,63.94395084520588,42.64055416324353,2,75.75298159517901
R3,30.970547428000362,0.2407312066638796,33.32132248314139,53.35854818258072,42.51209647158883,2,77.11117614098515
R4,16.30674636753363,0.10196361489667327,53.449612544552004,49.71725735925416,35.50709861927038,2,51.092992363907015
R1,27.288705316267787,0.995156882663665,57.89365075711979,56.20448693590721,35.68908094212891,2,85.34734864527677
R2,30.267627791232815,0.019881456436874334,58.103073742199044,46.11816044517338,45.55913628373516,1,71.53334103025092
R3,18.72680654954351,0.7646798592401459,50.686920421206636,45.40626439557121,57.282930601447056,2,71.36115936915961
R4,31.230950130668397,0.8148816929403475,49.01977263658403,61.75463891856674,68.40731347905495,1,51.35616752754399
R1,27.456573578219462,0.4729114982600644,46.940802194591114,48.08225716603902,34.075473548672015,0,55.32035101436333
R2,29.258461299920853,0.9772519076769569,51.09207383877261,41.81058139394609,66.87931961943269,1,42.39211976356003
R3,16.602755278367788,0.0872128579823499,38.81163763514271,58.88517279625387,53.6031718613364,0,94.11021700774734
R4,34.50167084560025,0.9602117595237111,38.55596758165093,62.854698952372345,59.98748508237822,0,54.007534773458005
R1,19.055247797659785,0.041231004484202916,49.215879172653686,44.66846122279125,35.50572409627818,2,66.27660776221383
R2,31.928727568654153,0.20239786158249662,45.74204256441361,41.33500473083402,36.109529429808845,0,74.78095583134923
R3,26.07286250736204,0.12020038836115676,59.91184486576874,62.16985278165234,67.08289446702904,2,41.12980847425672
R4,29.538716438993077,0.35853381764861014,51.263166919202305,64.25612636968545,57.797068105987265,2,75.88848394039948
R1,18.023280306785548,0.10347096636494124,40.068794942905605,64.8078520279193,59.65930428883621,0,74.15821041878567
R2,25.584331984436226,0.035672378625769774,45.62246679513706,62.01873729066036,61.07321141245883,1,69.0715961700722
R3,30.273136081194313,0.3941722290739478,57.31787005130304,67.88963820945273,43.231780920562144,2,79.78135736055377
R4,32.2182096524291,0.5591366243479171,32.87269919785397,69.8995242442018,63.70951356627198,2,65.22792514125838
R1,21.38623593294814,0.23566053656674912,46.62934073662571,53.338870371424825,32.503176539295794,1,79.72906814783303
R2,21.35529177749614,0.9358892405525391,53.726986372758866,43.64062826775826,58.36488518572943,1,77.85638300853392
R3,30.819761026457826,0.6330937037754808,56.25214731550084,42.68033740485286,30.569720295438746,2,93.517827923256
R4,21.537886250433356,0.8043077468229244,39.63041554116476,63.17778524106932,55.534474977929904,0,51.7723634607471
R1,28.86937534514302,0.4262098153262287,37.933503858924425,41.91336962555576,57.38064337105116,0,58.006228776448125
R2,22.732970640943297,0.34597877314795644,36.91313326491009,46.62065714289864,67.07428307114557,2,83.37532604830369
R3,29.72231477845822,0.8367241970793396,58.60245364475699,67.16050402770804,66.91097931533089,1,50.18180684237795
R4,21.53378555748234,0.47518837901171196,47.901421005326796,54.091267664283116,64.64570685747591,1,54.440151033224694
R1,23.98609129740178,0.3711149882632109,53.763974463127646,58.75232865946454,48.76596987481108,1,47.67757608509632
R2,22.41022072381694,0.6932509039812277,49.77006726148612,51.39737381045614,49.0360645311214,2,75.74311039016706
R3,34.04455824149218,0.5924977637428254,30.05387186144345,63.4064443458019,66.07941209697441,2,45.999499980688036
R4,15.496284482199043,0.95208669966352,37.704173277419144,52.01148499079653,47.18304062601764,1,88.98493071536981
R1,25.695092514857315,0.6161326208705857,38.50349105908663,50.24457778181917,59.69456337700033,2,92.458095573468
R2,22.678281960490345,0.10854362483575619,55.31584997797583,52.2996941681348,50.37126825864229,0,89.10716117102069
R3,16.817610178996954,0.31688650694175846,42.232462882250076,55.92267439078489,61.30035098061232,0,80.77065628074939
R4,20.656938947971888,0.4863526590509948,31.32144346360373,53.46814593833744,52.430662617555996,2,86.31943669858117
R1,22.64118951425014,0.4170973498270626,37.3349632373087,40.041922862452914,42.60433764504667,1,70.80747848781205
R2,23.41496200821333,0.7093794461126826,57.47902930049805,55.82540407002824,42.772181496728194,0,54.033902745006486
R3,28.87386916939684,0.8476364154730914,32.49137524361034,61.31891730088165,66.4482353314429,0,63.135951877487656
R4,28.200226768470593,0.33007662580407193,52.50971065380369,54.98829009012212,42.04937912637813,1,82.74509512172943
R1,15.84452666277327,0.6146326214495291,39.38142870830459,58.62896299015192,69.58915149506595,1,96.25025786116345
R2,32.36139737466133,0.108213698479251,43.760131945104504,57.16850891894788,65.91548524821374,2,89.78777379841532
R3,30.029492900591077,0.9641501565617125,32.5090562425908,60.9079688285956,52.42170164492636,2,99.07328901643257
R4,17.4706838679504,0.5071891817264382,55.68472138382094,55.98348383652268,65.66108242847542,0,49.51827786388355
R1,30.358996156308496,0.8636357652847592,34.567488550227296,52.1240179468758,31.099733838489428,0,48.3003635573076
R2,17.621973357017158,0.6683714694335039,59.68245843719094,44.75948337461853,32.46283822368852,0,60.757056778337684
R3,23.364267156186926,0.7619962221412524,41.14030921943769,64.02886749069263,47.2437613982935,1,51.466555098959574
R4,28.63519298100061,0.8340979760595575,56.72657670040209,51.04365684669675,33.12927325858225,2,48.32107019898567
R1,27.962405381036508,0.4801944943013604,36.73608149134714,56.0331337671075,52.52351347741516,1,82.74557220607883
R2,27.14374201334729,0.2617924025309022,31.349009241582802,49.80435958683481,30.07077845820121,0,78.04678247168738
R3,26.58255409682513,0.35678541302208955,52.63378736187249,42.585860938779,35.4292680028994,1,71.47951075268296
R4,29.364325643839006,0.2626922459384823,37.051454571013586,49.484160100088204,40.592079820278734,1,61.827270866225994
R1,21.100253537942525,0.9958519896488905,44.74403482478972,67.98979710160262,67.21128085529236,2,82.09163967357685
R2,27.974748686063613,0.8477870245579628,32.71775401825519,60.42562032841995,54.86685601349621,0,98.1409875086529
R3,25.822416548725258,0.23878898472062027,55.47923467143802,43.93054797647754,53.4072145896202,2,56.46579920901499
R4,27.88165373927123,0.45291567239082764,47.19866999531958,61.82493797849831,46.96842732299361,1,95.68950864884131
R1,34.47788859641509,0.8303608738816407,59.34140499623731,58.76421402572771,33.931828097011675,2,72.78623903835398
R2,22.25375543131998,0.9507055068875141,42.206960389578214,68.31560616023901,39.749556648649275,1,69.21143750468666
R3,22.45308947725311,0.9444281720849139,39.47199674975285,42.45841142447703,39.02574678326957,2,61.77630589953628
R4,30.459949450756735,0.21527338440896493,40.35383574769986,42.69452977045591,42.5851534281654,0,86.61113969515127
R1,31.022698466938074,0.503925496073669,59.22793561208743,53.01832833911124,43.85951257047756,1,57.5065043805445
R2,34.1448547749187,0.6818485844062099,59.746296926546464,58.54597049627229,47.33412606728827,1,92.29471103216163
R3,32.22292405007576,0.46529049299920155,53.34383723211664,67.00047663273526,40.314315483513276,2,93.82491176751381
R4,16.62202811030788,0.6864308228358167,33.66618483438334,56.864606767243416,59.22199655710572,0,75.94182093922214
R1,28.146911641419702,0.0991172929629962,43.94583752482448,63.19178268073364,40.56004026982294,2,97.91115057382282
R2,18.91550869356139,0.0704564007926608,42.00804368698641,63.257482670693996,42.0851146349314,1,65.93864016493981
R3,24.35372822925484,0.7316208002725271,44.19774182738371,54.42163644980617,51.457022750617725,2,54.65751112929207
R4,32.51499363831056,0.4308633764668277,52.65232571210768,47.228135886049586,54.52331053782906,2,53.39672564564266
R1,22.767703686976112,0.3930360354415502,34.615861681018714,67.94250713737205,61.15925082559245,1,93.61053350424339
R2,32.18374618095532,0.8671496978765566,52.53370346423809,60.33694716427142,54.14519980134765,0,71.34683526185806
R3,20.310178837031433,0.16573390660742637,48.46357461307958,50.63804322705222,44.25250797621575,0,86.49110516446609
R4,25.443642954040218,0.10985699998851328,40.44383494032763,49.66019620695094,52.447856502133504,1,90.37372412523942
R1,16.33191508437117,0.3812727566117482,31.455815950403093,53.15405041132617,56.59286744792924,1,71.24338948759886
R2,27.61445521772105,0.6437859327653741,44.38402541839311,41.05614315816038,57.59282265165585,2,75.90700790809264
R3,27.763234624685047,0.3602299979638467,47.87388108286646,56.051840103489894,31.31819106572634,1,69.58901438993567
R4,24.136228792528254,0.22170796492414913,36.6308313067622,59.89486238944234,63.43048886583081,0,84.93124155130651
R1,18.49599564721801,0.7686622278394295,59.62766816762876,69.591736961079,44.328326499851485,1,70.01685105442715
R2,34.70043144329515,0.7890382168153073,38.10140261913281,62.73077521837784,40.34018424107066,1,92.43978556570454
R3,31.385387730578984,0.34576576677252613,53.50784885163759,59.68047699757672,56.36715893417062,1,55.15370162684805
R4,19.852590208443463,0.28363976044413586,47.278554538762776,47.10867164783269,40.61689058079277,0,57.62345394603597
R1,33.76047381518072,0.5033127125901052,54.902597982222815,61.20836597821705,35.99426213269403,2,55.87295214616123
R2,18.096450932779558,0.4939938443452354,57.15426224796881,51.66678206307419,60.59648127094325,1,64.8062197680225
R3,24.528410505636177,0.15089779825174077,47.45394472880915,66.3071656083627,59.175170673570875,0,42.126980828176904
R4,30.0264143264278,0.7102129202000117,53.04538856097587,61.73249396463562,60.939148722973655,2,67.63487795170273
R1,24.862200452369564,0.44679907157079146,31.667578008490647,51.34554929715787,60.054507221028786,0,45.52299751262749
R2,31.22925261528595,0.13784948977983547,58.30457602017627,68.24719392276691,43.9654369668401,1,50.653963106980285
R3,19.121157445261083,0.7218914329373868,53.661261012545395,48.62681920773116,64.65043922258465,0,79.80710757221536
R4,32.296438035335484,0.8837807694772564,35.105409749716436,59.060878268731656,37.98162797018967,0,62.74603506406801
